step,arm,split,module_mode,scene,frame,index,image_index,valid_count,valid_mae,valid_bias,valid_pred_std,valid_gt_std,valid_std_ratio,valid_span_ratio,valid_below_min_fraction,valid_above_max_fraction,foreground_count,foreground_mae,foreground_bias,foreground_pred_std,foreground_gt_std,foreground_std_ratio,foreground_span_ratio,foreground_below_min_fraction,foreground_above_max_fraction,background_count,background_mae,background_bias,background_pred_std,background_gt_std,background_std_ratio,background_span_ratio,background_below_min_fraction,background_above_max_fraction,local_slope,local_contrast_ratio,local_correlation,local_difference_mae,local_gt_rms,local_pred_rms,local_pair_count,sigmoid_derivative_mean,sigmoid_extreme_fraction,native_loss
0,D0,train,train,scene_0000,128,128,0,199291,0.0019101175712421536,-0.00017515274521429092,0.04983876273036003,0.05072623863816261,0.982504598574062,0.99402348767053,0.0,0.0,97957,0.0018345427233725786,-0.0004080461512785405,0.043639831244945526,0.04420310631394386,0.9872571157104257,0.9969699642632197,0.0,0.0,101334,0.0019831738900393248,4.9979411414824426e-05,0.052469320595264435,0.05377337336540222,0.9757490986984124,0.9958924173016275,0.0,0.0,0.7659206823486099,0.9269646000739353,0.8251162196186771,0.0013063499936833978,0.008893096819519997,0.00824358593672514,4096,0.2438516765832901,0.0,0.5471495985984802
0,D0,train,train,scene_0006,128,1664,0,200073,0.0018496711272746325,-0.0004723304882645607,0.06372245401144028,0.06395228207111359,0.9964062570993519,0.9944966965712279,0.0,0.0,62719,0.0029492578469216824,-0.0007841666811145842,0.05397443100810051,0.05385834351181984,1.0021554227016878,0.9909237959279783,0.0,0.0,137354,0.001347574288956821,-0.0003299388336017728,0.05232429876923561,0.0529913492500782,0.9874120872504184,0.987699092244848,0.0,0.0,0.6175548885846734,1.1774884600547177,0.5249867176019407,0.002156961476430297,0.008401311933994293,0.009892447851598263,4096,0.24204128980636597,0.0,0.6106597781181335
0,D0,train,train,scene_0013,128,3456,0,200704,0.002080730628222227,-2.5342731532873586e-05,0.06899235397577286,0.0688348039984703,1.0022888127538803,0.9977459553759029,0.0,0.0,89703,0.0031046944204717875,-0.00038132088957354426,0.047260552644729614,0.04699346423149109,1.0056835225409824,0.9986305124660871,0.0,0.0,111001,0.0012532371329143643,0.00026233322569169104,0.050843384116888046,0.05120379477739334,0.9929612509761793,0.9940771380167653,0.0,0.0,0.7709486798577994,1.1078599962930307,0.6953009807096833,0.0018728780560195446,0.00777825340628624,0.008617215789854527,4096,0.2376280426979065,0.0,0.6794101595878601
0,D0,train,train,scene_0019,128,4992,0,200704,0.001724730827845633,-0.00019597030768636614,0.05603909119963646,0.055892203003168106,1.0026280623875217,1.0030284316046696,0.0,0.0,58792,0.003359090769663453,-0.001280751544982195,0.04443421587347984,0.04431021586060524,1.0027984520153252,0.9998841226567232,0.0,0.0,141912,0.0010476401075720787,0.00025343819288536906,0.05199946090579033,0.05229644477367401,0.9943211461282129,0.9994179423379742,0.0,0.0,0.44061176769396926,0.8052066808802814,0.5470966615243803,0.0022441542241722345,0.011479240842163563,0.009243161417543888,4096,0.24315088987350464,0.0,0.573624312877655
0,D0,train,train,scene_0026,128,6784,0,200606,0.0016340408474206924,-0.0005065575242042542,0.05428134277462959,0.05439907684922218,0.9978357339607267,0.9980014915184352,0.0,0.0,73365,0.0020465650595724583,-0.0007621520198881626,0.040074460208415985,0.03955148905515671,1.0132225401812298,1.0061724448717178,0.0,0.0,127241,0.0013961863005533814,-0.0003591860586311668,0.05355484411120415,0.05409681051969528,0.9899815459860832,0.9899622679290643,0.0,0.0,0.8502879726346065,0.9902098402200638,0.8572079369919855,0.001395947765558958,0.00924619846045971,0.009155676700174809,4096,0.24413801729679108,0.0,0.585644006729126
0,D0,train,train,scene_0033,128,8576,0,199769,0.0021637340541929007,-7.048700354062021e-05,0.06779144704341888,0.06836948543787003,0.9915453745080994,1.0009133461276192,0.0,0.0,68040,0.0029201291035860777,-0.0001627116434974596,0.06258748471736908,0.06265620142221451,0.998903273685834,0.9884690433666173,0.0,0.0,131729,0.0017730448162183166,-2.2851594621897675e-05,0.055986907333135605,0.05706477537751198,0.981111499392651,0.9975301326948317,0.0,0.0,0.6069724699549033,1.2024358371512178,0.5034364642451656,0.002527839271351695,0.010004051961004734,0.01202923059463501,4096,0.24153903126716614,0.0,0.5778198838233948
0,D0,train,train,scene_0039,128,10112,0,200702,0.001738628838211298,0.00020578176190610975,0.055774785578250885,0.0558958500623703,0.997834106038564,1.0051936414559073,0.0,0.0,79754,0.002594761783257127,0.00018672893929760903,0.05063064768910408,0.05079520866274834,0.9967603051945932,1.0021664132870955,0.0,0.0,120948,0.001174088683910668,0.00021834534709341824,0.05104410648345947,0.051167383790016174,0.9975907053004193,0.9972243020338244,0.0,0.0,0.7801814999789354,0.9408934730943533,0.8291836624855179,0.0019271279452368617,0.010834875516593456,0.010194463655352592,4096,0.2423471361398697,0.0,0.45922067761421204
0,D0,train,train,scene_0046,128,11904,0,200574,0.001537717180326581,-1.9039709513890557e-05,0.05253611132502556,0.053314391523599625,0.9854020616885487,0.9927734175591821,0.0,0.0,61885,0.0024483748711645603,-1.0504918463993818e-05,0.028931908309459686,0.02987593784928322,0.9684016768080744,0.9855379447046335,0.0,0.0,138689,0.001131368917413056,-2.2847998479846865e-05,0.05425198748707771,0.05511162057518959,0.9844019631587667,0.9940077604446269,0.0,0.0,0.6893862685419081,0.9264392022732455,0.7441369145257529,0.0014486969448626041,0.00677051255479455,0.006272468250244856,4096,0.24400392174720764,0.0,0.5950137972831726
0,D0,train,train,scene_0052,128,13440,0,200635,0.0018039719434455037,-0.0007072825101204216,0.05303316190838814,0.053535621613264084,0.9906144789257204,0.9951705511793352,0.0,0.0,91160,0.002319993684068322,-0.0010753509122878313,0.03188004344701767,0.03297131881117821,0.966902283453989,0.9740538190108129,0.0,0.0,109475,0.0013742800801992416,-0.0004007914394605905,0.05466321110725403,0.05531821399927139,0.9881593629898103,0.9920901490510626,0.0,0.0,0.6018930195536774,0.7990929726406464,0.7508109138564816,0.001259590731933713,0.006577382795512676,0.005255940370261669,4096,0.24306021630764008,0.0,0.540127694606781
0,D0,train,train,scene_0059,128,15232,0,199735,0.00222457991912961,-0.0003294798079878092,0.06677894294261932,0.06833288073539734,0.9772592963145332,0.9915627690056386,0.0,0.0,85876,0.0021473634988069534,-0.00035709928488358855,0.04993473365902901,0.05037938058376312,0.9911740295418118,0.9792107020660155,0.0,0.0,113859,0.0022828190121799707,-0.0003086483629886061,0.05937682092189789,0.06215624138712883,0.9552833246798206,0.9888066635725398,0.0,0.0,0.7759727619796084,0.9284681015895215,0.8349167541084462,0.0015585348010063171,0.009780775755643845,0.009081138297915459,4096,0.24069850146770477,0.0,0.5406793355941772
0,D0,train,train,scene_0066,128,17024,0,200531,0.0015762345865368843,0.00010984634718624875,0.04652264341711998,0.04653300344944,0.9997773616239648,1.0000079194978873,0.0,0.0,53207,0.0028052127454429865,-0.00016466868692077696,0.038387030363082886,0.03818947449326515,1.0051730449931322,1.015265276692904,0.0,0.0,147324,0.0011323810322210193,0.00020898922230117023,0.047446127980947495,0.047568727284669876,0.9974226911098819,0.9944084681340233,0.0,0.0,0.5404757787546307,0.8467937451562473,0.6331012693555362,0.0019925152882933617,0.009781885892152786,0.008283239789307117,4096,0.24480469524860382,0.0,0.606839656829834
0,D0,train,train,scene_0072,128,18560,0,200356,0.0018768965965136886,5.318709372659214e-05,0.05541461706161499,0.05605534091591835,0.9885697982773054,0.9905745556602521,0.0,0.0,66762,0.002830896060913801,-3.85916828236077e-05,0.0407201386988163,0.04116056486964226,0.9892998025605136,1.0025465986346935,0.0,0.0,133594,0.0014001465169712901,9.905243496177718e-05,0.053097717463970184,0.05397564545273781,0.9837347384842974,0.9958953185652378,0.0,0.0,0.8204783021905432,0.9606846740248703,0.8535835942901614,0.00216650846414268,0.011699389666318893,0.011239424347877502,4096,0.2438332438468933,0.0,0.59874027967453
0,D0,train,train,scene_0079,128,20352,0,200683,0.001692367484793067,0.0002335279859835282,0.06019514426589012,0.06036735698580742,0.9971472542692603,0.9890893679255744,0.0,0.0,98725,0.0017967320745810866,-2.05855758395046e-05,0.038714949041604996,0.039067342877388,0.9909798361027781,0.9868799511532651,0.0,0.0,101958,0.0015913124661892653,0.00047958383220247924,0.05672008544206619,0.05715063586831093,0.9924663930732665,0.9921333487376492,0.0,0.0,0.7660729253476443,1.0426532399160324,0.7345648185578858,0.001137558720074594,0.005860729143023491,0.006110708229243755,4096,0.2404676079750061,0.0,0.5524994730949402
0,D0,train,train,scene_0085,128,21888,0,200633,0.002129120985046029,7.57534071453847e-05,0.04998651146888733,0.050385165959596634,0.992087859926293,0.9993340534057741,0.0,0.0,90883,0.002631142968311906,-0.00018315915076527745,0.03747858107089996,0.038099657744169235,0.9836986285430787,0.9811869737323872,0.0,0.0,109750,0.001713401172310114,0.0002901566622313112,0.052547551691532135,0.053024355322122574,0.9910078372911116,0.9951675937605214,0.0,0.0,0.7266945908836923,0.9306909278456255,0.7807010445308674,0.001593244494870305,0.008934836834669113,0.008315571583807468,4096,0.24283400177955627,0.0,0.6232005953788757
0,D0,train,train,scene_0092,128,23680,0,200680,0.0017485212301835418,0.00012171767593827099,0.051954250782728195,0.05243854597210884,0.990764519107028,0.9952661673165613,0.0,0.0,55656,0.003177361097186804,0.0005664660129696131,0.0370183140039444,0.037250760942697525,0.9937599411966188,1.0030035234362733,0.0,0.0,145024,0.0012001738650724292,-4.8963855078909546e-05,0.05232902243733406,0.05279667675495148,0.9911423531487035,0.9937156838688976,0.0,0.0,0.6374708917786224,0.932969073783657,0.6820801808949797,0.002414217684417963,0.009336077608168125,0.008710271678864956,4096,0.24457629024982452,0.0,0.6684136390686035
0,D0,train,train,scene_0099,128,25472,0,200699,0.002011359203606844,8.361597429029644e-05,0.055329330265522,0.05544103682041168,0.9979851286827206,1.005494930865473,0.0,0.0,77958,0.002792260842397809,-0.00026376103051006794,0.04314449429512024,0.0436473973095417,0.9884780526349615,1.0053646202272193,0.0,0.0,122741,0.0015153753338381648,0.00030424981378018856,0.05083559453487396,0.05100555345416069,0.9966678350144857,0.9992598077000273,0.0,0.0,0.5324079492934232,0.9099175635904543,0.5853739223717682,0.001866113394498825,0.0100361043587327,0.009132027626037598,4096,0.24285238981246948,0.0,0.601832389831543
0,D0,validation_test_seen,train,scene_0100,128,128,0,199556,0.003027058206498623,0.0004052179865539074,0.052211083471775055,0.052054379135370255,1.0030103968005704,0.9961481976798002,0.0,0.0,57517,0.005371097009629011,-0.00024186614609789103,0.03613379970192909,0.037038180977106094,0.9755824597396936,0.9985686608189732,0.0,0.0,142039,0.002077867742627859,0.0006672470481134951,0.05341482162475586,0.053139571100473404,1.0051797656357073,0.9948360534899902,0.0,0.0,0.5865144145361788,0.9923047526528783,0.5899435414441447,0.0019300282001495361,0.005813529249280691,0.005768792703747749,4096,0.24487215280532837,0.0,1.061164140701294
0,D0,validation_test_seen,train,scene_0101,128,384,0,200668,0.003060603281483054,-0.0003715743077918887,0.056095290929079056,0.05655544623732567,0.9918636428697664,0.9980899267135398,0.0,0.0,66409,0.005210626870393753,-0.0019975106697529554,0.05064500495791435,0.053048230707645416,0.9546973439514788,0.9365083759891004,0.0,0.0,134259,0.0019971297588199377,0.00043266831198707223,0.048492006957530975,0.04894638806581497,0.9907167591677445,1.001303800789133,0.0,0.0,0.6434898848484483,0.9070721222209568,0.7063058616819345,0.0015231732977554202,0.0050209034234285355,0.004554321523755789,4096,0.24439306557178497,0.0,0.8669642806053162
0,D0,validation_test_seen,train,scene_0102,128,640,0,200285,0.0027919174171984196,0.00038256405969150364,0.05101468041539192,0.05198422446846962,0.9813492638778181,0.985918019536188,0.0,0.0,48268,0.005369020625948906,0.0009277173085138202,0.036880362778902054,0.03879689425230026,0.9506009047802949,0.9448119639244204,0.0,0.0,152017,0.001973643433302641,0.00020946857694070786,0.049577727913856506,0.050269003957509995,0.9862484634818348,0.9910297046002211,0.0,0.0,0.4254851628067754,0.7331926270279154,0.5795902971310564,0.002192943822592497,0.008749539032578468,0.006415097508579493,4096,0.24476510286331177,0.0,1.2335841655731201
0,D0,validation_test_seen,train,scene_0103,128,896,0,200682,0.0022784918546676636,0.00048428107402287424,0.05251988023519516,0.05294144153594971,0.992037215298184,0.975359977625336,0.0,0.0,54316,0.0044089192524552345,0.0012331731850281358,0.03653116524219513,0.03799759969115257,0.961407182009476,0.9821455822937204,0.0,0.0,146366,0.0014878963120281696,0.0002063694118987769,0.05251550301909447,0.052473071962594986,1.000808625356063,1.001042881344745,0.0,0.0,0.7790229383669441,0.9975538719226805,0.7812050628213314,0.002372891642153263,0.011807683855295181,0.011778800748288631,4096,0.24460770189762115,0.0,0.9776818156242371
0,D0,validation_test_seen,train,scene_0104,128,1152,0,200697,0.0020704332273453474,0.0002315924211870879,0.04818550497293472,0.0484677329659462,0.994176992078219,1.0035895250605515,0.0,0.0,52465,0.00474515138193965,8.094036456895992e-05,0.029075123369693756,0.0303192138671875,0.9589669276075742,0.9650509327542722,0.0,0.0,148232,0.0011237477883696556,0.00028491398552432656,0.051902007311582565,0.05203025043010712,0.9975352200409486,1.0030805873126027,0.0,0.0,0.6196809689128197,0.9250035739779919,0.6682902387361781,0.0019783424213528633,0.007778441533446312,0.007195086218416691,4096,0.24516166746616364,0.0,0.7318530082702637
0,D0,validation_test_seen,train,scene_0105,128,1408,0,200704,0.003057799767702818,-0.0005212238756939769,0.049757860600948334,0.05086847394704819,0.9781669615790725,0.9740151522978389,0.0,0.0,55002,0.005454352591186762,0.002071890514343977,0.036766767501831055,0.03774315118789673,0.9741308381696869,0.9658650018158317,0.0,0.0,145702,0.0021531092934310436,-0.0015001156134530902,0.04957238584756851,0.05001714453101158,0.9911078753572725,0.9956482446536179,0.0,0.0,0.6963530199449736,0.8686451684458015,0.8016867396037343,0.002064748201519251,0.01031164824962616,0.00895716343075037,4096,0.24459348618984222,0.0,1.0685172080993652
0,D0,validation_test_seen,train,scene_0106,128,1664,0,200309,0.003928613383322954,0.0008622093591839075,0.05603649094700813,0.057935118675231934,0.9672283794071955,0.9876725661079441,0.0,0.0,98174,0.005185937974601984,0.0013610365567728877,0.03853030502796173,0.040384773164987564,0.9540800160137186,0.9368646712158947,0.0,0.0,102135,0.002720050746574998,0.00038272776873782277,0.05180922523140907,0.053902383893728256,0.9611676050089738,0.9978681271415385,0.0,0.0,0.8305270385239263,1.107518542595994,0.7463277556244051,0.0016142168315127492,0.005968934390693903,0.006610705517232418,4096,0.24250483512878418,0.0,0.9718109369277954
0,D0,validation_test_seen,train,scene_0107,128,1920,0,199994,0.005324060097336769,0.0011299493489786983,0.05621854588389397,0.058338407427072525,0.9636626771852052,0.9324634165174418,0.0,0.0,66108,0.011136777698993683,0.0017088463064283133,0.04484191909432411,0.04761239513754845,0.9418118740882359,0.9701207888078376,0.0,0.0,133886,0.0024539518635720015,0.0008441111422143877,0.04967658594250679,0.05165746808052063,0.9616535186175568,0.988594752488597,0.0,0.0,0.7011336910706403,1.3643434101216285,0.5081176875741242,0.00352876796387136,0.010132870636880398,0.01382471527904272,4096,0.24222315847873688,0.0,1.0970416069030762
0,D0,validation_test_seen,train,scene_0108,128,2176,0,199879,0.0046814498491585255,-0.0016862491611391306,0.054210975766181946,0.05443450063467026,0.9958936912090282,1.0088136339715015,0.0,0.0,82022,0.007559514604508877,-0.004797608125954866,0.03659465163946152,0.037817005068063736,0.9676771487746794,0.9643198635204101,0.0,0.0,117857,0.002678475109860301,0.00047908537089824677,0.05162156745791435,0.05369402468204498,0.961402460769091,0.9966436911733639,0.0,0.0,0.6985614053029482,1.065185169293569,0.6560222889277374,0.001943361246958375,0.007075968664139509,0.007537216879427433,4096,0.2431417852640152,0.0,1.1155213117599487
0,D0,validation_test_seen,train,scene_0109,128,2432,0,199635,0.0057701226323843,-0.0014643336180597544,0.0550147220492363,0.054467979818582535,1.010037865044285,1.0678753806607804,0.0,0.0,90009,0.008079594001173973,-0.005220494698733091,0.05015428736805916,0.04967711120843887,1.009605553704967,1.003746522088391,0.0,0.0,109626,0.0038739184383302927,0.0016196822980418801,0.048752304166555405,0.05085480585694313,0.9586567748129418,1.0223405647057688,0.0,0.0,0.7497287804490668,1.0277388680687813,0.7283723421250763,0.0018292712047696114,0.008185934275388718,0.008413002826273441,4096,0.24153348803520203,0.0,0.8615050911903381
0,D0,validation_test_seen,train,scene_0110,128,2688,0,200090,0.004143320024013519,-0.0011498371604830027,0.05167681351304054,0.05254792049527168,0.9834226174124336,1.008884338728572,0.0,0.0,68702,0.007267358247190714,-0.004116660449653864,0.03387812152504921,0.03589851036667824,0.9437194239818821,0.9294818475777431,0.0,0.0,131388,0.002509778831154108,0.00040149741107597947,0.0510244183242321,0.053071681410074234,0.9614245670864779,0.9935649134846647,0.0,0.0,0.6089861762221905,0.8263763801297238,0.7375214920087808,0.0016861502081155777,0.0076749287545681,0.006342379841953516,4096,0.24357672035694122,0.0,0.8065995573997498
0,D0,validation_test_seen,train,scene_0111,128,2944,0,200582,0.004136843141168356,0.002121333498507738,0.0458226315677166,0.045875683426856995,0.9988435734319908,0.9981908111714127,0.0,0.0,85341,0.006580790039151907,0.0035626969765871763,0.03007206879556179,0.02907377853989601,1.0343364469910883,1.0192716729206843,0.0,0.0,115241,0.0023269932717084885,0.001053940854035318,0.05090414732694626,0.05075240507721901,1.0029898533773203,1.0044730208788932,0.0,0.0,0.5033534654900651,0.9020956181585635,0.5570803960710065,0.0020478791557252407,0.006728209555149078,0.006069488357752562,4096,0.24413827061653137,0.0,1.178895354270935
0,D0,validation_test_seen,train,scene_0112,128,3200,0,200135,0.004685110412538052,0.0017223963513970375,0.05296419560909271,0.05462484434247017,0.969599021226202,1.0138865786914508,0.0,0.0,68226,0.006243736948817968,0.0018636060412973166,0.041926659643650055,0.04084191843867302,1.026559506664846,1.022332369393811,0.0,0.0,131909,0.0038789580576121807,0.0016493597067892551,0.05382118374109268,0.056647252291440964,0.9501111097885452,0.9999516452362959,0.0,0.0,0.7029614333913953,0.9987138069296766,0.7038682244571538,0.002693002577871084,0.00982955377548933,0.009816911071538925,4096,0.2443506270647049,0.0,1.0341016054153442
0,D0,validation_test_seen,train,scene_0113,128,3456,0,200704,0.0032117965165525675,-0.00034477602457627654,0.05300666391849518,0.05266651511192322,1.006458540229007,0.993239898851623,0.0,0.0,67285,0.006166729610413313,-0.001843182137235999,0.03711074963212013,0.037633322179317474,0.9861141000332801,0.9802747386542191,0.0,0.0,133419,0.0017215840052813292,0.00041089041042141616,0.052384063601493835,0.0523630753159523,1.000400822247641,0.9966209364330417,0.0,0.0,0.5839368161849039,0.8534851557346294,0.6852032015620318,0.002491212449967861,0.010529140010476112,0.008986464701592922,4096,0.24378426373004913,0.0,0.9254339933395386
0,D0,validation_test_seen,train,scene_0114,128,3712,0,199834,0.004040998872369528,0.0004526459379121661,0.055514395236968994,0.057798922061920166,0.9604745773199066,0.9790055346710347,0.0,0.0,58958,0.00772858364507556,0.0007070195861160755,0.054443784058094025,0.0569305457174778,0.9563193777954542,0.9445851384458953,0.0,0.0,140876,0.002497708424925804,0.0003461880551185459,0.05080406740307808,0.053133003413677216,0.9561678079353664,0.9945890156085531,0.0,0.0,0.6071326614066926,1.2087095849768612,0.502075467999314,0.0032950013410300016,0.010604345239698887,0.012817573733627796,4096,0.24350740015506744,0.0,1.0181719064712524
0,D0,validation_test_seen,train,scene_0115,128,3968,0,200648,0.0036981499288231134,9.167745156446472e-05,0.05414881929755211,0.05591801553964615,0.9683608900455405,0.9639820202424542,0.0,0.0,51118,0.010387076064944267,0.00016914306615944952,0.05086473748087883,0.05734998360276222,0.8869180823694074,0.8893770429739708,0.0,0.0,149530,0.0014114882797002792,6.519527232740074e-05,0.04970725253224373,0.04989656060934067,0.9962059894552832,0.9958423718403159,0.0,0.0,0.29976981925804014,0.8308566992929933,0.36203169671280966,0.0026576644740998745,0.011162856593728065,0.009274734184145927,4096,0.24349544942378998,0.0,1.099267601966858
0,D0,validation_test_seen,train,scene_0116,128,4224,0,200682,0.005710755009204149,0.003895146306604147,0.05909954011440277,0.06261704117059708,0.9438251793691266,0.9463385907009615,0.0,0.0,68868,0.011343266814947128,0.009951330721378326,0.04232168197631836,0.046667635440826416,0.9068743589972834,0.9729182618223875,0.0,0.0,131814,0.0027679740451276302,0.0007310108630917966,0.05216413363814354,0.051975592970848083,1.0036274846811504,1.0055202760500486,0.0,0.0,0.3735705589852108,0.9952679019566363,0.37873731326549825,0.0025481556076556444,0.010103420354425907,0.010055609978735447,4096,0.2422170490026474,0.0,1.2679706811904907
0,D0,validation_test_seen,train,scene_0117,128,4480,0,200501,0.0033193917479366064,0.0010762076126411557,0.05277702957391739,0.0538739413022995,0.979639289388035,0.9634862717599656,0.0,0.0,53935,0.007668747566640377,0.0020746709778904915,0.03787107765674591,0.03975345194339752,0.952648784077121,1.003762234651622,0.0,0.0,146566,0.0017188674537464976,0.0007087817648425698,0.05243981257081032,0.05313188582658768,0.9869744270317046,0.9975365406187676,0.0,0.0,0.9021587114405487,1.2674097742833434,0.708679789977408,0.0019492172868922353,0.0057647996582090855,0.007306363433599472,4096,0.2446841150522232,0.0,1.1432570219039917
0,D0,validation_test_seen,train,scene_0118,128,4736,0,200491,0.004258645232766867,-0.0004572451289277524,0.05609847605228424,0.057867057621479034,0.96943716093596,0.9464403106226419,0.0,0.0,65199,0.008933844044804573,-0.0014616090338677168,0.043489065021276474,0.04918580502271652,0.8841791854619641,0.8839752706040707,0.0,0.0,135292,0.002005605259910226,2.677107295312453e-05,0.05150654539465904,0.05246668681502342,0.9816999799558631,0.9992991454735178,0.0,0.0,0.541266885127506,0.9022386956539149,0.5980166459137837,0.0020049074664711952,0.005581997334957123,0.0050362939946353436,4096,0.24399666488170624,0.0,1.123764991760254
0,D0,validation_test_seen,train,scene_0119,128,4992,0,199640,0.004805318079888821,0.002522251568734646,0.054361116141080856,0.056304823607206345,0.9654788463651858,0.962141518046931,0.0,0.0,70329,0.00837603397667408,0.004553438164293766,0.03986824303865433,0.04295191913843155,0.9282063255465091,0.9055417616356837,0.0,0.0,129311,0.002863295841962099,0.0014175402466207743,0.05106707289814949,0.051717229187488556,0.9874286325939451,1.0006385046906008,0.0,0.0,0.42362029427292947,1.030493950050208,0.40935513978272986,0.0029930234886705875,0.010213229805231094,0.010524671524763107,4096,0.24352367222309113,0.0,1.1992433071136475
0,D0,validation_test_seen,train,scene_0120,128,5248,0,200686,0.0040095108561217785,0.0017974138027057052,0.050163306295871735,0.0505831353366375,0.9917002171183786,0.9958790226850085,0.0,0.0,62231,0.008578717708587646,0.0026324372738599777,0.0325140543282032,0.03299010917544365,0.9855697704815478,0.9739774149981903,0.0,0.0,138455,0.0019558013882488012,0.0014220980228856206,0.052027832716703415,0.052198220044374466,0.9967357636423962,0.992231594064337,0.0,0.0,0.6639847852009835,1.1226593080090304,0.5918315815778573,0.0029997953679412603,0.009270037524402142,0.010407093912363052,4096,0.24458041787147522,0.0,1.2521326541900635
0,D0,validation_test_seen,train,scene_0121,128,5504,0,199742,0.004361330531537533,0.0027603162452578545,0.05202264338731766,0.05205470323562622,0.9993841123603482,0.9993474055070493,0.0,0.0,68418,0.00826294906437397,0.005319562274962664,0.04203243553638458,0.03979155048727989,1.0563156002131917,1.0732037134179508,0.0,0.0,131324,0.002328641014173627,0.001426983973942697,0.051471397280693054,0.05136334151029587,1.0021037527392085,1.0053280848574366,0.0,0.0,0.5466594327113565,1.3525390904087937,0.40456144177806147,0.0029645804315805435,0.008635847829282284,0.011680321767926216,4096,0.24397586286067963,0.0,1.0432748794555664
0,D0,validation_test_seen,train,scene_0122,128,5760,0,200023,0.0038943977560847998,0.0017572203651070595,0.06248520687222481,0.06293501704931259,0.992852783741437,1.004575054755789,0.0,0.0,78065,0.0059538609348237514,0.0021844785660505295,0.045323967933654785,0.04501315951347351,1.0069048345759475,0.9961077751962993,0.0,0.0,121958,0.0025761404540389776,0.0014837338821962476,0.05592787265777588,0.056563809514045715,0.9887571777478685,0.99871559743104,0.0,0.0,0.7200584517612202,0.9400769984933218,0.7657144260949442,0.0018010848434641957,0.007186685223132372,0.006756037473678589,4096,0.24250082671642303,0.0,1.2548787593841553
0,D0,validation_test_seen,train,scene_0123,128,6016,0,200684,0.00332113285548985,0.00044430437264963984,0.05994100496172905,0.05883701890707016,1.018763460065891,1.0276164594842048,0.0,0.0,72385,0.005451783537864685,-0.0006834224914200604,0.048547372221946716,0.04689929634332657,1.0351407378600181,1.040332601628329,0.0,0.0,128299,0.002119040582329035,0.0010805566562339664,0.05228244513273239,0.051957398653030396,1.0062560191258352,1.003318397032581,0.0,0.0,0.9181790692802603,0.9995683667198132,0.9176439468752842,0.0020480260718613863,0.012482126243412495,0.012476738542318344,4096,0.24197621643543243,0.0,0.9418229460716248
0,D0,validation_test_seen,train,scene_0124,128,6272,0,200223,0.0047885579988360405,8.52203811518848e-05,0.049908801913261414,0.04967567324638367,1.0046930147422757,1.0221583239176009,0.0,0.0,71991,0.009224596433341503,-0.0012167425593361259,0.035708535462617874,0.034191593527793884,1.0443659326258334,1.062517899134739,0.0,0.0,128232,0.002298112493008375,0.000816158193629235,0.05027947202324867,0.05110533535480499,0.9838399782366622,0.9934191613100207,0.0,0.0,0.6263719743939976,0.9085395571528404,0.6886488029510002,0.002162075834348798,0.008394596166908741,0.007626822683960199,4096,0.24397727847099304,0.0,1.1373449563980103
0,D0,validation_test_seen,train,scene_0125,128,6528,0,200704,0.006830177735537291,0.00451581459492445,0.05943312495946884,0.0626876950263977,0.9480827925550881,0.9386198082745238,0.0,0.0,61232,0.016325021162629128,0.01060799602419138,0.0539422482252121,0.055785808712244034,0.9669528769128105,1.005593533895489,0.0,0.0,139472,0.0026616838295012712,0.0018411808414384723,0.05017569288611412,0.05128074064850807,0.9784510178983521,0.9909828723840355,0.0,0.0,0.5980034936879124,1.3319955219615442,0.4477804191557464,0.004244028124958277,0.011862926185131073,0.015801364555954933,4096,0.24192343652248383,0.0,1.53933584690094
0,D0,validation_test_seen,train,scene_0126,128,6784,0,200700,0.0027469743508845568,0.0014631443191319704,0.05063742399215698,0.05136072263121605,0.9859172807156055,0.9804935860437717,0.0,0.0,60523,0.005849423352628946,0.003168755676597357,0.03200912103056908,0.03332030400633812,0.9606491292660585,0.9350921807726895,0.0,0.0,140177,0.001407457166351378,0.0007267274195328355,0.053271349519491196,0.053400807082653046,0.9975757377044606,0.9972895787661286,0.0,0.0,0.723783628744242,0.984750973093759,0.7358289704726135,0.0017896227072924376,0.007858054712414742,0.007738227024674416,4096,0.24490688741207123,0.0,0.9960533976554871
0,D0,validation_test_seen,train,scene_0127,128,7040,0,200161,0.003404285991564393,0.001409130753017962,0.05063849315047264,0.05238356813788414,0.9666865956359042,0.9938172251414855,0.0,0.0,42698,0.008700767531991005,0.005128575023263693,0.033293917775154114,0.03676766902208328,0.9055215807985332,0.8816467683371689,0.0,0.0,157463,0.0019680808763951063,0.0004005585506092757,0.05218257009983063,0.05304429680109024,0.9837545833722523,0.9921692385265087,0.0,0.0,0.623935850741104,0.8643702623602719,0.7187273118033697,0.0022080291528254747,0.009289361536502838,0.008029447868466377,4096,0.24483677744865417,0.0,1.062463402748108
0,D0,validation_test_seen,train,scene_0128,128,7296,0,200671,0.0033935310784727335,0.001645113225094974,0.056303296238183975,0.05794762074947357,0.971623951250759,0.9478293276891047,0.0,0.0,61355,0.005972797982394695,0.004235371947288513,0.04836094751954079,0.050289787352085114,0.9616454963501779,0.9782881913194815,0.0,0.0,139316,0.0022576169576495886,0.000504359311889857,0.05117892473936081,0.051738664507865906,0.9891814028477678,0.9627794308652335,0.0,0.0,0.46587886196207984,0.8757664963446196,0.5322503900059731,0.0018941520247608423,0.007903825491666794,0.006921905558556318,4096,0.2439243644475937,0.0,0.9749648571014404
0,D0,validation_test_seen,train,scene_0129,128,7552,0,200043,0.003178983461111784,0.0005130094941705465,0.054412148892879486,0.05616459250450134,0.968798071285189,1.0101069228541626,0.0,0.0,59425,0.005329988431185484,0.0005979122361168265,0.04318457469344139,0.04574619233608246,0.9440036970985106,0.9276399625885747,0.0,0.0,140618,0.00226997141726315,0.0004771297099068761,0.05465000495314598,0.056242913007736206,0.9716780662770593,1.0019004861307452,0.0,0.0,0.780723755784335,1.1940610134973828,0.6528727334077502,0.0013873055577278137,0.00458768755197525,0.005477978847920895,4096,0.24464669823646545,0.0,1.0678129196166992
0,D0,validation_test_seen,train,scene_0100,192,192,0,198401,0.004338705446571112,0.0006942566251382232,0.08795512467622757,0.08828484266996384,0.9962652932965078,0.9887925174032257,0.0,0.0,54212,0.0069869267754256725,-0.0005265913205221295,0.05327458307147026,0.05435025691986084,0.9802084864110826,1.0034748086132252,0.0,0.0,144189,0.0033430312760174274,0.001153269549831748,0.08748117089271545,0.08812298625707626,0.992716822345438,0.9903063353226832,0.0,0.0,0.7058651009799575,1.105422333303831,0.6130983394248232,0.0023996103554964066,0.007397410459816456,0.008177262730896473,4096,0.24079102277755737,0.0,1.2682908773422241
0,D0,validation_test_seen,train,scene_0129,192,7616,0,199019,0.0035299197770655155,0.0008003294933587313,0.08519881218671799,0.08601099997758865,0.990557163722288,0.9874387427477046,0.0,0.0,57613,0.00552263343706727,0.0008219551527872682,0.05673040449619293,0.05941979959607124,0.9547390748847943,0.9235513953604372,0.0,0.0,141406,0.0027180290780961514,0.0007915185415185988,0.0862489864230156,0.08663759380578995,0.9955145639934845,0.9930856462767863,0.0,0.0,0.7332283892346451,1.1143242788086096,0.6368598116610279,0.0017146699829027057,0.00579006876796484,0.0064520142041146755,4096,0.2412756085395813,0.0,0.9851650595664978
0,D0,train,eval,scene_0000,128,128,0,199291,0.0019101175712421536,-0.00017515274521429092,0.04983876273036003,0.05072623863816261,0.982504598574062,0.99402348767053,0.0,0.0,97957,0.0018345427233725786,-0.0004080461512785405,0.043639831244945526,0.04420310631394386,0.9872571157104257,0.9969699642632197,0.0,0.0,101334,0.0019831738900393248,4.9979411414824426e-05,0.052469320595264435,0.05377337336540222,0.9757490986984124,0.9958924173016275,0.0,0.0,0.7659206823486099,0.9269646000739353,0.8251162196186771,0.0013063499936833978,0.008893096819519997,0.00824358593672514,4096,0.2438516765832901,0.0,0.601469874382019
0,D0,train,eval,scene_0006,128,1664,0,200073,0.0018496711272746325,-0.0004723304882645607,0.06372245401144028,0.06395228207111359,0.9964062570993519,0.9944966965712279,0.0,0.0,62719,0.0029492578469216824,-0.0007841666811145842,0.05397443100810051,0.05385834351181984,1.0021554227016878,0.9909237959279783,0.0,0.0,137354,0.001347574288956821,-0.0003299388336017728,0.05232429876923561,0.0529913492500782,0.9874120872504184,0.987699092244848,0.0,0.0,0.6175548885846734,1.1774884600547177,0.5249867176019407,0.002156961476430297,0.008401311933994293,0.009892447851598263,4096,0.24204128980636597,0.0,0.6882173418998718
0,D0,train,eval,scene_0013,128,3456,0,200704,0.002080730628222227,-2.5342731532873586e-05,0.06899235397577286,0.0688348039984703,1.0022888127538803,0.9977459553759029,0.0,0.0,89703,0.0031046944204717875,-0.00038132088957354426,0.047260552644729614,0.04699346423149109,1.0056835225409824,0.9986305124660871,0.0,0.0,111001,0.0012532371329143643,0.00026233322569169104,0.050843384116888046,0.05120379477739334,0.9929612509761793,0.9940771380167653,0.0,0.0,0.7709486798577994,1.1078599962930307,0.6953009807096833,0.0018728780560195446,0.00777825340628624,0.008617215789854527,4096,0.2376280426979065,0.0,0.7728065252304077
0,D0,train,eval,scene_0019,128,4992,0,200704,0.001724730827845633,-0.00019597030768636614,0.05603909119963646,0.055892203003168106,1.0026280623875217,1.0030284316046696,0.0,0.0,58792,0.003359090769663453,-0.001280751544982195,0.04443421587347984,0.04431021586060524,1.0027984520153252,0.9998841226567232,0.0,0.0,141912,0.0010476401075720787,0.00025343819288536906,0.05199946090579033,0.05229644477367401,0.9943211461282129,0.9994179423379742,0.0,0.0,0.44061176769396926,0.8052066808802814,0.5470966615243803,0.0022441542241722345,0.011479240842163563,0.009243161417543888,4096,0.24315088987350464,0.0,0.666562020778656
0,D0,train,eval,scene_0026,128,6784,0,200606,0.0016340408474206924,-0.0005065575242042542,0.05428134277462959,0.05439907684922218,0.9978357339607267,0.9980014915184352,0.0,0.0,73365,0.0020465650595724583,-0.0007621520198881626,0.040074460208415985,0.03955148905515671,1.0132225401812298,1.0061724448717178,0.0,0.0,127241,0.0013961863005533814,-0.0003591860586311668,0.05355484411120415,0.05409681051969528,0.9899815459860832,0.9899622679290643,0.0,0.0,0.8502879726346065,0.9902098402200638,0.8572079369919855,0.001395947765558958,0.00924619846045971,0.009155676700174809,4096,0.24413801729679108,0.0,0.656817615032196
0,D0,train,eval,scene_0033,128,8576,0,199769,0.0021637340541929007,-7.048700354062021e-05,0.06779144704341888,0.06836948543787003,0.9915453745080994,1.0009133461276192,0.0,0.0,68040,0.0029201291035860777,-0.0001627116434974596,0.06258748471736908,0.06265620142221451,0.998903273685834,0.9884690433666173,0.0,0.0,131729,0.0017730448162183166,-2.2851594621897675e-05,0.055986907333135605,0.05706477537751198,0.981111499392651,0.9975301326948317,0.0,0.0,0.6069724699549033,1.2024358371512178,0.5034364642451656,0.002527839271351695,0.010004051961004734,0.01202923059463501,4096,0.24153903126716614,0.0,0.65229731798172
0,D0,train,eval,scene_0039,128,10112,0,200702,0.001738628838211298,0.00020578176190610975,0.055774785578250885,0.0558958500623703,0.997834106038564,1.0051936414559073,0.0,0.0,79754,0.002594761783257127,0.00018672893929760903,0.05063064768910408,0.05079520866274834,0.9967603051945932,1.0021664132870955,0.0,0.0,120948,0.001174088683910668,0.00021834534709341824,0.05104410648345947,0.051167383790016174,0.9975907053004193,0.9972243020338244,0.0,0.0,0.7801814999789354,0.9408934730943533,0.8291836624855179,0.0019271279452368617,0.010834875516593456,0.010194463655352592,4096,0.2423471361398697,0.0,0.5279449820518494
0,D0,train,eval,scene_0046,128,11904,0,200574,0.001537717180326581,-1.9039709513890557e-05,0.05253611132502556,0.053314391523599625,0.9854020616885487,0.9927734175591821,0.0,0.0,61885,0.0024483748711645603,-1.0504918463993818e-05,0.028931908309459686,0.02987593784928322,0.9684016768080744,0.9855379447046335,0.0,0.0,138689,0.001131368917413056,-2.2847998479846865e-05,0.05425198748707771,0.05511162057518959,0.9844019631587667,0.9940077604446269,0.0,0.0,0.6893862685419081,0.9264392022732455,0.7441369145257529,0.0014486969448626041,0.00677051255479455,0.006272468250244856,4096,0.24400392174720764,0.0,0.6799656748771667
0,D0,train,eval,scene_0052,128,13440,0,200635,0.0018039719434455037,-0.0007072825101204216,0.05303316190838814,0.053535621613264084,0.9906144789257204,0.9951705511793352,0.0,0.0,91160,0.002319993684068322,-0.0010753509122878313,0.03188004344701767,0.03297131881117821,0.966902283453989,0.9740538190108129,0.0,0.0,109475,0.0013742800801992416,-0.0004007914394605905,0.05466321110725403,0.05531821399927139,0.9881593629898103,0.9920901490510626,0.0,0.0,0.6018930195536774,0.7990929726406464,0.7508109138564816,0.001259590731933713,0.006577382795512676,0.005255940370261669,4096,0.24306021630764008,0.0,0.6213240027427673
0,D0,train,eval,scene_0059,128,15232,0,199735,0.00222457991912961,-0.0003294798079878092,0.06677894294261932,0.06833288073539734,0.9772592963145332,0.9915627690056386,0.0,0.0,85876,0.0021473634988069534,-0.00035709928488358855,0.04993473365902901,0.05037938058376312,0.9911740295418118,0.9792107020660155,0.0,0.0,113859,0.0022828190121799707,-0.0003086483629886061,0.05937682092189789,0.06215624138712883,0.9552833246798206,0.9888066635725398,0.0,0.0,0.7759727619796084,0.9284681015895215,0.8349167541084462,0.0015585348010063171,0.009780775755643845,0.009081138297915459,4096,0.24069850146770477,0.0,0.6455307006835938
0,D0,train,eval,scene_0066,128,17024,0,200531,0.0015762345865368843,0.00010984634718624875,0.04652264341711998,0.04653300344944,0.9997773616239648,1.0000079194978873,0.0,0.0,53207,0.0028052127454429865,-0.00016466868692077696,0.038387030363082886,0.03818947449326515,1.0051730449931322,1.015265276692904,0.0,0.0,147324,0.0011323810322210193,0.00020898922230117023,0.047446127980947495,0.047568727284669876,0.9974226911098819,0.9944084681340233,0.0,0.0,0.5404757787546307,0.8467937451562473,0.6331012693555362,0.0019925152882933617,0.009781885892152786,0.008283239789307117,4096,0.24480469524860382,0.0,0.7037224173545837
0,D0,train,eval,scene_0072,128,18560,0,200356,0.0018768965965136886,5.318709372659214e-05,0.05541461706161499,0.05605534091591835,0.9885697982773054,0.9905745556602521,0.0,0.0,66762,0.002830896060913801,-3.85916828236077e-05,0.0407201386988163,0.04116056486964226,0.9892998025605136,1.0025465986346935,0.0,0.0,133594,0.0014001465169712901,9.905243496177718e-05,0.053097717463970184,0.05397564545273781,0.9837347384842974,0.9958953185652378,0.0,0.0,0.8204783021905432,0.9606846740248703,0.8535835942901614,0.00216650846414268,0.011699389666318893,0.011239424347877502,4096,0.2438332438468933,0.0,0.6799623966217041
0,D0,train,eval,scene_0079,128,20352,0,200683,0.001692367484793067,0.0002335279859835282,0.06019514426589012,0.06036735698580742,0.9971472542692603,0.9890893679255744,0.0,0.0,98725,0.0017967320745810866,-2.05855758395046e-05,0.038714949041604996,0.039067342877388,0.9909798361027781,0.9868799511532651,0.0,0.0,101958,0.0015913124661892653,0.00047958383220247924,0.05672008544206619,0.05715063586831093,0.9924663930732665,0.9921333487376492,0.0,0.0,0.7660729253476443,1.0426532399160324,0.7345648185578858,0.001137558720074594,0.005860729143023491,0.006110708229243755,4096,0.2404676079750061,0.0,0.6295263171195984
0,D0,train,eval,scene_0085,128,21888,0,200633,0.002129120985046029,7.57534071453847e-05,0.04998651146888733,0.050385165959596634,0.992087859926293,0.9993340534057741,0.0,0.0,90883,0.002631142968311906,-0.00018315915076527745,0.03747858107089996,0.038099657744169235,0.9836986285430787,0.9811869737323872,0.0,0.0,109750,0.001713401172310114,0.0002901566622313112,0.052547551691532135,0.053024355322122574,0.9910078372911116,0.9951675937605214,0.0,0.0,0.7266945908836923,0.9306909278456255,0.7807010445308674,0.001593244494870305,0.008934836834669113,0.008315571583807468,4096,0.24283400177955627,0.0,0.7115769386291504
0,D0,train,eval,scene_0092,128,23680,0,200680,0.0017485212301835418,0.00012171767593827099,0.051954250782728195,0.05243854597210884,0.990764519107028,0.9952661673165613,0.0,0.0,55656,0.003177361097186804,0.0005664660129696131,0.0370183140039444,0.037250760942697525,0.9937599411966188,1.0030035234362733,0.0,0.0,145024,0.0012001738650724292,-4.8963855078909546e-05,0.05232902243733406,0.05279667675495148,0.9911423531487035,0.9937156838688976,0.0,0.0,0.6374708917786224,0.932969073783657,0.6820801808949797,0.002414217684417963,0.009336077608168125,0.008710271678864956,4096,0.24457629024982452,0.0,0.7403474450111389
0,D0,train,eval,scene_0099,128,25472,0,200699,0.002011359203606844,8.361597429029644e-05,0.055329330265522,0.05544103682041168,0.9979851286827206,1.005494930865473,0.0,0.0,77958,0.002792260842397809,-0.00026376103051006794,0.04314449429512024,0.0436473973095417,0.9884780526349615,1.0053646202272193,0.0,0.0,122741,0.0015153753338381648,0.00030424981378018856,0.05083559453487396,0.05100555345416069,0.9966678350144857,0.9992598077000273,0.0,0.0,0.5324079492934232,0.9099175635904543,0.5853739223717682,0.001866113394498825,0.0100361043587327,0.009132027626037598,4096,0.24285238981246948,0.0,0.6922246813774109
0,D0,validation_test_seen,eval,scene_0100,128,128,0,199556,0.003027058206498623,0.0004052179865539074,0.052211083471775055,0.052054379135370255,1.0030103968005704,0.9961481976798002,0.0,0.0,57517,0.005371097009629011,-0.00024186614609789103,0.03613379970192909,0.037038180977106094,0.9755824597396936,0.9985686608189732,0.0,0.0,142039,0.002077867742627859,0.0006672470481134951,0.05341482162475586,0.053139571100473404,1.0051797656357073,0.9948360534899902,0.0,0.0,0.5865144145361788,0.9923047526528783,0.5899435414441447,0.0019300282001495361,0.005813529249280691,0.005768792703747749,4096,0.24487215280532837,0.0,1.1306991577148438
0,D0,validation_test_seen,eval,scene_0101,128,384,0,200668,0.003060603281483054,-0.0003715743077918887,0.056095290929079056,0.05655544623732567,0.9918636428697664,0.9980899267135398,0.0,0.0,66409,0.005210626870393753,-0.0019975106697529554,0.05064500495791435,0.053048230707645416,0.9546973439514788,0.9365083759891004,0.0,0.0,134259,0.0019971297588199377,0.00043266831198707223,0.048492006957530975,0.04894638806581497,0.9907167591677445,1.001303800789133,0.0,0.0,0.6434898848484483,0.9070721222209568,0.7063058616819345,0.0015231732977554202,0.0050209034234285355,0.004554321523755789,4096,0.24439306557178497,0.0,0.9463363885879517
0,D0,validation_test_seen,eval,scene_0102,128,640,0,200285,0.0027919174171984196,0.00038256405969150364,0.05101468041539192,0.05198422446846962,0.9813492638778181,0.985918019536188,0.0,0.0,48268,0.005369020625948906,0.0009277173085138202,0.036880362778902054,0.03879689425230026,0.9506009047802949,0.9448119639244204,0.0,0.0,152017,0.001973643433302641,0.00020946857694070786,0.049577727913856506,0.050269003957509995,0.9862484634818348,0.9910297046002211,0.0,0.0,0.4254851628067754,0.7331926270279154,0.5795902971310564,0.002192943822592497,0.008749539032578468,0.006415097508579493,4096,0.24476510286331177,0.0,1.3161020278930664
0,D0,validation_test_seen,eval,scene_0103,128,896,0,200682,0.0022784918546676636,0.00048428107402287424,0.05251988023519516,0.05294144153594971,0.992037215298184,0.975359977625336,0.0,0.0,54316,0.0044089192524552345,0.0012331731850281358,0.03653116524219513,0.03799759969115257,0.961407182009476,0.9821455822937204,0.0,0.0,146366,0.0014878963120281696,0.0002063694118987769,0.05251550301909447,0.052473071962594986,1.000808625356063,1.001042881344745,0.0,0.0,0.7790229383669441,0.9975538719226805,0.7812050628213314,0.002372891642153263,0.011807683855295181,0.011778800748288631,4096,0.24460770189762115,0.0,1.0857070684432983
0,D0,validation_test_seen,eval,scene_0104,128,1152,0,200697,0.0020704332273453474,0.0002315924211870879,0.04818550497293472,0.0484677329659462,0.994176992078219,1.0035895250605515,0.0,0.0,52465,0.00474515138193965,8.094036456895992e-05,0.029075123369693756,0.0303192138671875,0.9589669276075742,0.9650509327542722,0.0,0.0,148232,0.0011237477883696556,0.00028491398552432656,0.051902007311582565,0.05203025043010712,0.9975352200409486,1.0030805873126027,0.0,0.0,0.6196809689128197,0.9250035739779919,0.6682902387361781,0.0019783424213528633,0.007778441533446312,0.007195086218416691,4096,0.24516166746616364,0.0,0.8137568831443787
0,D0,validation_test_seen,eval,scene_0105,128,1408,0,200704,0.003057799767702818,-0.0005212238756939769,0.049757860600948334,0.05086847394704819,0.9781669615790725,0.9740151522978389,0.0,0.0,55002,0.005454352591186762,0.002071890514343977,0.036766767501831055,0.03774315118789673,0.9741308381696869,0.9658650018158317,0.0,0.0,145702,0.0021531092934310436,-0.0015001156134530902,0.04957238584756851,0.05001714453101158,0.9911078753572725,0.9956482446536179,0.0,0.0,0.6963530199449736,0.8686451684458015,0.8016867396037343,0.002064748201519251,0.01031164824962616,0.00895716343075037,4096,0.24459348618984222,0.0,1.1543391942977905
0,D0,validation_test_seen,eval,scene_0106,128,1664,0,200309,0.003928613383322954,0.0008622093591839075,0.05603649094700813,0.057935118675231934,0.9672283794071955,0.9876725661079441,0.0,0.0,98174,0.005185937974601984,0.0013610365567728877,0.03853030502796173,0.040384773164987564,0.9540800160137186,0.9368646712158947,0.0,0.0,102135,0.002720050746574998,0.00038272776873782277,0.05180922523140907,0.053902383893728256,0.9611676050089738,0.9978681271415385,0.0,0.0,0.8305270385239263,1.107518542595994,0.7463277556244051,0.0016142168315127492,0.005968934390693903,0.006610705517232418,4096,0.24250483512878418,0.0,1.0311676263809204
0,D0,validation_test_seen,eval,scene_0107,128,1920,0,199994,0.005324060097336769,0.0011299493489786983,0.05621854588389397,0.058338407427072525,0.9636626771852052,0.9324634165174418,0.0,0.0,66108,0.011136777698993683,0.0017088463064283133,0.04484191909432411,0.04761239513754845,0.9418118740882359,0.9701207888078376,0.0,0.0,133886,0.0024539518635720015,0.0008441111422143877,0.04967658594250679,0.05165746808052063,0.9616535186175568,0.988594752488597,0.0,0.0,0.7011336910706403,1.3643434101216285,0.5081176875741242,0.00352876796387136,0.010132870636880398,0.01382471527904272,4096,0.24222315847873688,0.0,1.1885610818862915
0,D0,validation_test_seen,eval,scene_0108,128,2176,0,199879,0.0046814498491585255,-0.0016862491611391306,0.054210975766181946,0.05443450063467026,0.9958936912090282,1.0088136339715015,0.0,0.0,82022,0.007559514604508877,-0.004797608125954866,0.03659465163946152,0.037817005068063736,0.9676771487746794,0.9643198635204101,0.0,0.0,117857,0.002678475109860301,0.00047908537089824677,0.05162156745791435,0.05369402468204498,0.961402460769091,0.9966436911733639,0.0,0.0,0.6985614053029482,1.065185169293569,0.6560222889277374,0.001943361246958375,0.007075968664139509,0.007537216879427433,4096,0.2431417852640152,0.0,1.1958688497543335
0,D0,validation_test_seen,eval,scene_0109,128,2432,0,199635,0.0057701226323843,-0.0014643336180597544,0.0550147220492363,0.054467979818582535,1.010037865044285,1.0678753806607804,0.0,0.0,90009,0.008079594001173973,-0.005220494698733091,0.05015428736805916,0.04967711120843887,1.009605553704967,1.003746522088391,0.0,0.0,109626,0.0038739184383302927,0.0016196822980418801,0.048752304166555405,0.05085480585694313,0.9586567748129418,1.0223405647057688,0.0,0.0,0.7497287804490668,1.0277388680687813,0.7283723421250763,0.0018292712047696114,0.008185934275388718,0.008413002826273441,4096,0.24153348803520203,0.0,0.925358772277832
0,D0,validation_test_seen,eval,scene_0110,128,2688,0,200090,0.004143320024013519,-0.0011498371604830027,0.05167681351304054,0.05254792049527168,0.9834226174124336,1.008884338728572,0.0,0.0,68702,0.007267358247190714,-0.004116660449653864,0.03387812152504921,0.03589851036667824,0.9437194239818821,0.9294818475777431,0.0,0.0,131388,0.002509778831154108,0.00040149741107597947,0.0510244183242321,0.053071681410074234,0.9614245670864779,0.9935649134846647,0.0,0.0,0.6089861762221905,0.8263763801297238,0.7375214920087808,0.0016861502081155777,0.0076749287545681,0.006342379841953516,4096,0.24357672035694122,0.0,0.8944991827011108
0,D0,validation_test_seen,eval,scene_0111,128,2944,0,200582,0.004136843141168356,0.002121333498507738,0.0458226315677166,0.045875683426856995,0.9988435734319908,0.9981908111714127,0.0,0.0,85341,0.006580790039151907,0.0035626969765871763,0.03007206879556179,0.02907377853989601,1.0343364469910883,1.0192716729206843,0.0,0.0,115241,0.0023269932717084885,0.001053940854035318,0.05090414732694626,0.05075240507721901,1.0029898533773203,1.0044730208788932,0.0,0.0,0.5033534654900651,0.9020956181585635,0.5570803960710065,0.0020478791557252407,0.006728209555149078,0.006069488357752562,4096,0.24413827061653137,0.0,1.255493402481079
0,D0,validation_test_seen,eval,scene_0112,128,3200,0,200135,0.004685110412538052,0.0017223963513970375,0.05296419560909271,0.05462484434247017,0.969599021226202,1.0138865786914508,0.0,0.0,68226,0.006243736948817968,0.0018636060412973166,0.041926659643650055,0.04084191843867302,1.026559506664846,1.022332369393811,0.0,0.0,131909,0.0038789580576121807,0.0016493597067892551,0.05382118374109268,0.056647252291440964,0.9501111097885452,0.9999516452362959,0.0,0.0,0.7029614333913953,0.9987138069296766,0.7038682244571538,0.002693002577871084,0.00982955377548933,0.009816911071538925,4096,0.2443506270647049,0.0,1.0932554006576538
0,D0,validation_test_seen,eval,scene_0113,128,3456,0,200704,0.0032117965165525675,-0.00034477602457627654,0.05300666391849518,0.05266651511192322,1.006458540229007,0.993239898851623,0.0,0.0,67285,0.006166729610413313,-0.001843182137235999,0.03711074963212013,0.037633322179317474,0.9861141000332801,0.9802747386542191,0.0,0.0,133419,0.0017215840052813292,0.00041089041042141616,0.052384063601493835,0.0523630753159523,1.000400822247641,0.9966209364330417,0.0,0.0,0.5839368161849039,0.8534851557346294,0.6852032015620318,0.002491212449967861,0.010529140010476112,0.008986464701592922,4096,0.24378426373004913,0.0,1.0133583545684814
0,D0,validation_test_seen,eval,scene_0114,128,3712,0,199834,0.004040998872369528,0.0004526459379121661,0.055514395236968994,0.057798922061920166,0.9604745773199066,0.9790055346710347,0.0,0.0,58958,0.00772858364507556,0.0007070195861160755,0.054443784058094025,0.0569305457174778,0.9563193777954542,0.9445851384458953,0.0,0.0,140876,0.002497708424925804,0.0003461880551185459,0.05080406740307808,0.053133003413677216,0.9561678079353664,0.9945890156085531,0.0,0.0,0.6071326614066926,1.2087095849768612,0.502075467999314,0.0032950013410300016,0.010604345239698887,0.012817573733627796,4096,0.24350740015506744,0.0,1.087777853012085
0,D0,validation_test_seen,eval,scene_0115,128,3968,0,200648,0.0036981499288231134,9.167745156446472e-05,0.05414881929755211,0.05591801553964615,0.9683608900455405,0.9639820202424542,0.0,0.0,51118,0.010387076064944267,0.00016914306615944952,0.05086473748087883,0.05734998360276222,0.8869180823694074,0.8893770429739708,0.0,0.0,149530,0.0014114882797002792,6.519527232740074e-05,0.04970725253224373,0.04989656060934067,0.9962059894552832,0.9958423718403159,0.0,0.0,0.29976981925804014,0.8308566992929933,0.36203169671280966,0.0026576644740998745,0.011162856593728065,0.009274734184145927,4096,0.24349544942378998,0.0,1.191872477531433
0,D0,validation_test_seen,eval,scene_0116,128,4224,0,200682,0.005710755009204149,0.003895146306604147,0.05909954011440277,0.06261704117059708,0.9438251793691266,0.9463385907009615,0.0,0.0,68868,0.011343266814947128,0.009951330721378326,0.04232168197631836,0.046667635440826416,0.9068743589972834,0.9729182618223875,0.0,0.0,131814,0.0027679740451276302,0.0007310108630917966,0.05216413363814354,0.051975592970848083,1.0036274846811504,1.0055202760500486,0.0,0.0,0.3735705589852108,0.9952679019566363,0.37873731326549825,0.0025481556076556444,0.010103420354425907,0.010055609978735447,4096,0.2422170490026474,0.0,1.3934729099273682
0,D0,validation_test_seen,eval,scene_0117,128,4480,0,200501,0.0033193917479366064,0.0010762076126411557,0.05277702957391739,0.0538739413022995,0.979639289388035,0.9634862717599656,0.0,0.0,53935,0.007668747566640377,0.0020746709778904915,0.03787107765674591,0.03975345194339752,0.952648784077121,1.003762234651622,0.0,0.0,146566,0.0017188674537464976,0.0007087817648425698,0.05243981257081032,0.05313188582658768,0.9869744270317046,0.9975365406187676,0.0,0.0,0.9021587114405487,1.2674097742833434,0.708679789977408,0.0019492172868922353,0.0057647996582090855,0.007306363433599472,4096,0.2446841150522232,0.0,1.2335582971572876
0,D0,validation_test_seen,eval,scene_0118,128,4736,0,200491,0.004258645232766867,-0.0004572451289277524,0.05609847605228424,0.057867057621479034,0.96943716093596,0.9464403106226419,0.0,0.0,65199,0.008933844044804573,-0.0014616090338677168,0.043489065021276474,0.04918580502271652,0.8841791854619641,0.8839752706040707,0.0,0.0,135292,0.002005605259910226,2.677107295312453e-05,0.05150654539465904,0.05246668681502342,0.9816999799558631,0.9992991454735178,0.0,0.0,0.541266885127506,0.9022386956539149,0.5980166459137837,0.0020049074664711952,0.005581997334957123,0.0050362939946353436,4096,0.24399666488170624,0.0,1.2200515270233154
0,D0,validation_test_seen,eval,scene_0119,128,4992,0,199640,0.004805318079888821,0.002522251568734646,0.054361116141080856,0.056304823607206345,0.9654788463651858,0.962141518046931,0.0,0.0,70329,0.00837603397667408,0.004553438164293766,0.03986824303865433,0.04295191913843155,0.9282063255465091,0.9055417616356837,0.0,0.0,129311,0.002863295841962099,0.0014175402466207743,0.05106707289814949,0.051717229187488556,0.9874286325939451,1.0006385046906008,0.0,0.0,0.42362029427292947,1.030493950050208,0.40935513978272986,0.0029930234886705875,0.010213229805231094,0.010524671524763107,4096,0.24352367222309113,0.0,1.2930423021316528
0,D0,validation_test_seen,eval,scene_0120,128,5248,0,200686,0.0040095108561217785,0.0017974138027057052,0.050163306295871735,0.0505831353366375,0.9917002171183786,0.9958790226850085,0.0,0.0,62231,0.008578717708587646,0.0026324372738599777,0.0325140543282032,0.03299010917544365,0.9855697704815478,0.9739774149981903,0.0,0.0,138455,0.0019558013882488012,0.0014220980228856206,0.052027832716703415,0.052198220044374466,0.9967357636423962,0.992231594064337,0.0,0.0,0.6639847852009835,1.1226593080090304,0.5918315815778573,0.0029997953679412603,0.009270037524402142,0.010407093912363052,4096,0.24458041787147522,0.0,1.317156195640564
0,D0,validation_test_seen,eval,scene_0121,128,5504,0,199742,0.004361330531537533,0.0027603162452578545,0.05202264338731766,0.05205470323562622,0.9993841123603482,0.9993474055070493,0.0,0.0,68418,0.00826294906437397,0.005319562274962664,0.04203243553638458,0.03979155048727989,1.0563156002131917,1.0732037134179508,0.0,0.0,131324,0.002328641014173627,0.001426983973942697,0.051471397280693054,0.05136334151029587,1.0021037527392085,1.0053280848574366,0.0,0.0,0.5466594327113565,1.3525390904087937,0.40456144177806147,0.0029645804315805435,0.008635847829282284,0.011680321767926216,4096,0.24397586286067963,0.0,1.1266337633132935
0,D0,validation_test_seen,eval,scene_0122,128,5760,0,200023,0.0038943977560847998,0.0017572203651070595,0.06248520687222481,0.06293501704931259,0.992852783741437,1.004575054755789,0.0,0.0,78065,0.0059538609348237514,0.0021844785660505295,0.045323967933654785,0.04501315951347351,1.0069048345759475,0.9961077751962993,0.0,0.0,121958,0.0025761404540389776,0.0014837338821962476,0.05592787265777588,0.056563809514045715,0.9887571777478685,0.99871559743104,0.0,0.0,0.7200584517612202,0.9400769984933218,0.7657144260949442,0.0018010848434641957,0.007186685223132372,0.006756037473678589,4096,0.24250082671642303,0.0,1.3143936395645142
0,D0,validation_test_seen,eval,scene_0123,128,6016,0,200684,0.00332113285548985,0.00044430437264963984,0.05994100496172905,0.05883701890707016,1.018763460065891,1.0276164594842048,0.0,0.0,72385,0.005451783537864685,-0.0006834224914200604,0.048547372221946716,0.04689929634332657,1.0351407378600181,1.040332601628329,0.0,0.0,128299,0.002119040582329035,0.0010805566562339664,0.05228244513273239,0.051957398653030396,1.0062560191258352,1.003318397032581,0.0,0.0,0.9181790692802603,0.9995683667198132,0.9176439468752842,0.0020480260718613863,0.012482126243412495,0.012476738542318344,4096,0.24197621643543243,0.0,1.0019111633300781
0,D0,validation_test_seen,eval,scene_0124,128,6272,0,200223,0.0047885579988360405,8.52203811518848e-05,0.049908801913261414,0.04967567324638367,1.0046930147422757,1.0221583239176009,0.0,0.0,71991,0.009224596433341503,-0.0012167425593361259,0.035708535462617874,0.034191593527793884,1.0443659326258334,1.062517899134739,0.0,0.0,128232,0.002298112493008375,0.000816158193629235,0.05027947202324867,0.05110533535480499,0.9838399782366622,0.9934191613100207,0.0,0.0,0.6263719743939976,0.9085395571528404,0.6886488029510002,0.002162075834348798,0.008394596166908741,0.007626822683960199,4096,0.24397727847099304,0.0,1.2178322076797485
0,D0,validation_test_seen,eval,scene_0125,128,6528,0,200704,0.006830177735537291,0.00451581459492445,0.05943312495946884,0.0626876950263977,0.9480827925550881,0.9386198082745238,0.0,0.0,61232,0.016325021162629128,0.01060799602419138,0.0539422482252121,0.055785808712244034,0.9669528769128105,1.005593533895489,0.0,0.0,139472,0.0026616838295012712,0.0018411808414384723,0.05017569288611412,0.05128074064850807,0.9784510178983521,0.9909828723840355,0.0,0.0,0.5980034936879124,1.3319955219615442,0.4477804191557464,0.004244028124958277,0.011862926185131073,0.015801364555954933,4096,0.24192343652248383,0.0,1.6107476949691772
0,D0,validation_test_seen,eval,scene_0126,128,6784,0,200700,0.0027469743508845568,0.0014631443191319704,0.05063742399215698,0.05136072263121605,0.9859172807156055,0.9804935860437717,0.0,0.0,60523,0.005849423352628946,0.003168755676597357,0.03200912103056908,0.03332030400633812,0.9606491292660585,0.9350921807726895,0.0,0.0,140177,0.001407457166351378,0.0007267274195328355,0.053271349519491196,0.053400807082653046,0.9975757377044606,0.9972895787661286,0.0,0.0,0.723783628744242,0.984750973093759,0.7358289704726135,0.0017896227072924376,0.007858054712414742,0.007738227024674416,4096,0.24490688741207123,0.0,1.083396315574646
0,D0,validation_test_seen,eval,scene_0127,128,7040,0,200161,0.003404285991564393,0.001409130753017962,0.05063849315047264,0.05238356813788414,0.9666865956359042,0.9938172251414855,0.0,0.0,42698,0.008700767531991005,0.005128575023263693,0.033293917775154114,0.03676766902208328,0.9055215807985332,0.8816467683371689,0.0,0.0,157463,0.0019680808763951063,0.0004005585506092757,0.05218257009983063,0.05304429680109024,0.9837545833722523,0.9921692385265087,0.0,0.0,0.623935850741104,0.8643702623602719,0.7187273118033697,0.0022080291528254747,0.009289361536502838,0.008029447868466377,4096,0.24483677744865417,0.0,1.158808708190918
0,D0,validation_test_seen,eval,scene_0128,128,7296,0,200671,0.0033935310784727335,0.001645113225094974,0.056303296238183975,0.05794762074947357,0.971623951250759,0.9478293276891047,0.0,0.0,61355,0.005972797982394695,0.004235371947288513,0.04836094751954079,0.050289787352085114,0.9616454963501779,0.9782881913194815,0.0,0.0,139316,0.0022576169576495886,0.000504359311889857,0.05117892473936081,0.051738664507865906,0.9891814028477678,0.9627794308652335,0.0,0.0,0.46587886196207984,0.8757664963446196,0.5322503900059731,0.0018941520247608423,0.007903825491666794,0.006921905558556318,4096,0.2439243644475937,0.0,1.0733357667922974
0,D0,validation_test_seen,eval,scene_0129,128,7552,0,200043,0.003178983461111784,0.0005130094941705465,0.054412148892879486,0.05616459250450134,0.968798071285189,1.0101069228541626,0.0,0.0,59425,0.005329988431185484,0.0005979122361168265,0.04318457469344139,0.04574619233608246,0.9440036970985106,0.9276399625885747,0.0,0.0,140618,0.00226997141726315,0.0004771297099068761,0.05465000495314598,0.056242913007736206,0.9716780662770593,1.0019004861307452,0.0,0.0,0.780723755784335,1.1940610134973828,0.6528727334077502,0.0013873055577278137,0.00458768755197525,0.005477978847920895,4096,0.24464669823646545,0.0,1.1323363780975342
0,D0,validation_test_seen,eval,scene_0100,192,192,0,198401,0.004338705446571112,0.0006942566251382232,0.08795512467622757,0.08828484266996384,0.9962652932965078,0.9887925174032257,0.0,0.0,54212,0.0069869267754256725,-0.0005265913205221295,0.05327458307147026,0.05435025691986084,0.9802084864110826,1.0034748086132252,0.0,0.0,144189,0.0033430312760174274,0.001153269549831748,0.08748117089271545,0.08812298625707626,0.992716822345438,0.9903063353226832,0.0,0.0,0.7058651009799575,1.105422333303831,0.6130983394248232,0.0023996103554964066,0.007397410459816456,0.008177262730896473,4096,0.24079102277755737,0.0,1.3718570470809937
0,D0,validation_test_seen,eval,scene_0129,192,7616,0,199019,0.0035299197770655155,0.0008003294933587313,0.08519881218671799,0.08601099997758865,0.990557163722288,0.9874387427477046,0.0,0.0,57613,0.00552263343706727,0.0008219551527872682,0.05673040449619293,0.05941979959607124,0.9547390748847943,0.9235513953604372,0.0,0.0,141406,0.0027180290780961514,0.0007915185415185988,0.0862489864230156,0.08663759380578995,0.9955145639934845,0.9930856462767863,0.0,0.0,0.7332283892346451,1.1143242788086096,0.6368598116610279,0.0017146699829027057,0.00579006876796484,0.0064520142041146755,4096,0.2412756085395813,0.0,1.0604788064956665
50,D0,train,train,scene_0000,128,128,0,199291,0.0028562068473547697,-0.0017131008207798004,0.050037749111652374,0.05072623863816261,0.9864273491393413,1.0010860654837308,0.0,0.0,97957,0.003206938970834017,-0.002628077520057559,0.04325668886303902,0.04420310631394386,0.9785893451880259,0.9933118796642378,0.0,0.0,101334,0.002517162589356303,-0.0008286160882562399,0.05283301696181297,0.05377337336540222,0.9825126015956017,0.9984728876933247,0.0,0.0,0.7610172661533833,0.9555713805478961,0.7951799288044734,0.0014163015875965357,0.008893096819519997,0.008497988805174828,4096,0.24364322423934937,0.0,0.5982223153114319
50,D0,train,train,scene_0006,128,1664,0,200073,0.0022676882799714804,-0.0005223993211984634,0.06293734163045883,0.06395228207111359,0.9841297228529521,0.9725404834226729,0.0,0.0,62719,0.0038271357771009207,6.126098742242903e-05,0.0523415207862854,0.05385834351181984,0.9718368106660845,0.9578536181338437,0.0,0.0,137354,0.0015556083526462317,-0.0007889119442552328,0.05229233205318451,0.0529913492500782,0.9868088432020315,0.9898917195429109,0.0,0.0,0.5562387708743814,1.3921879780596929,0.4001357851156281,0.00252617709338665,0.008401311933994293,0.011696205474436283,4096,0.2421344667673111,0.0,0.6413888335227966
50,D0,train,train,scene_0013,128,3456,0,200704,0.0029521675314754248,-6.784450670238584e-05,0.06771177798509598,0.0688348039984703,0.9836852006813401,0.9722632781383049,0.0,0.0,89703,0.004893566481769085,0.000641861348412931,0.04511262848973274,0.04699346423149109,0.9599766526576271,0.9488247546579809,0.0,0.0,111001,0.0013832694385200739,-0.0006413774681277573,0.050936225801706314,0.05120379477739334,0.9947744307458016,0.9954510451815242,0.0,0.0,0.783545571020802,1.200155510716446,0.6538609910570985,0.0020995563827455044,0.00777825340628624,0.009335113689303398,4096,0.23779568076133728,0.0,0.7403096556663513
50,D0,train,train,scene_0019,128,4992,0,200704,0.0021440437994897366,-0.0010299875866621733,0.056133754551410675,0.055892203003168106,1.0043217396213364,1.0119923095277121,0.0,0.0,58792,0.004320770036429167,-0.0027132094837725163,0.04389842227101326,0.04431021586060524,0.9907065767657861,0.9813300497717253,0.0,0.0,141912,0.0012422590516507626,-0.00033265401725657284,0.052063215523958206,0.05229644477367401,0.995540246555475,1.0021958434473708,0.0,0.0,0.42766428576648174,0.7780390647507521,0.5497892997612901,0.0022694675717502832,0.011479240842163563,0.008931297808885574,4096,0.24303799867630005,0.0,0.6253053545951843
50,D0,train,train,scene_0026,128,6784,0,200606,0.002855189610272646,-0.0021721685770899057,0.05493154004216194,0.05439907684922218,1.0097880924416343,1.0132020769061125,0.0,0.0,73365,0.004473767708986998,-0.004045471549034119,0.040421973913908005,0.03955148905515671,1.0220089023080106,1.0130654329147388,0.0,0.0,127241,0.0019219451351091266,-0.001092054066248238,0.05358698219060898,0.05409681051969528,0.9905756305373921,0.9916578834238539,0.0,0.0,0.8116938426058355,0.9862861010693964,0.8211780018333403,0.001608806662261486,0.00924619846045971,0.009119397029280663,4096,0.2438843548297882,0.0,0.6521464586257935
50,D0,train,train,scene_0033,128,8576,0,199769,0.002656278433278203,-0.0005022932309657335,0.06722193211317062,0.06836948543787003,0.9832154166826043,0.9915776095010317,0.0,0.0,68040,0.004138398449867964,-0.00033937490661628544,0.060681093484163284,0.06265620142221451,0.968477055850517,0.9650537395206346,0.0,0.0,131729,0.0018907414050772786,-0.0005864429986104369,0.05620032921433449,0.05706477537751198,0.9848514927561048,1.0035525542353214,0.0,0.0,0.6041330615395653,1.2616264602227063,0.47739770035655904,0.0027533245738595724,0.010004051961004734,0.012621376663446426,4096,0.24156200885772705,0.0,0.6268247961997986
50,D0,train,train,scene_0039,128,10112,0,200702,0.0026972030755132437,-0.001781974919140339,0.055952608585357666,0.0558958500623703,1.0010154335773414,1.0255911576161354,0.0,0.0,79754,0.004445378668606281,-0.0033333897590637207,0.04984736070036888,0.05079520866274834,0.9813398155587344,0.9934393601764872,0.0,0.0,120948,0.0015444433083757758,-0.0007589600281789899,0.0509258396923542,0.051167383790016174,0.995279334611806,0.9961305978344739,0.0,0.0,0.6949689697705793,0.9110051101702367,0.7628756581716701,0.002120058052241802,0.010834875516593456,0.009870626963675022,4096,0.24205534160137177,0.0,0.5931864976882935
50,D0,train,train,scene_0046,128,11904,0,200574,0.0019908437971025705,-0.0009297092910856009,0.05294856056571007,0.053314391523599625,0.9931382325215581,1.0017912156982482,0.0,0.0,61885,0.003480911487713456,-0.001977005274966359,0.02887459471821785,0.02987593784928322,0.9664832904621472,0.9794487583842826,0.0,0.0,138689,0.0013259542174637318,-0.0004623907443601638,0.05443244427442551,0.05511162057518959,0.9876763504016821,0.9966585878043389,0.0,0.0,0.7046284098646434,0.9430436192554592,0.7471722021361984,0.0015393232461065054,0.00677051255479455,0.006384888663887978,4096,0.24385596811771393,0.0,0.6350613236427307
50,D0,train,train,scene_0052,128,13440,0,200635,0.0025562855880707502,-0.0017591255018487573,0.05332349240779877,0.053535621613264084,0.99603760638108,0.9961845661838874,0.0,0.0,91160,0.0035009507555514574,-0.0025600348599255085,0.032015684992074966,0.03297131881117821,0.9710162088275567,0.9671779987375171,0.0,0.0,109475,0.0017696619033813477,-0.0010922071523964405,0.05475672706961632,0.05531821399927139,0.9898498724188299,0.9915349575267629,0.0,0.0,0.6011861814297498,0.835583768772449,0.717475039946635,0.0013718404807150364,0.006577382795512676,0.005495954304933548,4096,0.24289308488368988,0.0,0.5946664810180664
50,D0,train,train,scene_0059,128,15232,0,199735,0.0028485136572271585,-0.0010538776405155659,0.06658686697483063,0.06833288073539734,0.9744484098756537,0.9849626581023618,0.0,0.0,85876,0.003042008029296994,-0.0012129094684496522,0.04921276494860649,0.05037938058376312,0.9768433906562832,0.9570670541781809,0.0,0.0,113859,0.0027025744784623384,-0.0009339309181086719,0.059327684342861176,0.06215624138712883,0.954492791373106,0.9881705642225911,0.0,0.0,0.7728904010720935,0.9478571186441324,0.8145508996663119,0.0016708520706743002,0.009780775755643845,0.009270777925848961,4096,0.24062274396419525,0.0,0.5999422669410706
50,D0,train,train,scene_0066,128,17024,0,200531,0.0021528711076825857,-0.0011257701553404331,0.04669969156384468,0.04653300344944,1.0035821481969414,1.0018139818318381,0.0,0.0,53207,0.004147083032876253,-0.0024808046873658895,0.038480136543512344,0.03818947449326515,1.0076110513198722,1.027749324040137,0.0,0.0,147324,0.0014326490927487612,-0.0006363909342326224,0.04744591563940048,0.047568727284669876,0.997418227220282,0.995323091063764,0.0,0.0,0.5795336953241774,0.8738894358111131,0.6585057962972556,0.002023727633059025,0.009781885892152786,0.008548286743462086,4096,0.24465060234069824,0.0,0.6415877342224121
50,D0,train,train,scene_0072,128,18560,0,200356,0.0024572014808654785,-0.0011666449718177319,0.0555315762758255,0.05605534091591835,0.990656293735177,0.9991379402327304,0.0,0.0,66762,0.003764802822843194,-0.0016975211910903454,0.04013904556632042,0.04116056486964226,0.9751820873557726,0.9815389600388831,0.0,0.0,133594,0.0018037434201687574,-0.0009013460366986692,0.053278904408216476,0.05397564545273781,0.9870915662299692,0.9980583396107738,0.0,0.0,0.7980975859098806,1.0089745173666491,0.7903857166805378,0.0024488952476531267,0.011699389666318893,0.011804386042058468,4096,0.24368304014205933,0.0,0.6483558416366577
50,D0,train,train,scene_0079,128,20352,0,200683,0.002347807167097926,-0.001073843683116138,0.060310862958431244,0.06036735698580742,0.9990641626501976,0.9886620966627511,0.0,0.0,98725,0.0027520358562469482,-0.0015825952868908644,0.0385524220764637,0.039067342877388,0.9868196615638701,0.9895902665127284,0.0,0.0,101958,0.0019563958048820496,-0.0005812242743559182,0.0567605085670948,0.05715063586831093,0.9931737014770041,0.9928269299953187,0.0,0.0,0.767702451424117,1.042772580570833,0.7360612986791251,0.001213804236613214,0.005860729143023491,0.0061114076524972916,4096,0.24025094509124756,0.0,0.5913563370704651
50,D0,train,train,scene_0085,128,21888,0,200633,0.002955608069896698,-0.0012580826878547668,0.05036688223481178,0.050385165959596634,0.9996371208780078,1.0115474091841747,0.0,0.0,90883,0.004103913903236389,-0.0024194717407226562,0.03783735632896423,0.038099657744169235,0.9931153865746958,1.0143589571492755,0.0,0.0,109750,0.0020047060679644346,-0.0002963467559311539,0.05245082452893257,0.053024355322122574,0.9891836347711197,0.9944243480137961,0.0,0.0,0.7384957785467485,0.9748473687129106,0.7575542742751522,0.0017704983474686742,0.008934836834669113,0.008710102178156376,4096,0.242611825466156,0.0,0.6962723135948181
50,D0,train,train,scene_0092,128,23680,0,200680,0.0021152272820472717,-0.00040698263910599053,0.0520622655749321,0.05243854597210884,0.9928243548671833,0.993515132771326,0.0,0.0,55656,0.003650191007182002,2.9758559321635403e-05,0.03718467801809311,0.037250760942697525,0.9982259979948847,1.0153987864192555,0.0,0.0,145024,0.001526152715086937,-0.0005745912785641849,0.052429791539907455,0.05279667675495148,0.9930509790086435,0.9960643054618714,0.0,0.0,0.6501031421364741,0.9624431532349075,0.674670093493883,0.002562782960012555,0.009336077608168125,0.008985443972051144,4096,0.24450959265232086,0.0,0.7061017155647278
50,D0,train,train,scene_0099,128,25472,0,200699,0.0025424992199987173,-0.001130795804783702,0.05560412257909775,0.05544103682041168,1.0029416073010025,1.014166206500605,0.0,0.0,77958,0.0038460043724626303,-0.0022252018097788095,0.04313941299915314,0.0436473973095417,0.9883616357056526,1.0073571181522076,0.0,0.0,122741,0.0017145877936854959,-0.00043569199624471366,0.05079570785164833,0.05100555345416069,0.9958858283402228,0.9983920939109604,0.0,0.0,0.5428959683824511,0.9488623292937157,0.5726257843136657,0.0019761575385928154,0.0100361043587327,0.009522881358861923,4096,0.24266520142555237,0.0,0.63150954246521
50,D0,validation_test_seen,train,scene_0100,128,128,0,199556,0.0031884557101875544,-0.00030891611822880805,0.05276360735297203,0.052054379135370255,1.0136247560605303,1.0023857648312449,0.0,0.0,57517,0.005778569262474775,-0.0014628702774643898,0.03706026077270508,0.037038180977106094,1.0005961360686864,1.0230799648663766,0.0,0.0,142039,0.0021396195515990257,0.0001583638513693586,0.05376654490828514,0.053139571100473404,1.0117986237906642,1.0007885692623688,0.0,0.0,0.5748587649318181,1.032223663035779,0.5557234959230128,0.0020745499059557915,0.005813529249280691,0.006000862456858158,4096,0.24474364519119263,0.0,1.0354622602462769
50,D0,validation_test_seen,train,scene_0101,128,384,0,200668,0.003257489064708352,-0.0010294332168996334,0.05678346008062363,0.05655544623732567,1.0040316867511068,1.0054923121934405,0.0,0.0,66409,0.006004811264574528,-0.0032670709770172834,0.051630791276693344,0.053048230707645416,0.9732801751906913,0.9529952097102484,0.0,0.0,134259,0.0018985720816999674,7.737735722912475e-05,0.0488140732049942,0.04894638806581497,0.997296739023054,1.0085652271403032,0.0,0.0,0.6565613307209731,0.9349000232603261,0.6992011169141628,0.0016449012327939272,0.0050209034234285355,0.004694042727351189,4096,0.24424970149993896,0.0,0.8617954254150391
50,D0,validation_test_seen,train,scene_0102,128,640,0,200285,0.0028004262130707502,-0.0004951138398610055,0.05162416025996208,0.05198422446846962,0.9930735869931862,1.0081201782561093,0.0,0.0,48268,0.005953711457550526,-0.0014222803292796016,0.03771565854549408,0.03879689425230026,0.9721308695542794,0.9673338565295989,0.0,0.0,152017,0.0017992036882787943,-0.00020072261395398527,0.049754008650779724,0.050269003957509995,0.989755211637661,0.9928010166037439,0.0,0.0,0.44842421192146714,0.7830890797899166,0.5719550659383357,0.0023158593103289604,0.008749539032578468,0.00685166846960783,4096,0.2446116954088211,0.0,1.2260947227478027
50,D0,validation_test_seen,train,scene_0103,128,896,0,200682,0.002657994395121932,-0.0005579181015491486,0.053011372685432434,0.05294144153594971,1.0013209150989069,0.9802949359746849,0.0,0.0,54316,0.004727963823825121,-0.0004944309475831687,0.037090931087732315,0.03799759969115257,0.9761387926924403,0.998103184892072,0.0,0.0,146366,0.0018898346461355686,-0.0005814779433421791,0.05282968655228615,0.052473071962594986,1.0067961446958045,1.0038467000426032,0.0,0.0,0.7770803941409778,1.0255353118578647,0.7578010387502412,0.002622149186208844,0.011807683855295181,0.012109196744859219,4096,0.2444477379322052,0.0,0.9972487092018127
50,D0,validation_test_seen,train,scene_0104,128,1152,0,200697,0.00225415313616395,-0.0008624019101262093,0.04845665395259857,0.0484677329659462,0.9997714146573472,1.0048290122369608,0.0,0.0,52465,0.005343862809240818,-0.002155235968530178,0.02924260124564171,0.0303192138671875,0.9644907474757801,0.9553140463607274,0.0,0.0,148232,0.0011605860199779272,-0.0004048182163387537,0.052017390727996826,0.05203025043010712,0.9997528418179042,1.004881499263761,0.0,0.0,0.5930171273866163,0.9048562757975958,0.6535915390979724,0.002065650187432766,0.007778441533446312,0.00703837163746357,4096,0.24502450227737427,0.0,0.7399135231971741
50,D0,validation_test_seen,train,scene_0105,128,1408,0,200704,0.003769879462197423,-0.001669418765231967,0.050021931529045105,0.05086847394704819,0.9833582108461855,0.9790938662042405,0.0,0.0,55002,0.006054264958947897,0.00014068146992940456,0.03682294487953186,0.03774315118789673,0.9756192506612973,0.9692946423602805,0.0,0.0,145702,0.0029075315687805414,-0.002352725015953183,0.04967973753809929,0.05001714453101158,0.9932541732224819,0.9962237377330053,0.0,0.0,0.7039750947975026,0.8876628786291388,0.7930548110805835,0.002153454115614295,0.01031164824962616,0.009153267368674278,4096,0.24444152414798737,0.0,1.0704840421676636
50,D0,validation_test_seen,train,scene_0106,128,1664,0,200309,0.004159039352089167,-0.0006025595357641578,0.05642141401767731,0.057935118675231934,0.9738724163828846,0.9904385625061202,0.0,0.0,98174,0.005672495812177658,-0.0006319402018561959,0.03823867067694664,0.040384773164987564,0.9468586222021538,0.9240785856085033,0.0,0.0,102135,0.0027042783331125975,-0.000574318110011518,0.05219634994864464,0.053902383893728256,0.9683495641223,0.999257962455518,0.0,0.0,0.8900144986126486,1.1577910108830507,0.7664037865176961,0.00170423393137753,0.005968934390693903,0.0069107785820961,4096,0.24226608872413635,0.0,0.976362943649292
50,D0,validation_test_seen,train,scene_0107,128,1920,0,199994,0.005492435302585363,0.0003185297246091068,0.05626457929611206,0.058338407427072525,0.9644517527573424,0.9205343586938575,0.0,0.0,66108,0.012156241573393345,0.00027007938479073346,0.0437178798019886,0.04761239513754845,0.9182037508445249,0.9212962420266373,0.0,0.0,133886,0.002202091971412301,0.0003424527822062373,0.049860838800668716,0.05165746808052063,0.9652203379954388,0.9915270958640126,0.0,0.0,0.730174834359363,1.392969284161055,0.5183883499285554,0.0036038821563124657,0.010132870636880398,0.01411477755755186,4096,0.242107093334198,0.0,1.1633124351501465
50,D0,validation_test_seen,train,scene_0108,128,2176,0,199879,0.005023080389946699,-0.002951796865090728,0.054623302072286606,0.05443450063467026,1.0034684149834214,1.017454878487741,0.0,0.0,82022,0.008659700863063335,-0.006901927758008242,0.03638891875743866,0.037817005068063736,0.9622369273279368,0.9698240260777795,0.0,0.0,117857,0.0024921922013163567,-0.00020272309484425932,0.051794104278087616,0.05369402468204498,0.9646157944909521,0.9967633059246606,0.0,0.0,0.7332261503760834,1.0702794315721988,0.6856674323963196,0.0019859974272549152,0.007075968664139509,0.007573263719677925,4096,0.24293683469295502,0.0,1.1079649925231934
50,D0,validation_test_seen,train,scene_0109,128,2432,0,199635,0.005767418071627617,-0.002392924390733242,0.05435194447636604,0.054467979818582535,0.9978696595210071,1.0509216069547376,0.0,0.0,90009,0.00854338239878416,-0.0063699581660330296,0.04810193181037903,0.04967711120843887,0.9682916466005724,0.9698488145687779,0.0,0.0,109626,0.0034881976898759604,0.0008724404033273458,0.048914410173892975,0.05085480585694313,0.9618443989638152,1.0241543427131026,0.0,0.0,0.7199163138588373,1.0032306435574851,0.7162997214280956,0.0019400118617340922,0.008185934275388718,0.008212380111217499,4096,0.241468146443367,0.0,0.845260500907898
50,D0,validation_test_seen,train,scene_0110,128,2688,0,200090,0.004611870739609003,-0.0022534728050231934,0.05196547135710716,0.05254792049527168,0.9889158479978873,1.0043807498416275,0.0,0.0,68702,0.008536654524505138,-0.006164963357150555,0.033653758466243744,0.03589851036667824,0.9374694972714489,0.9390508351855964,0.0,0.0,131388,0.0025596250779926777,-0.00020817758922930807,0.05105613172054291,0.053071681410074234,0.9620221248699927,0.9942159331268113,0.0,0.0,0.5871035377865265,0.8417744705306173,0.6979258043750144,0.0018270656000822783,0.0076749287545681,0.0064605590887367725,4096,0.2434103935956955,0.0,0.8209494352340698
50,D0,validation_test_seen,train,scene_0111,128,2944,0,200582,0.00392821105197072,0.0009206385002471507,0.04606127738952637,0.045875683426856995,1.0040455846933656,1.0042996630252947,0.0,0.0,85341,0.006247005891054869,0.00156374869402498,0.03006896935403347,0.02907377853989601,1.0342298409122097,1.0190401088619296,0.0,0.0,115241,0.0022110415156930685,0.0004443870566319674,0.050919048488140106,0.05075240507721901,1.0032834584029575,1.0009768997030455,0.0,0.0,0.5076966895378836,0.9136280584024052,0.5548765248007942,0.00211657234467566,0.006728209555149078,0.006147081032395363,4096,0.24396759271621704,0.0,1.1577659845352173
50,D0,validation_test_seen,train,scene_0112,128,3200,0,200135,0.004794163629412651,0.0010289058554917574,0.05351756885647774,0.05462484434247017,0.9797294527916569,1.024528615724935,0.0,0.0,68226,0.0069295004941523075,0.0005326488753780723,0.04213665425777435,0.04084191843867302,1.0317011508909766,1.028753031144419,0.0,0.0,131909,0.0036897247191518545,0.0012855799868702888,0.05433882400393486,0.056647252291440964,0.9592490686815732,1.0044965982917151,0.0,0.0,0.7112593493405266,1.0423861018003577,0.682320152196084,0.002904106630012393,0.00982955377548933,0.01024619024246931,4096,0.24421726167201996,0.0,1.046324610710144
50,D0,validation_test_seen,train,scene_0113,128,3456,0,200704,0.003546100575476885,-0.0014960929984226823,0.05357447266578674,0.05266651511192322,1.0172397499992927,1.0038462954002982,0.0,0.0,67285,0.007139906752854586,-0.0037792332004755735,0.0377030149102211,0.037633322179317474,1.0018518888811236,0.9895604641893586,0.0,0.0,133419,0.0017336953897029161,-0.0003446745395194739,0.05266820266842842,0.0523630753159523,1.0058271472910065,1.001286500347027,0.0,0.0,0.5948298685408333,0.8954904384366726,0.6653177379771291,0.002697808900848031,0.010529140010476112,0.009428744204342365,4096,0.24358801543712616,0.0,0.9460273385047913
50,D0,validation_test_seen,train,scene_0114,128,3712,0,199834,0.004189428873360157,-0.0005220988532528281,0.05563677102327347,0.057798922061920166,0.962591844942534,0.9761384882044642,0.0,0.0,58958,0.00840710662305355,-0.0007801619940437376,0.0539211705327034,0.0569305457174778,0.9471395338504455,0.9324286124162118,0.0,0.0,140876,0.0024242892395704985,-0.00041409695404581726,0.05104285851120949,0.053133003413677216,0.9606620223179461,0.9973194465542926,0.0,0.0,0.6021781448819986,1.1917735733790935,0.5050884015121708,0.0033902046270668507,0.010604345239698887,0.012637978419661522,4096,0.24337898194789886,0.0,1.024095892906189
50,D0,validation_test_seen,train,scene_0115,128,3968,0,200648,0.0036786049604415894,-0.0007248790934681892,0.054907139390707016,0.05591801553964615,0.9819221741118045,0.9788235769268789,0.0,0.0,51118,0.010188558138906956,-0.0016685004811733961,0.05236205831170082,0.05734998360276222,0.9130265611650294,0.9219572071356592,0.0,0.0,149530,0.0014531267806887627,-0.0004022947687190026,0.04995175078511238,0.04989656060934067,1.0011060917846386,0.9999853029640859,0.0,0.0,0.30019234455652444,0.9493164790398418,0.3175092912291167,0.002864406444132328,0.011162856593728065,0.01059708371758461,4096,0.2433144748210907,0.0,1.0614286661148071
50,D0,validation_test_seen,train,scene_0116,128,4224,0,200682,0.005457020364701748,0.003113417886197567,0.05919862538576126,0.06261704117059708,0.9454075804137326,0.9457054465761555,0.0,0.0,68868,0.010964660905301571,0.008771450258791447,0.04186826944351196,0.046667635440826416,0.8971585778456689,0.9602657469043858,0.0,0.0,131814,0.002579479245468974,0.00015730292943771929,0.05224766954779625,0.051975592970848083,1.0052346988537633,1.0066400781626306,0.0,0.0,0.3429778167768617,1.0496979987491317,0.33049318212988765,0.0028005491476505995,0.010103420354425907,0.010605540126562119,4096,0.24210232496261597,0.0,1.2167521715164185
50,D0,validation_test_seen,train,scene_0117,128,4480,0,200501,0.003261059056967497,0.0010391958057880402,0.053378473967313766,0.0538739413022995,0.9908032098077706,0.9690179242929922,0.0,0.0,53935,0.007654851768165827,0.0015747626312077045,0.03853008151054382,0.03975345194339752,0.9692260577874953,1.0307776656017469,0.0,0.0,146566,0.0016441817861050367,0.0008421118836849928,0.052947886288166046,0.05313188582658768,0.9965369281447647,1.0036170076647581,0.0,0.0,0.9144344456277739,1.325102568189035,0.6865797956144691,0.0020278673619031906,0.0057647996582090855,0.007638950832188129,4096,0.2446165382862091,0.0,1.1401556730270386
50,D0,validation_test_seen,train,scene_0118,128,4736,0,200491,0.004167940933257341,-0.0012581795454025269,0.05704645439982414,0.057867057621479034,0.9858191645577932,0.9696816842370914,0.0,0.0,65199,0.008465232327580452,-0.003104399424046278,0.04468351975083351,0.04918580502271652,0.9084637270894799,0.9012034627033115,0.0,0.0,135292,0.0020970203913748264,-0.0003684620023705065,0.05209066718816757,0.05246668681502342,0.9928331737778384,1.00417492480915,0.0,0.0,0.5111903434455105,0.928123786210146,0.5522518770948582,0.002192378742620349,0.005581997334957123,0.005180784501135349,4096,0.24380318820476532,0.0,1.0851783752441406
50,D0,validation_test_seen,train,scene_0119,128,4992,0,199640,0.004741055890917778,0.0011853529140353203,0.055158842355012894,0.056304823607206345,0.9796468370065762,0.9739605330099591,0.0,0.0,70329,0.008690275251865387,0.0019341229926794767,0.040411271154880524,0.04295191913843155,0.9408490229420794,0.925606792776001,0.0,0.0,129311,0.0025931750424206257,0.0007781156455166638,0.05138135701417923,0.051717229187488556,0.9935056038657504,1.0034084882748249,0.0,0.0,0.42122492173937154,1.0627429928512364,0.3944589095412311,0.003173903562128544,0.010213229805231094,0.010854038409888744,4096,0.24327586591243744,0.0,1.2057788372039795
50,D0,validation_test_seen,train,scene_0120,128,5248,0,200686,0.003954584710299969,0.0009291734895668924,0.05051353573799133,0.0505831353366375,0.9986240552669784,1.0024351321119078,0.0,0.0,62231,0.00908309780061245,0.0009799227118492126,0.032679472118616104,0.03299010917544365,0.9905839336518847,0.9775637232384464,0.0,0.0,138455,0.0016494859009981155,0.0009063634206540883,0.05220579728484154,0.052198220044374466,1.0001451628132267,0.9958062728892854,0.0,0.0,0.6588203877825449,1.1273326798362044,0.5844748956357907,0.003080498892813921,0.009270037524402142,0.01045041624456644,4096,0.24445085227489471,0.0,1.2642885446548462
50,D0,validation_test_seen,train,scene_0121,128,5504,0,199742,0.004260051064193249,0.0015831597847864032,0.052485473453998566,0.05205470323562622,1.0082753371279913,1.0128327663568435,0.0,0.0,68418,0.008283110335469246,0.0033016561064869165,0.04201880097389221,0.03979155048727989,1.0559729505218527,1.050967545754441,0.0,0.0,131324,0.002164092380553484,0.0006878466228954494,0.05184511840343475,0.05136334151029587,1.0093797809677612,1.0070868305141556,0.0,0.0,0.6428346994070996,1.3856997622367924,0.46433940515972877,0.0030630046967417,0.008635847829282284,0.01196669228374958,4096,0.24379046261310577,0.0,1.005699872970581
50,D0,validation_test_seen,train,scene_0122,128,5760,0,200023,0.0037353585939854383,0.0008645262569189072,0.06274405121803284,0.06293501704931259,0.9969656664884968,1.0032521185545906,0.0,0.0,78065,0.005803296808153391,0.001011590356938541,0.04495842754840851,0.04501315951347351,0.9987840896827378,0.9931527604451925,0.0,0.0,121958,0.002411677036434412,0.0007703910232521594,0.05636228621006012,0.056563809514045715,0.9964372395403186,1.0015396575016793,0.0,0.0,0.7391427146531291,0.9912185276903711,0.7459331290962241,0.0019655670039355755,0.007186685223132372,0.007123575545847416,4096,0.24236056208610535,0.0,1.1718077659606934
50,D0,validation_test_seen,train,scene_0123,128,6016,0,200684,0.003243492217734456,-0.00022349141363520175,0.05971766263246536,0.05883701890707016,1.0149675109608483,1.0209591738919375,0.0,0.0,72385,0.005814228672534227,-0.0015119938179850578,0.0477251261472702,0.04689929634332657,1.0176085755721822,0.9965802805791636,0.0,0.0,128299,0.001793108880519867,0.000503468734677881,0.052195508033037186,0.051957398653030396,1.0045827810125152,1.0020983265693557,0.0,0.0,0.9118789397116115,1.0104420185932843,0.9015229386377879,0.0022133311722427607,0.012482126243412495,0.012612464837729931,4096,0.2419135868549347,0.0,0.9130077362060547
50,D0,validation_test_seen,train,scene_0124,128,6272,0,200223,0.004724013619124889,-0.0010333091486245394,0.05009137839078903,0.04967567324638367,1.008368384709021,1.022542153779564,0.0,0.0,71991,0.009351704269647598,-0.00304452795535326,0.035518497228622437,0.034191593527793884,1.0388078929328033,1.0628153547257264,0.0,0.0,128232,0.002125972183421254,9.58134769462049e-05,0.05029860883951187,0.05110533535480499,0.9842144365222862,0.9927995974456777,0.0,0.0,0.6238324012084079,0.9597971028095343,0.6491110393325529,0.002261718735098839,0.008394596166908741,0.008057109080255032,4096,0.24382483959197998,0.0,1.1301500797271729
50,D0,validation_test_seen,train,scene_0125,128,6528,0,200704,0.00679188035428524,0.004055578261613846,0.058862779289484024,0.0626876950263977,0.938984584848701,0.9282113821365718,0.0,0.0,61232,0.01650589518249035,0.01036432571709156,0.05229343846440315,0.055785808712244034,0.9373967980664164,0.972782212045409,0.0,0.0,139472,0.0025271635968238115,0.0012858662521466613,0.0500972680747509,0.05128074064850807,0.9769216949913222,0.9904366992654032,0.0,0.0,0.5364701289467203,1.2247998856938291,0.4371852331437523,0.0041517531499266624,0.011862926185131073,0.01452971063554287,4096,0.24192862212657928,0.0,1.5442782640457153
50,D0,validation_test_seen,train,scene_0126,128,6784,0,200700,0.002694549271836877,0.0008131264476105571,0.05092227831482887,0.05136072263121605,0.9914634317056766,0.9841741727123987,0.0,0.0,60523,0.0060909586027264595,0.0022171256132423878,0.032715052366256714,0.03332030400633812,0.9818353506028553,0.9579940357075577,0.0,0.0,140177,0.0012281107483431697,0.00020693383703473955,0.053386278450489044,0.053400807082653046,0.9997279323486344,0.9996213119138133,0.0,0.0,0.7596338122650451,1.0301398917833933,0.7382051148246972,0.0018808183958753943,0.007858054712414742,0.008094895631074905,4096,0.24481216073036194,0.0,0.9715656042098999
50,D0,validation_test_seen,train,scene_0127,128,7040,0,200161,0.003399436827749014,0.0003765177680179477,0.051131267100572586,0.05238356813788414,0.9760936285589549,0.9992954165831832,0.0,0.0,42698,0.00852597039192915,0.0025889927055686712,0.03324700519442558,0.03676766902208328,0.904245661438501,0.8701010674159018,0.0,0.0,157463,0.0020093151833862066,-0.0002234216663055122,0.052532367408275604,0.05304429680109024,0.9903490210317178,0.9955111259317253,0.0,0.0,0.632333540287766,0.9093114195815357,0.6918250803773222,0.002351256087422371,0.009289361536502838,0.008446922525763512,4096,0.24468030035495758,0.0,1.0618385076522827
50,D0,validation_test_seen,train,scene_0128,128,7296,0,200671,0.0030305697582662106,0.0007437880849465728,0.05672837048768997,0.05794762074947357,0.9789594422339648,0.9564690519182839,0.0,0.0,61355,0.005120272282510996,0.002704813377931714,0.048726633191108704,0.050289787352085114,0.9689170656055359,0.9785525338404355,0.0,0.0,139316,0.002110260771587491,-0.0001198508107336238,0.05140284076333046,0.051738664507865906,0.9935092305197714,0.966148067290139,0.0,0.0,0.44329239898127865,0.8918779431456492,0.49719326007706105,0.001990168122574687,0.007903825491666794,0.007049247622489929,4096,0.24377837777137756,0.0,0.9444409608840942
50,D0,validation_test_seen,train,scene_0129,128,7552,0,200043,0.00308635039255023,-0.00010035664308816195,0.05503707379102707,0.05616459250450134,0.9799247414928914,1.026523315630005,0.0,0.0,59425,0.0051880949176847935,-0.0007142899557948112,0.04414575919508934,0.04574619233608246,0.9650149431184293,0.9576426574793788,0.0,0.0,140618,0.0021981552708894014,0.00015909085050225258,0.0550045482814312,0.056242913007736206,0.9779818530001341,1.0099102518805851,0.0,0.0,0.7421713975508478,1.1966514561940012,0.6195595928896872,0.0014418981736525893,0.00458768755197525,0.0054898629896342754,4096,0.24451793730258942,0.0,1.0674731731414795
50,D0,validation_test_seen,train,scene_0100,192,192,0,198401,0.004912940319627523,-0.000784145959187299,0.08875294774770737,0.08828484266996384,1.00530221342177,0.997106620255936,0.0,0.0,54212,0.007677383255213499,-0.0029356630984693766,0.05381103605031967,0.05435025691986084,0.9900787797500894,1.0092355261395618,0.0,0.0,144189,0.0038735687267035246,2.4778586521279067e-05,0.08812583237886429,0.08812298625707626,1.0000322971554745,0.9956200345273406,0.0,0.0,0.7274307568712518,1.1686176940967095,0.596846394935898,0.0026555501390248537,0.007397410459816456,0.008644744753837585,4096,0.24053438007831573,0.0,1.2627887725830078
50,D0,validation_test_seen,train,scene_0129,192,7616,0,199019,0.004244825802743435,-0.0010954511817544699,0.0858493372797966,0.08601099997758865,0.9981204415966077,0.9955419103649633,0.0,0.0,57613,0.005811246577650309,-0.00214959098957479,0.05720966309309006,0.05941979959607124,0.9628047129407128,0.9273957381423616,0.0,0.0,141406,0.003606619779020548,-0.0006659633945673704,0.08666139096021652,0.08663759380578995,1.0002746746923734,0.9963036514406571,0.0,0.0,0.7720793239097469,1.087676142935568,0.692038131970785,0.0017588550690561533,0.00579006876796484,0.006297719664871693,4096,0.24101559817790985,0.0,0.9927747845649719
50,D0,train,eval,scene_0000,128,128,0,199291,0.0028562068473547697,-0.0017131008207798004,0.050037749111652374,0.05072623863816261,0.9864273491393413,1.0010860654837308,0.0,0.0,97957,0.003206938970834017,-0.002628077520057559,0.04325668886303902,0.04420310631394386,0.9785893451880259,0.9933118796642378,0.0,0.0,101334,0.002517162589356303,-0.0008286160882562399,0.05283301696181297,0.05377337336540222,0.9825126015956017,0.9984728876933247,0.0,0.0,0.7610172661533833,0.9555713805478961,0.7951799288044734,0.0014163015875965357,0.008893096819519997,0.008497988805174828,4096,0.24364322423934937,0.0,0.6540042757987976
50,D0,train,eval,scene_0006,128,1664,0,200073,0.0022676882799714804,-0.0005223993211984634,0.06293734163045883,0.06395228207111359,0.9841297228529521,0.9725404834226729,0.0,0.0,62719,0.0038271357771009207,6.126098742242903e-05,0.0523415207862854,0.05385834351181984,0.9718368106660845,0.9578536181338437,0.0,0.0,137354,0.0015556083526462317,-0.0007889119442552328,0.05229233205318451,0.0529913492500782,0.9868088432020315,0.9898917195429109,0.0,0.0,0.5562387708743814,1.3921879780596929,0.4001357851156281,0.00252617709338665,0.008401311933994293,0.011696205474436283,4096,0.2421344667673111,0.0,0.7333506345748901
50,D0,train,eval,scene_0013,128,3456,0,200704,0.0029521675314754248,-6.784450670238584e-05,0.06771177798509598,0.0688348039984703,0.9836852006813401,0.9722632781383049,0.0,0.0,89703,0.004893566481769085,0.000641861348412931,0.04511262848973274,0.04699346423149109,0.9599766526576271,0.9488247546579809,0.0,0.0,111001,0.0013832694385200739,-0.0006413774681277573,0.050936225801706314,0.05120379477739334,0.9947744307458016,0.9954510451815242,0.0,0.0,0.783545571020802,1.200155510716446,0.6538609910570985,0.0020995563827455044,0.00777825340628624,0.009335113689303398,4096,0.23779568076133728,0.0,0.8330212235450745
50,D0,train,eval,scene_0019,128,4992,0,200704,0.0021440437994897366,-0.0010299875866621733,0.056133754551410675,0.055892203003168106,1.0043217396213364,1.0119923095277121,0.0,0.0,58792,0.004320770036429167,-0.0027132094837725163,0.04389842227101326,0.04431021586060524,0.9907065767657861,0.9813300497717253,0.0,0.0,141912,0.0012422590516507626,-0.00033265401725657284,0.052063215523958206,0.05229644477367401,0.995540246555475,1.0021958434473708,0.0,0.0,0.42766428576648174,0.7780390647507521,0.5497892997612901,0.0022694675717502832,0.011479240842163563,0.008931297808885574,4096,0.24303799867630005,0.0,0.7244840264320374
50,D0,train,eval,scene_0026,128,6784,0,200606,0.002855189610272646,-0.0021721685770899057,0.05493154004216194,0.05439907684922218,1.0097880924416343,1.0132020769061125,0.0,0.0,73365,0.004473767708986998,-0.004045471549034119,0.040421973913908005,0.03955148905515671,1.0220089023080106,1.0130654329147388,0.0,0.0,127241,0.0019219451351091266,-0.001092054066248238,0.05358698219060898,0.05409681051969528,0.9905756305373921,0.9916578834238539,0.0,0.0,0.8116938426058355,0.9862861010693964,0.8211780018333403,0.001608806662261486,0.00924619846045971,0.009119397029280663,4096,0.2438843548297882,0.0,0.7519345283508301
50,D0,train,eval,scene_0033,128,8576,0,199769,0.002656278433278203,-0.0005022932309657335,0.06722193211317062,0.06836948543787003,0.9832154166826043,0.9915776095010317,0.0,0.0,68040,0.004138398449867964,-0.00033937490661628544,0.060681093484163284,0.06265620142221451,0.968477055850517,0.9650537395206346,0.0,0.0,131729,0.0018907414050772786,-0.0005864429986104369,0.05620032921433449,0.05706477537751198,0.9848514927561048,1.0035525542353214,0.0,0.0,0.6041330615395653,1.2616264602227063,0.47739770035655904,0.0027533245738595724,0.010004051961004734,0.012621376663446426,4096,0.24156200885772705,0.0,0.7107692360877991
50,D0,train,eval,scene_0039,128,10112,0,200702,0.0026972030755132437,-0.001781974919140339,0.055952608585357666,0.0558958500623703,1.0010154335773414,1.0255911576161354,0.0,0.0,79754,0.004445378668606281,-0.0033333897590637207,0.04984736070036888,0.05079520866274834,0.9813398155587344,0.9934393601764872,0.0,0.0,120948,0.0015444433083757758,-0.0007589600281789899,0.0509258396923542,0.051167383790016174,0.995279334611806,0.9961305978344739,0.0,0.0,0.6949689697705793,0.9110051101702367,0.7628756581716701,0.002120058052241802,0.010834875516593456,0.009870626963675022,4096,0.24205534160137177,0.0,0.6593808531761169
50,D0,train,eval,scene_0046,128,11904,0,200574,0.0019908437971025705,-0.0009297092910856009,0.05294856056571007,0.053314391523599625,0.9931382325215581,1.0017912156982482,0.0,0.0,61885,0.003480911487713456,-0.001977005274966359,0.02887459471821785,0.02987593784928322,0.9664832904621472,0.9794487583842826,0.0,0.0,138689,0.0013259542174637318,-0.0004623907443601638,0.05443244427442551,0.05511162057518959,0.9876763504016821,0.9966585878043389,0.0,0.0,0.7046284098646434,0.9430436192554592,0.7471722021361984,0.0015393232461065054,0.00677051255479455,0.006384888663887978,4096,0.24385596811771393,0.0,0.7324044704437256
50,D0,train,eval,scene_0052,128,13440,0,200635,0.0025562855880707502,-0.0017591255018487573,0.05332349240779877,0.053535621613264084,0.99603760638108,0.9961845661838874,0.0,0.0,91160,0.0035009507555514574,-0.0025600348599255085,0.032015684992074966,0.03297131881117821,0.9710162088275567,0.9671779987375171,0.0,0.0,109475,0.0017696619033813477,-0.0010922071523964405,0.05475672706961632,0.05531821399927139,0.9898498724188299,0.9915349575267629,0.0,0.0,0.6011861814297498,0.835583768772449,0.717475039946635,0.0013718404807150364,0.006577382795512676,0.005495954304933548,4096,0.24289308488368988,0.0,0.6805026531219482
50,D0,train,eval,scene_0059,128,15232,0,199735,0.0028485136572271585,-0.0010538776405155659,0.06658686697483063,0.06833288073539734,0.9744484098756537,0.9849626581023618,0.0,0.0,85876,0.003042008029296994,-0.0012129094684496522,0.04921276494860649,0.05037938058376312,0.9768433906562832,0.9570670541781809,0.0,0.0,113859,0.0027025744784623384,-0.0009339309181086719,0.059327684342861176,0.06215624138712883,0.954492791373106,0.9881705642225911,0.0,0.0,0.7728904010720935,0.9478571186441324,0.8145508996663119,0.0016708520706743002,0.009780775755643845,0.009270777925848961,4096,0.24062274396419525,0.0,0.7020474672317505
50,D0,train,eval,scene_0066,128,17024,0,200531,0.0021528711076825857,-0.0011257701553404331,0.04669969156384468,0.04653300344944,1.0035821481969414,1.0018139818318381,0.0,0.0,53207,0.004147083032876253,-0.0024808046873658895,0.038480136543512344,0.03818947449326515,1.0076110513198722,1.027749324040137,0.0,0.0,147324,0.0014326490927487612,-0.0006363909342326224,0.04744591563940048,0.047568727284669876,0.997418227220282,0.995323091063764,0.0,0.0,0.5795336953241774,0.8738894358111131,0.6585057962972556,0.002023727633059025,0.009781885892152786,0.008548286743462086,4096,0.24465060234069824,0.0,0.7590560913085938
50,D0,train,eval,scene_0072,128,18560,0,200356,0.0024572014808654785,-0.0011666449718177319,0.0555315762758255,0.05605534091591835,0.990656293735177,0.9991379402327304,0.0,0.0,66762,0.003764802822843194,-0.0016975211910903454,0.04013904556632042,0.04116056486964226,0.9751820873557726,0.9815389600388831,0.0,0.0,133594,0.0018037434201687574,-0.0009013460366986692,0.053278904408216476,0.05397564545273781,0.9870915662299692,0.9980583396107738,0.0,0.0,0.7980975859098806,1.0089745173666491,0.7903857166805378,0.0024488952476531267,0.011699389666318893,0.011804386042058468,4096,0.24368304014205933,0.0,0.7347586750984192
50,D0,train,eval,scene_0079,128,20352,0,200683,0.002347807167097926,-0.001073843683116138,0.060310862958431244,0.06036735698580742,0.9990641626501976,0.9886620966627511,0.0,0.0,98725,0.0027520358562469482,-0.0015825952868908644,0.0385524220764637,0.039067342877388,0.9868196615638701,0.9895902665127284,0.0,0.0,101958,0.0019563958048820496,-0.0005812242743559182,0.0567605085670948,0.05715063586831093,0.9931737014770041,0.9928269299953187,0.0,0.0,0.767702451424117,1.042772580570833,0.7360612986791251,0.001213804236613214,0.005860729143023491,0.0061114076524972916,4096,0.24025094509124756,0.0,0.6688286066055298
50,D0,train,eval,scene_0085,128,21888,0,200633,0.002955608069896698,-0.0012580826878547668,0.05036688223481178,0.050385165959596634,0.9996371208780078,1.0115474091841747,0.0,0.0,90883,0.004103913903236389,-0.0024194717407226562,0.03783735632896423,0.038099657744169235,0.9931153865746958,1.0143589571492755,0.0,0.0,109750,0.0020047060679644346,-0.0002963467559311539,0.05245082452893257,0.053024355322122574,0.9891836347711197,0.9944243480137961,0.0,0.0,0.7384957785467485,0.9748473687129106,0.7575542742751522,0.0017704983474686742,0.008934836834669113,0.008710102178156376,4096,0.242611825466156,0.0,0.803281307220459
50,D0,train,eval,scene_0092,128,23680,0,200680,0.0021152272820472717,-0.00040698263910599053,0.0520622655749321,0.05243854597210884,0.9928243548671833,0.993515132771326,0.0,0.0,55656,0.003650191007182002,2.9758559321635403e-05,0.03718467801809311,0.037250760942697525,0.9982259979948847,1.0153987864192555,0.0,0.0,145024,0.001526152715086937,-0.0005745912785641849,0.052429791539907455,0.05279667675495148,0.9930509790086435,0.9960643054618714,0.0,0.0,0.6501031421364741,0.9624431532349075,0.674670093493883,0.002562782960012555,0.009336077608168125,0.008985443972051144,4096,0.24450959265232086,0.0,0.7859269976615906
50,D0,train,eval,scene_0099,128,25472,0,200699,0.0025424992199987173,-0.001130795804783702,0.05560412257909775,0.05544103682041168,1.0029416073010025,1.014166206500605,0.0,0.0,77958,0.0038460043724626303,-0.0022252018097788095,0.04313941299915314,0.0436473973095417,0.9883616357056526,1.0073571181522076,0.0,0.0,122741,0.0017145877936854959,-0.00043569199624471366,0.05079570785164833,0.05100555345416069,0.9958858283402228,0.9983920939109604,0.0,0.0,0.5428959683824511,0.9488623292937157,0.5726257843136657,0.0019761575385928154,0.0100361043587327,0.009522881358861923,4096,0.24266520142555237,0.0,0.7405294179916382
50,D0,validation_test_seen,eval,scene_0100,128,128,0,199556,0.0031884557101875544,-0.00030891611822880805,0.05276360735297203,0.052054379135370255,1.0136247560605303,1.0023857648312449,0.0,0.0,57517,0.005778569262474775,-0.0014628702774643898,0.03706026077270508,0.037038180977106094,1.0005961360686864,1.0230799648663766,0.0,0.0,142039,0.0021396195515990257,0.0001583638513693586,0.05376654490828514,0.053139571100473404,1.0117986237906642,1.0007885692623688,0.0,0.0,0.5748587649318181,1.032223663035779,0.5557234959230128,0.0020745499059557915,0.005813529249280691,0.006000862456858158,4096,0.24474364519119263,0.0,1.130375862121582
50,D0,validation_test_seen,eval,scene_0101,128,384,0,200668,0.003257489064708352,-0.0010294332168996334,0.05678346008062363,0.05655544623732567,1.0040316867511068,1.0054923121934405,0.0,0.0,66409,0.006004811264574528,-0.0032670709770172834,0.051630791276693344,0.053048230707645416,0.9732801751906913,0.9529952097102484,0.0,0.0,134259,0.0018985720816999674,7.737735722912475e-05,0.0488140732049942,0.04894638806581497,0.997296739023054,1.0085652271403032,0.0,0.0,0.6565613307209731,0.9349000232603261,0.6992011169141628,0.0016449012327939272,0.0050209034234285355,0.004694042727351189,4096,0.24424970149993896,0.0,0.9581009149551392
50,D0,validation_test_seen,eval,scene_0102,128,640,0,200285,0.0028004262130707502,-0.0004951138398610055,0.05162416025996208,0.05198422446846962,0.9930735869931862,1.0081201782561093,0.0,0.0,48268,0.005953711457550526,-0.0014222803292796016,0.03771565854549408,0.03879689425230026,0.9721308695542794,0.9673338565295989,0.0,0.0,152017,0.0017992036882787943,-0.00020072261395398527,0.049754008650779724,0.050269003957509995,0.989755211637661,0.9928010166037439,0.0,0.0,0.44842421192146714,0.7830890797899166,0.5719550659383357,0.0023158593103289604,0.008749539032578468,0.00685166846960783,4096,0.2446116954088211,0.0,1.325901746749878
50,D0,validation_test_seen,eval,scene_0103,128,896,0,200682,0.002657994395121932,-0.0005579181015491486,0.053011372685432434,0.05294144153594971,1.0013209150989069,0.9802949359746849,0.0,0.0,54316,0.004727963823825121,-0.0004944309475831687,0.037090931087732315,0.03799759969115257,0.9761387926924403,0.998103184892072,0.0,0.0,146366,0.0018898346461355686,-0.0005814779433421791,0.05282968655228615,0.052473071962594986,1.0067961446958045,1.0038467000426032,0.0,0.0,0.7770803941409778,1.0255353118578647,0.7578010387502412,0.002622149186208844,0.011807683855295181,0.012109196744859219,4096,0.2444477379322052,0.0,1.1091901063919067
50,D0,validation_test_seen,eval,scene_0104,128,1152,0,200697,0.00225415313616395,-0.0008624019101262093,0.04845665395259857,0.0484677329659462,0.9997714146573472,1.0048290122369608,0.0,0.0,52465,0.005343862809240818,-0.002155235968530178,0.02924260124564171,0.0303192138671875,0.9644907474757801,0.9553140463607274,0.0,0.0,148232,0.0011605860199779272,-0.0004048182163387537,0.052017390727996826,0.05203025043010712,0.9997528418179042,1.004881499263761,0.0,0.0,0.5930171273866163,0.9048562757975958,0.6535915390979724,0.002065650187432766,0.007778441533446312,0.00703837163746357,4096,0.24502450227737427,0.0,0.8471438884735107
50,D0,validation_test_seen,eval,scene_0105,128,1408,0,200704,0.003769879462197423,-0.001669418765231967,0.050021931529045105,0.05086847394704819,0.9833582108461855,0.9790938662042405,0.0,0.0,55002,0.006054264958947897,0.00014068146992940456,0.03682294487953186,0.03774315118789673,0.9756192506612973,0.9692946423602805,0.0,0.0,145702,0.0029075315687805414,-0.002352725015953183,0.04967973753809929,0.05001714453101158,0.9932541732224819,0.9962237377330053,0.0,0.0,0.7039750947975026,0.8876628786291388,0.7930548110805835,0.002153454115614295,0.01031164824962616,0.009153267368674278,4096,0.24444152414798737,0.0,1.1744486093521118
50,D0,validation_test_seen,eval,scene_0106,128,1664,0,200309,0.004159039352089167,-0.0006025595357641578,0.05642141401767731,0.057935118675231934,0.9738724163828846,0.9904385625061202,0.0,0.0,98174,0.005672495812177658,-0.0006319402018561959,0.03823867067694664,0.040384773164987564,0.9468586222021538,0.9240785856085033,0.0,0.0,102135,0.0027042783331125975,-0.000574318110011518,0.05219634994864464,0.053902383893728256,0.9683495641223,0.999257962455518,0.0,0.0,0.8900144986126486,1.1577910108830507,0.7664037865176961,0.00170423393137753,0.005968934390693903,0.0069107785820961,4096,0.24226608872413635,0.0,1.032785415649414
50,D0,validation_test_seen,eval,scene_0107,128,1920,0,199994,0.005492435302585363,0.0003185297246091068,0.05626457929611206,0.058338407427072525,0.9644517527573424,0.9205343586938575,0.0,0.0,66108,0.012156241573393345,0.00027007938479073346,0.0437178798019886,0.04761239513754845,0.9182037508445249,0.9212962420266373,0.0,0.0,133886,0.002202091971412301,0.0003424527822062373,0.049860838800668716,0.05165746808052063,0.9652203379954388,0.9915270958640126,0.0,0.0,0.730174834359363,1.392969284161055,0.5183883499285554,0.0036038821563124657,0.010132870636880398,0.01411477755755186,4096,0.242107093334198,0.0,1.2523573637008667
50,D0,validation_test_seen,eval,scene_0108,128,2176,0,199879,0.005023080389946699,-0.002951796865090728,0.054623302072286606,0.05443450063467026,1.0034684149834214,1.017454878487741,0.0,0.0,82022,0.008659700863063335,-0.006901927758008242,0.03638891875743866,0.037817005068063736,0.9622369273279368,0.9698240260777795,0.0,0.0,117857,0.0024921922013163567,-0.00020272309484425932,0.051794104278087616,0.05369402468204498,0.9646157944909521,0.9967633059246606,0.0,0.0,0.7332261503760834,1.0702794315721988,0.6856674323963196,0.0019859974272549152,0.007075968664139509,0.007573263719677925,4096,0.24293683469295502,0.0,1.1962740421295166
50,D0,validation_test_seen,eval,scene_0109,128,2432,0,199635,0.005767418071627617,-0.002392924390733242,0.05435194447636604,0.054467979818582535,0.9978696595210071,1.0509216069547376,0.0,0.0,90009,0.00854338239878416,-0.0063699581660330296,0.04810193181037903,0.04967711120843887,0.9682916466005724,0.9698488145687779,0.0,0.0,109626,0.0034881976898759604,0.0008724404033273458,0.048914410173892975,0.05085480585694313,0.9618443989638152,1.0241543427131026,0.0,0.0,0.7199163138588373,1.0032306435574851,0.7162997214280956,0.0019400118617340922,0.008185934275388718,0.008212380111217499,4096,0.241468146443367,0.0,0.9166603684425354
50,D0,validation_test_seen,eval,scene_0110,128,2688,0,200090,0.004611870739609003,-0.0022534728050231934,0.05196547135710716,0.05254792049527168,0.9889158479978873,1.0043807498416275,0.0,0.0,68702,0.008536654524505138,-0.006164963357150555,0.033653758466243744,0.03589851036667824,0.9374694972714489,0.9390508351855964,0.0,0.0,131388,0.0025596250779926777,-0.00020817758922930807,0.05105613172054291,0.053071681410074234,0.9620221248699927,0.9942159331268113,0.0,0.0,0.5871035377865265,0.8417744705306173,0.6979258043750144,0.0018270656000822783,0.0076749287545681,0.0064605590887367725,4096,0.2434103935956955,0.0,0.9176421165466309
50,D0,validation_test_seen,eval,scene_0111,128,2944,0,200582,0.00392821105197072,0.0009206385002471507,0.04606127738952637,0.045875683426856995,1.0040455846933656,1.0042996630252947,0.0,0.0,85341,0.006247005891054869,0.00156374869402498,0.03006896935403347,0.02907377853989601,1.0342298409122097,1.0190401088619296,0.0,0.0,115241,0.0022110415156930685,0.0004443870566319674,0.050919048488140106,0.05075240507721901,1.0032834584029575,1.0009768997030455,0.0,0.0,0.5076966895378836,0.9136280584024052,0.5548765248007942,0.00211657234467566,0.006728209555149078,0.006147081032395363,4096,0.24396759271621704,0.0,1.2340655326843262
50,D0,validation_test_seen,eval,scene_0112,128,3200,0,200135,0.004794163629412651,0.0010289058554917574,0.05351756885647774,0.05462484434247017,0.9797294527916569,1.024528615724935,0.0,0.0,68226,0.0069295004941523075,0.0005326488753780723,0.04213665425777435,0.04084191843867302,1.0317011508909766,1.028753031144419,0.0,0.0,131909,0.0036897247191518545,0.0012855799868702888,0.05433882400393486,0.056647252291440964,0.9592490686815732,1.0044965982917151,0.0,0.0,0.7112593493405266,1.0423861018003577,0.682320152196084,0.002904106630012393,0.00982955377548933,0.01024619024246931,4096,0.24421726167201996,0.0,1.1042982339859009
50,D0,validation_test_seen,eval,scene_0113,128,3456,0,200704,0.003546100575476885,-0.0014960929984226823,0.05357447266578674,0.05266651511192322,1.0172397499992927,1.0038462954002982,0.0,0.0,67285,0.007139906752854586,-0.0037792332004755735,0.0377030149102211,0.037633322179317474,1.0018518888811236,0.9895604641893586,0.0,0.0,133419,0.0017336953897029161,-0.0003446745395194739,0.05266820266842842,0.0523630753159523,1.0058271472910065,1.001286500347027,0.0,0.0,0.5948298685408333,0.8954904384366726,0.6653177379771291,0.002697808900848031,0.010529140010476112,0.009428744204342365,4096,0.24358801543712616,0.0,1.0377124547958374
50,D0,validation_test_seen,eval,scene_0114,128,3712,0,199834,0.004189428873360157,-0.0005220988532528281,0.05563677102327347,0.057798922061920166,0.962591844942534,0.9761384882044642,0.0,0.0,58958,0.00840710662305355,-0.0007801619940437376,0.0539211705327034,0.0569305457174778,0.9471395338504455,0.9324286124162118,0.0,0.0,140876,0.0024242892395704985,-0.00041409695404581726,0.05104285851120949,0.053133003413677216,0.9606620223179461,0.9973194465542926,0.0,0.0,0.6021781448819986,1.1917735733790935,0.5050884015121708,0.0033902046270668507,0.010604345239698887,0.012637978419661522,4096,0.24337898194789886,0.0,1.120725393295288
50,D0,validation_test_seen,eval,scene_0115,128,3968,0,200648,0.0036786049604415894,-0.0007248790934681892,0.054907139390707016,0.05591801553964615,0.9819221741118045,0.9788235769268789,0.0,0.0,51118,0.010188558138906956,-0.0016685004811733961,0.05236205831170082,0.05734998360276222,0.9130265611650294,0.9219572071356592,0.0,0.0,149530,0.0014531267806887627,-0.0004022947687190026,0.04995175078511238,0.04989656060934067,1.0011060917846386,0.9999853029640859,0.0,0.0,0.30019234455652444,0.9493164790398418,0.3175092912291167,0.002864406444132328,0.011162856593728065,0.01059708371758461,4096,0.2433144748210907,0.0,1.1676490306854248
50,D0,validation_test_seen,eval,scene_0116,128,4224,0,200682,0.005457020364701748,0.003113417886197567,0.05919862538576126,0.06261704117059708,0.9454075804137326,0.9457054465761555,0.0,0.0,68868,0.010964660905301571,0.008771450258791447,0.04186826944351196,0.046667635440826416,0.8971585778456689,0.9602657469043858,0.0,0.0,131814,0.002579479245468974,0.00015730292943771929,0.05224766954779625,0.051975592970848083,1.0052346988537633,1.0066400781626306,0.0,0.0,0.3429778167768617,1.0496979987491317,0.33049318212988765,0.0028005491476505995,0.010103420354425907,0.010605540126562119,4096,0.24210232496261597,0.0,1.3107448816299438
50,D0,validation_test_seen,eval,scene_0117,128,4480,0,200501,0.003261059056967497,0.0010391958057880402,0.053378473967313766,0.0538739413022995,0.9908032098077706,0.9690179242929922,0.0,0.0,53935,0.007654851768165827,0.0015747626312077045,0.03853008151054382,0.03975345194339752,0.9692260577874953,1.0307776656017469,0.0,0.0,146566,0.0016441817861050367,0.0008421118836849928,0.052947886288166046,0.05313188582658768,0.9965369281447647,1.0036170076647581,0.0,0.0,0.9144344456277739,1.325102568189035,0.6865797956144691,0.0020278673619031906,0.0057647996582090855,0.007638950832188129,4096,0.2446165382862091,0.0,1.2330111265182495
50,D0,validation_test_seen,eval,scene_0118,128,4736,0,200491,0.004167940933257341,-0.0012581795454025269,0.05704645439982414,0.057867057621479034,0.9858191645577932,0.9696816842370914,0.0,0.0,65199,0.008465232327580452,-0.003104399424046278,0.04468351975083351,0.04918580502271652,0.9084637270894799,0.9012034627033115,0.0,0.0,135292,0.0020970203913748264,-0.0003684620023705065,0.05209066718816757,0.05246668681502342,0.9928331737778384,1.00417492480915,0.0,0.0,0.5111903434455105,0.928123786210146,0.5522518770948582,0.002192378742620349,0.005581997334957123,0.005180784501135349,4096,0.24380318820476532,0.0,1.178864598274231
50,D0,validation_test_seen,eval,scene_0119,128,4992,0,199640,0.004741055890917778,0.0011853529140353203,0.055158842355012894,0.056304823607206345,0.9796468370065762,0.9739605330099591,0.0,0.0,70329,0.008690275251865387,0.0019341229926794767,0.040411271154880524,0.04295191913843155,0.9408490229420794,0.925606792776001,0.0,0.0,129311,0.0025931750424206257,0.0007781156455166638,0.05138135701417923,0.051717229187488556,0.9935056038657504,1.0034084882748249,0.0,0.0,0.42122492173937154,1.0627429928512364,0.3944589095412311,0.003173903562128544,0.010213229805231094,0.010854038409888744,4096,0.24327586591243744,0.0,1.2995144128799438
50,D0,validation_test_seen,eval,scene_0120,128,5248,0,200686,0.003954584710299969,0.0009291734895668924,0.05051353573799133,0.0505831353366375,0.9986240552669784,1.0024351321119078,0.0,0.0,62231,0.00908309780061245,0.0009799227118492126,0.032679472118616104,0.03299010917544365,0.9905839336518847,0.9775637232384464,0.0,0.0,138455,0.0016494859009981155,0.0009063634206540883,0.05220579728484154,0.052198220044374466,1.0001451628132267,0.9958062728892854,0.0,0.0,0.6588203877825449,1.1273326798362044,0.5844748956357907,0.003080498892813921,0.009270037524402142,0.01045041624456644,4096,0.24445085227489471,0.0,1.3403992652893066
50,D0,validation_test_seen,eval,scene_0121,128,5504,0,199742,0.004260051064193249,0.0015831597847864032,0.052485473453998566,0.05205470323562622,1.0082753371279913,1.0128327663568435,0.0,0.0,68418,0.008283110335469246,0.0033016561064869165,0.04201880097389221,0.03979155048727989,1.0559729505218527,1.050967545754441,0.0,0.0,131324,0.002164092380553484,0.0006878466228954494,0.05184511840343475,0.05136334151029587,1.0093797809677612,1.0070868305141556,0.0,0.0,0.6428346994070996,1.3856997622367924,0.46433940515972877,0.0030630046967417,0.008635847829282284,0.01196669228374958,4096,0.24379046261310577,0.0,1.0939931869506836
50,D0,validation_test_seen,eval,scene_0122,128,5760,0,200023,0.0037353585939854383,0.0008645262569189072,0.06274405121803284,0.06293501704931259,0.9969656664884968,1.0032521185545906,0.0,0.0,78065,0.005803296808153391,0.001011590356938541,0.04495842754840851,0.04501315951347351,0.9987840896827378,0.9931527604451925,0.0,0.0,121958,0.002411677036434412,0.0007703910232521594,0.05636228621006012,0.056563809514045715,0.9964372395403186,1.0015396575016793,0.0,0.0,0.7391427146531291,0.9912185276903711,0.7459331290962241,0.0019655670039355755,0.007186685223132372,0.007123575545847416,4096,0.24236056208610535,0.0,1.2255014181137085
50,D0,validation_test_seen,eval,scene_0123,128,6016,0,200684,0.003243492217734456,-0.00022349141363520175,0.05971766263246536,0.05883701890707016,1.0149675109608483,1.0209591738919375,0.0,0.0,72385,0.005814228672534227,-0.0015119938179850578,0.0477251261472702,0.04689929634332657,1.0176085755721822,0.9965802805791636,0.0,0.0,128299,0.001793108880519867,0.000503468734677881,0.052195508033037186,0.051957398653030396,1.0045827810125152,1.0020983265693557,0.0,0.0,0.9118789397116115,1.0104420185932843,0.9015229386377879,0.0022133311722427607,0.012482126243412495,0.012612464837729931,4096,0.2419135868549347,0.0,0.9750759601593018
50,D0,validation_test_seen,eval,scene_0124,128,6272,0,200223,0.004724013619124889,-0.0010333091486245394,0.05009137839078903,0.04967567324638367,1.008368384709021,1.022542153779564,0.0,0.0,71991,0.009351704269647598,-0.00304452795535326,0.035518497228622437,0.034191593527793884,1.0388078929328033,1.0628153547257264,0.0,0.0,128232,0.002125972183421254,9.58134769462049e-05,0.05029860883951187,0.05110533535480499,0.9842144365222862,0.9927995974456777,0.0,0.0,0.6238324012084079,0.9597971028095343,0.6491110393325529,0.002261718735098839,0.008394596166908741,0.008057109080255032,4096,0.24382483959197998,0.0,1.2177608013153076
50,D0,validation_test_seen,eval,scene_0125,128,6528,0,200704,0.00679188035428524,0.004055578261613846,0.058862779289484024,0.0626876950263977,0.938984584848701,0.9282113821365718,0.0,0.0,61232,0.01650589518249035,0.01036432571709156,0.05229343846440315,0.055785808712244034,0.9373967980664164,0.972782212045409,0.0,0.0,139472,0.0025271635968238115,0.0012858662521466613,0.0500972680747509,0.05128074064850807,0.9769216949913222,0.9904366992654032,0.0,0.0,0.5364701289467203,1.2247998856938291,0.4371852331437523,0.0041517531499266624,0.011862926185131073,0.01452971063554287,4096,0.24192862212657928,0.0,1.5815865993499756
50,D0,validation_test_seen,eval,scene_0126,128,6784,0,200700,0.002694549271836877,0.0008131264476105571,0.05092227831482887,0.05136072263121605,0.9914634317056766,0.9841741727123987,0.0,0.0,60523,0.0060909586027264595,0.0022171256132423878,0.032715052366256714,0.03332030400633812,0.9818353506028553,0.9579940357075577,0.0,0.0,140177,0.0012281107483431697,0.00020693383703473955,0.053386278450489044,0.053400807082653046,0.9997279323486344,0.9996213119138133,0.0,0.0,0.7596338122650451,1.0301398917833933,0.7382051148246972,0.0018808183958753943,0.007858054712414742,0.008094895631074905,4096,0.24481216073036194,0.0,1.0698565244674683
50,D0,validation_test_seen,eval,scene_0127,128,7040,0,200161,0.003399436827749014,0.0003765177680179477,0.051131267100572586,0.05238356813788414,0.9760936285589549,0.9992954165831832,0.0,0.0,42698,0.00852597039192915,0.0025889927055686712,0.03324700519442558,0.03676766902208328,0.904245661438501,0.8701010674159018,0.0,0.0,157463,0.0020093151833862066,-0.0002234216663055122,0.052532367408275604,0.05304429680109024,0.9903490210317178,0.9955111259317253,0.0,0.0,0.632333540287766,0.9093114195815357,0.6918250803773222,0.002351256087422371,0.009289361536502838,0.008446922525763512,4096,0.24468030035495758,0.0,1.1478155851364136
50,D0,validation_test_seen,eval,scene_0128,128,7296,0,200671,0.0030305697582662106,0.0007437880849465728,0.05672837048768997,0.05794762074947357,0.9789594422339648,0.9564690519182839,0.0,0.0,61355,0.005120272282510996,0.002704813377931714,0.048726633191108704,0.050289787352085114,0.9689170656055359,0.9785525338404355,0.0,0.0,139316,0.002110260771587491,-0.0001198508107336238,0.05140284076333046,0.051738664507865906,0.9935092305197714,0.966148067290139,0.0,0.0,0.44329239898127865,0.8918779431456492,0.49719326007706105,0.001990168122574687,0.007903825491666794,0.007049247622489929,4096,0.24377837777137756,0.0,1.028184413909912
50,D0,validation_test_seen,eval,scene_0129,128,7552,0,200043,0.00308635039255023,-0.00010035664308816195,0.05503707379102707,0.05616459250450134,0.9799247414928914,1.026523315630005,0.0,0.0,59425,0.0051880949176847935,-0.0007142899557948112,0.04414575919508934,0.04574619233608246,0.9650149431184293,0.9576426574793788,0.0,0.0,140618,0.0021981552708894014,0.00015909085050225258,0.0550045482814312,0.056242913007736206,0.9779818530001341,1.0099102518805851,0.0,0.0,0.7421713975508478,1.1966514561940012,0.6195595928896872,0.0014418981736525893,0.00458768755197525,0.0054898629896342754,4096,0.24451793730258942,0.0,1.1800053119659424
50,D0,validation_test_seen,eval,scene_0100,192,192,0,198401,0.004912940319627523,-0.000784145959187299,0.08875294774770737,0.08828484266996384,1.00530221342177,0.997106620255936,0.0,0.0,54212,0.007677383255213499,-0.0029356630984693766,0.05381103605031967,0.05435025691986084,0.9900787797500894,1.0092355261395618,0.0,0.0,144189,0.0038735687267035246,2.4778586521279067e-05,0.08812583237886429,0.08812298625707626,1.0000322971554745,0.9956200345273406,0.0,0.0,0.7274307568712518,1.1686176940967095,0.596846394935898,0.0026555501390248537,0.007397410459816456,0.008644744753837585,4096,0.24053438007831573,0.0,1.3394485712051392
50,D0,validation_test_seen,eval,scene_0129,192,7616,0,199019,0.004244825802743435,-0.0010954511817544699,0.0858493372797966,0.08601099997758865,0.9981204415966077,0.9955419103649633,0.0,0.0,57613,0.005811246577650309,-0.00214959098957479,0.05720966309309006,0.05941979959607124,0.9628047129407128,0.9273957381423616,0.0,0.0,141406,0.003606619779020548,-0.0006659633945673704,0.08666139096021652,0.08663759380578995,1.0002746746923734,0.9963036514406571,0.0,0.0,0.7720793239097469,1.087676142935568,0.692038131970785,0.0017588550690561533,0.00579006876796484,0.006297719664871693,4096,0.24101559817790985,0.0,1.0710221529006958
100,D0,train,train,scene_0000,128,128,0,199291,0.0027050848584622145,0.0012300113448873162,0.05135323107242584,0.05072623863816261,1.0123603178768221,1.0150331713245853,0.0,0.0,97957,0.002683258382603526,0.0012877226108685136,0.0453619509935379,0.04420310631394386,1.0262163629714973,1.047308880630913,0.0,0.0,101334,0.002726183971390128,0.0011742234928533435,0.05403492972254753,0.05377337336540222,1.0048640496360155,1.0280797518473332,0.0,0.0,0.8057745949402799,0.9443471440135974,0.8522973204553124,0.00134931446518749,0.008893096819519997,0.008398170582950115,4096,0.24386657774448395,0.0,0.5825722813606262
100,D0,train,train,scene_0006,128,1664,0,200073,0.002718897769227624,0.0014811857836320996,0.06388140469789505,0.06395228207111359,0.9988917147141094,0.9725566866294032,0.0,0.0,62719,0.004309765994548798,0.002225683070719242,0.0529211163520813,0.05385834351181984,0.9825982921377288,0.9671438711757373,0.0,0.0,137354,0.0019924703519791365,0.0011412310414016247,0.053778134286403656,0.0529913492500782,1.0148474241071395,1.0282763239778883,0.0,0.0,0.6303918661839266,1.4392941233854053,0.438058604644031,0.0025464766658842564,0.008401311933994293,0.01209195889532566,4096,0.2422611266374588,0.0,0.7052122354507446
100,D0,train,train,scene_0013,128,3456,0,200704,0.0034663239493966103,0.001252365647815168,0.06955666840076447,0.0688348039984703,1.0104869101146885,1.0044709990219893,0.0,0.0,89703,0.004906426649540663,0.0011144877644255757,0.04762993007898331,0.04699346423149109,1.0135437099158506,1.0127176836420948,0.0,0.0,111001,0.002302536740899086,0.00136378884781152,0.0522710457444191,0.05120379477739334,1.0208432006195165,1.0284294174945645,0.0,0.0,0.8288127174919435,1.1680884298973304,0.7106491322246405,0.002014255616813898,0.00777825340628624,0.009085687808692455,4096,0.2377711683511734,0.0,0.7420716881752014
100,D0,train,train,scene_0019,128,4992,0,200704,0.002723949495702982,0.001045331940986216,0.05715947225689888,0.055892203003168106,1.022673453283975,1.0262321192931991,0.0,0.0,58792,0.00439098384231329,1.8108205495082075e-06,0.04520152136683464,0.04431021586060524,1.020115124445192,1.0033970942552974,0.0,0.0,141912,0.0020333225838840008,0.0014776468742638826,0.05344840884208679,0.05229644477367401,1.0220275789950577,1.034914336560702,0.0,0.0,0.47049192176724636,0.8271591947291445,0.5687348833409579,0.0023477806244045496,0.011479240842163563,0.009495159611105919,4096,0.2431737184524536,0.0,0.6731548309326172
100,D0,train,train,scene_0026,128,6784,0,200606,0.002364367712289095,0.001132540637627244,0.05532319098711014,0.05439907684922218,1.0169876805161477,1.0029995157999627,0.0,0.0,73365,0.0024768442381173372,0.0005412044702097774,0.039818502962589264,0.03955148905515671,1.0067510456321933,1.0116015141500931,0.0,0.0,127241,0.002299515064805746,0.0014734951546415687,0.05514673516154289,0.05409681051969528,1.0194082540497533,1.0279475611673081,0.0,0.0,0.8098338367042723,0.9621946146415754,0.8398993107686716,0.0015577555168420076,0.00924619846045971,0.008896642364561558,4096,0.24419812858104706,0.0,0.6464020609855652
100,D0,train,train,scene_0033,128,8576,0,199769,0.0035327463410794735,0.0016249020118266344,0.06839917600154877,0.06836948543787003,1.0004342663029946,1.0192964343357778,0.0,0.0,68040,0.004701055586338043,0.002068710047751665,0.062230635434389114,0.06265620142221451,0.993207919117891,0.9850902226487768,0.0,0.0,131729,0.0029292970430105925,0.0013956683687865734,0.057647351175546646,0.05706477537751198,1.0102090263946653,1.038867323598693,0.0,0.0,0.6049211337888935,1.2218387865164482,0.4937006265749478,0.0027836484368890524,0.010004051961004734,0.012223338708281517,4096,0.24166420102119446,0.0,0.6629413962364197
100,D0,train,train,scene_0039,128,10112,0,200702,0.002566212322562933,0.001108751050196588,0.05639175698161125,0.0558958500623703,1.0088719809912114,1.0077285135269078,0.0,0.0,79754,0.0034107405226677656,0.0011977484682574868,0.05038260668516159,0.05079520866274834,0.9918771476985911,0.9983612314175349,0.0,0.0,120948,0.002009324263781309,0.001050065504387021,0.052378423511981964,0.051167383790016174,1.023668197047864,1.0288943667089343,0.0,0.0,0.7754100535754057,0.9715086799659511,0.7981358791582975,0.002101507969200611,0.010834875516593456,0.010526175610721111,4096,0.24239881336688995,0.0,0.576031506061554
100,D0,train,train,scene_0046,128,11904,0,200574,0.0025248571764677763,0.0012623791117221117,0.053745534271001816,0.053314391523599625,1.0080867986125537,1.0146540902148977,0.0,0.0,61885,0.003232989925891161,0.0013574286131188273,0.02948233112692833,0.02987593784928322,0.9868252931727017,1.0112430868110114,0.0,0.0,138689,0.002208878519013524,0.0012199666816741228,0.05584292486310005,0.05511162057518959,1.0132695115889894,1.0349715397732655,0.0,0.0,0.7257751239337569,0.9573084201625014,0.7581292990708212,0.0015996660804376006,0.00677051255479455,0.006481468677520752,4096,0.2440195530653,0.0,0.6527507305145264
100,D0,train,train,scene_0052,128,13440,0,200635,0.0025042847264558077,0.0005034006899222732,0.054304562509059906,0.053535621613264084,1.014363163677272,1.0197777077484396,0.0,0.0,91160,0.002754066837951541,-3.80048222723417e-05,0.032979149371385574,0.03297131881117821,1.000237496117526,1.0058500529062084,0.0,0.0,109475,0.002296291058883071,0.0009542298503220081,0.05624239519238472,0.05531821399927139,1.0167066346922462,1.0295978463384596,0.0,0.0,0.5999079772950882,0.8362224316879887,0.7149681323502931,0.0013858730671927333,0.006577382795512676,0.005500155035406351,4096,0.2430778443813324,0.0,0.5942736268043518
100,D0,train,train,scene_0059,128,15232,0,199735,0.0032111071050167084,0.0009117466979660094,0.06804486364126205,0.06833288073539734,0.9957850877785972,1.0184695761737046,0.0,0.0,85876,0.0029600381385535,0.00022778133279643953,0.050587352365255356,0.05037938058376312,1.00412811311061,0.9970056509384768,0.0,0.0,113859,0.003400471294298768,0.0014276144793257117,0.06083367392420769,0.06215624138712883,0.9787218880452605,1.0298526303400977,0.0,0.0,0.7291034770016089,0.9235871395505706,0.7883762310684432,0.0018430821364745498,0.009780775755643845,0.00903339870274067,4096,0.24069900810718536,0.0,0.6071096062660217
100,D0,train,train,scene_0066,128,17024,0,200531,0.002478945767506957,0.0012186903040856123,0.047648683190345764,0.04653300344944,1.0239760956353912,1.0249143235373313,0.0,0.0,53207,0.0038584598805755377,0.001925176358781755,0.039160121232271194,0.03818947449326515,1.0254166037078416,1.05019335456348,0.0,0.0,147324,0.0019807254429906607,0.0009635384194552898,0.048896778374910355,0.047568727284669876,1.027918575207886,1.0283697534813734,0.0,0.0,0.594582627021814,0.873644272899168,0.6763017103671065,0.002025114605203271,0.009781885892152786,0.00854588858783245,4096,0.2448194921016693,0.0,0.6638076305389404
100,D0,train,train,scene_0072,128,18560,0,200356,0.0029024891555309296,0.0010247451718896627,0.05667347088456154,0.05605534091591835,1.0110271377988829,1.0200597223821695,0.0,0.0,66762,0.003443282563239336,0.00047072244342416525,0.04090120270848274,0.04116056486964226,0.993698770607718,0.9772820279981839,0.0,0.0,133594,0.0026322342455387115,0.0013016113080084324,0.0547601580619812,0.05397564545273781,1.0145345665190855,1.0338115167930193,0.0,0.0,0.7680726490816633,0.9018921481749423,0.8510521957692526,0.0023061593528836966,0.011699389666318893,0.01055158767849207,4096,0.24379931390285492,0.0,0.6461093425750732
100,D0,train,train,scene_0079,128,20352,0,200683,0.0027566005010157824,0.0012866778997704387,0.06130422651767731,0.06036735698580742,1.0155194724209997,1.0139451364248595,0.0,0.0,98725,0.002804043237119913,0.0008078794926404953,0.03973982110619545,0.039067342877388,1.0172133085917312,1.0277440246947382,0.0,0.0,101958,0.002710662316530943,0.0017502941191196442,0.0580831840634346,0.05715063586831093,1.0163173721683953,1.023577505286525,0.0,0.0,0.7857742214408189,1.1299027794772212,0.6952095438139283,0.0013164982665330172,0.005860729143023491,0.006622054148465395,4096,0.24049365520477295,0.0,0.6212037801742554
100,D0,train,train,scene_0085,128,21888,0,200633,0.0034146744292229414,0.0017221758607774973,0.05096549540758133,0.050385165959596634,1.011517863183185,1.005337687483744,0.0,0.0,90883,0.0037670829333364964,0.0013985352125018835,0.03742357715964317,0.038099657744169235,0.9822549433628566,0.9770249172422187,0.0,0.0,109750,0.0031228477600961924,0.0019901797641068697,0.05423358082771301,0.053024355322122574,1.0228050958516026,1.0315977105372955,0.0,0.0,0.7080601588955642,0.9024907783309645,0.7846913909194131,0.0017307710368186235,0.008934836834669113,0.008063607849180698,4096,0.2429574429988861,0.0,0.7320989370346069
100,D0,train,train,scene_0092,128,23680,0,200680,0.002820775844156742,0.001619300339370966,0.05329572781920433,0.05243854597210884,1.016346407613045,1.028838583706734,0.0,0.0,55656,0.004412731621414423,0.0023914941120892763,0.03779273480176926,0.037250760942697525,1.0145493365868536,1.0193051450083483,0.0,0.0,145024,0.002209829166531563,0.001322954660281539,0.054053373634815216,0.05279667675495148,1.0238025754101252,1.0365672494345008,0.0,0.0,0.6075369561610042,0.9006324182353759,0.6734551247020522,0.002548931399360299,0.009336077608168125,0.008408374153077602,4096,0.2445892095565796,0.0,0.7505764961242676
100,D0,train,train,scene_0099,128,25472,0,200699,0.0028595938347280025,0.0012748248409479856,0.05645664408802986,0.05544103682041168,1.0183186918186253,1.018030745030549,0.0,0.0,77958,0.0034399430733174086,0.0007268866174854338,0.04433038830757141,0.0436473973095417,1.0156479203831108,1.0324687146604299,0.0,0.0,122741,0.0024909893982112408,0.0016228436725214124,0.052057623863220215,0.05100555345416069,1.020626585495343,1.0315521412865114,0.0,0.0,0.5423812385711666,0.9878118276551489,0.5496415426204635,0.0021242452785372734,0.0100361043587327,0.009913782589137554,4096,0.24287725985050201,0.0,0.6429818868637085
100,D0,validation_test_seen,train,scene_0100,128,128,0,199556,0.00433617178350687,0.0025790571235120296,0.05395809933543205,0.052054379135370255,1.0365717588353338,1.0328559764218226,0.0,0.0,57517,0.00624040374532342,0.0024977647699415684,0.0389590747654438,0.037038180977106094,1.0518625304391984,1.0909508843976303,0.0,0.0,142039,0.003565075807273388,0.0026119754184037447,0.0551878847181797,0.053139571100473404,1.038545919270471,1.038376044024775,0.0,0.0,0.6064659498676616,1.0125804410106998,0.5978483900430529,0.0020058471709489822,0.005813529249280691,0.005886666011065245,4096,0.24489499628543854,0.0,1.068873405456543
100,D0,validation_test_seen,train,scene_0101,128,384,0,200668,0.004072792828083038,0.001937919994816184,0.058026041835546494,0.05655544623732567,1.0260027229216744,1.0367385975470818,0.0,0.0,66409,0.005106277298182249,0.00029216977418400347,0.0535348504781723,0.053048230707645416,1.009173157408561,0.9969555491720916,0.0,0.0,134259,0.0035615963861346245,0.0027519632130861282,0.05030670017004013,0.04894638806581497,1.0277918791963983,1.043115846683894,0.0,0.0,0.6795392073564989,0.9288098614879114,0.7285412984348741,0.0015222353395074606,0.0050209034234285355,0.004663464613258839,4096,0.24439650774002075,0.0,0.881399929523468
100,D0,validation_test_seen,train,scene_0102,128,640,0,200285,0.003971507307142019,0.0024156183935701847,0.052429843693971634,0.05198422446846962,1.0085722010871259,1.0175537602414446,0.0,0.0,48268,0.006208215374499559,0.0033011012710630894,0.03842838108539581,0.03879689425230026,0.9905014776567431,0.9851436713756878,0.0,0.0,152017,0.0032613142393529415,0.0021344623528420925,0.05122480168938637,0.050269003957509995,1.0190136596437094,1.031174645240894,0.0,0.0,0.4633469209862244,0.8042246698314143,0.575435293894786,0.0023373074363917112,0.008749539032578468,0.007036595139652491,4096,0.24482320249080658,0.0,1.2833201885223389
100,D0,validation_test_seen,train,scene_0103,128,896,0,200682,0.0031673226039856672,0.0019083108054473996,0.054049301892519,0.05294144153594971,1.0209261464068182,1.007157141514401,0.0,0.0,54316,0.00465737096965313,0.002510515507310629,0.03763379901647568,0.03799759969115257,0.9904256932639457,1.0230914052668927,0.0,0.0,146366,0.0026143700815737247,0.001684834249317646,0.054278742522001266,0.052473071962594986,1.0344113750514443,1.0418204619960356,0.0,0.0,0.7572197308076636,0.9355597124054416,0.8098064420722918,0.002324284054338932,0.011807683855295181,0.011046793311834335,4096,0.24458883702754974,0.0,1.0504800081253052
100,D0,validation_test_seen,train,scene_0104,128,1152,0,200697,0.002928720787167549,0.0015719614457339048,0.04956020787358284,0.0484677329659462,1.0225402518497042,1.038905699840454,0.0,0.0,52465,0.005559104029089212,0.0020740730687975883,0.030334915965795517,0.0303192138671875,1.0005178926695395,0.9924424815167162,0.0,0.0,148232,0.0019977267365902662,0.0013942448422312737,0.053480327129364014,0.05203025043010712,1.0278698773746016,1.0433181868589585,0.0,0.0,0.6179460182280085,0.9783470214096248,0.6297245942427078,0.0021192245185375214,0.007778441533446312,0.007610015105456114,4096,0.24515996873378754,0.0,0.7556048631668091
100,D0,validation_test_seen,train,scene_0105,128,1408,0,200704,0.0034523296635597944,0.0007912749424576759,0.050607770681381226,0.05086847394704819,0.9948749540641156,0.9884452404094124,0.0,0.0,55002,0.006821276154369116,0.0041920957155525684,0.03652632236480713,0.03774315118789673,0.9677602747838446,0.9690282676332816,0.0,0.0,145702,0.002180563984438777,-0.0004925230168737471,0.05104653909802437,0.05001714453101158,1.0205808343651954,1.030492706344585,0.0,0.0,0.6457387285137622,0.8611392400032948,0.749851969424524,0.002218418987467885,0.01031164824962616,0.008879764936864376,4096,0.24464856088161469,0.0,1.1075800657272339
100,D0,validation_test_seen,train,scene_0106,128,1664,0,200309,0.00497883465141058,0.0023359444458037615,0.056634895503520966,0.057935118675231934,0.9775572536754493,0.9959942268638161,0.0,0.0,98174,0.006217773538082838,0.0030808302108198404,0.03870474919676781,0.040384773164987564,0.9583995690317189,0.9332692657553087,0.0,0.0,102135,0.003787943860515952,0.0016199472593143582,0.053234703838825226,0.053902383893728256,0.9876131627829411,1.034631305003407,0.0,0.0,0.8958112672752553,1.1255221778989215,0.7928764619613681,0.0016075660241767764,0.005968934390693903,0.006718168035149574,4096,0.2426297664642334,0.0,1.0193297863006592
100,D0,validation_test_seen,train,scene_0107,128,1920,0,199994,0.00659792497754097,0.0027250638231635094,0.05743555724620819,0.058338407427072525,0.984523914507043,0.946665578931984,0.0,0.0,66108,0.012585863471031189,0.0036720866337418556,0.046086836606264114,0.04761239513754845,0.9679587946189828,1.0290691841018524,0.0,0.0,133886,0.0036413001362234354,0.002257458632811904,0.05138904228806496,0.05165746808052063,0.9948037369536333,1.0278084479112886,0.0,0.0,0.6886675333443947,1.4082729301705033,0.4835855991726459,0.0038125065620988607,0.010132870636880398,0.014269847422838211,4096,0.24229906499385834,0.0,1.1287243366241455
100,D0,validation_test_seen,train,scene_0108,128,2176,0,199879,0.00512114679440856,-0.00020534121722448617,0.05515734851360321,0.05443450063467026,1.013279223112273,1.0211924817496494,0.0,0.0,82022,0.006902762688696384,-0.003292948007583618,0.03701025992631912,0.037817005068063736,0.9786671329394642,0.975801519567601,0.0,0.0,117857,0.003881240263581276,0.0019434635760262609,0.05311265215277672,0.05369402468204498,0.9891724911158937,1.0348480345268993,0.0,0.0,0.6992494227463891,1.0196875040924873,0.6863134692725161,0.0019662424456328154,0.007075968664139509,0.007215276826173067,4096,0.24322152137756348,0.0,1.0829626321792603
100,D0,validation_test_seen,train,scene_0109,128,2432,0,199635,0.005983267445117235,-0.00017366345855407417,0.05615120381116867,0.054467979818582535,1.0309030002249484,1.0887416029833656,0.0,0.0,90009,0.007677020039409399,-0.003625106066465378,0.05175293609499931,0.04967711120843887,1.0417863445772952,1.039054288534793,0.0,0.0,109626,0.004592602606862783,0.002660161117091775,0.0499732531607151,0.05085480585694313,0.9826653021012827,1.042455816415951,0.0,0.0,0.7963443741902144,1.0570302562807323,0.7526690981141398,0.00179347675293684,0.008185934275388718,0.008652780205011368,4096,0.24159587919712067,0.0,0.8761952519416809
100,D0,validation_test_seen,train,scene_0110,128,2688,0,200090,0.004955344833433628,0.0005408828728832304,0.053142793476581573,0.05254792049527168,1.0113205808279973,1.0426402409250028,0.0,0.0,68702,0.007464149501174688,-0.0025771730579435825,0.03539051488041878,0.03589851036667824,0.9858491207275555,0.9610207636673562,0.0,0.0,131388,0.0036435064394026995,0.0021712954621762037,0.05267614871263504,0.053071681410074234,0.9925471986767671,1.0332011962813146,0.0,0.0,0.6313693683754591,0.8978148239292543,0.704395339012384,0.0018364355200901628,0.0076749287545681,0.006890664808452129,4096,0.24362735450267792,0.0,0.8357648253440857
100,D0,validation_test_seen,train,scene_0111,128,2944,0,200582,0.004961350001394749,0.003498383332043886,0.04668638855218887,0.045875683426856995,1.017671783061814,1.0180468721832372,0.0,0.0,85341,0.007166745141148567,0.00495968759059906,0.030178315937519073,0.02907377853989601,1.0379908444341825,1.019161702344519,0.0,0.0,115241,0.003328158752992749,0.0024162232875823975,0.052215591073036194,0.05075240507721901,1.0288298848811395,1.0356573529943733,0.0,0.0,0.5334908105804181,0.9041156586881053,0.5892606173463402,0.0020413664169609547,0.006728209555149078,0.0060830796137452126,4096,0.2442253977060318,0.0,1.2095246315002441
100,D0,validation_test_seen,train,scene_0112,128,3200,0,200135,0.00613319082185626,0.003477330319583416,0.05437563359737396,0.05462484434247017,0.9954377765631005,1.0419640922985396,0.0,0.0,68226,0.007431588135659695,0.003705909475684166,0.042622171342372894,0.04084191843867302,1.0435888658455907,1.037020443398935,0.0,0.0,131909,0.005461633205413818,0.003359104273840785,0.05567268282175064,0.056647252291440964,0.9827958209751053,1.04327218462283,0.0,0.0,0.6269704201825125,0.9686178365559852,0.647341186096169,0.0028732360806316137,0.00982955377548933,0.009521081112325191,4096,0.24438324570655823,0.0,1.0914517641067505
100,D0,validation_test_seen,train,scene_0113,128,3456,0,200704,0.004100083839148283,0.0012942476896569133,0.05416237562894821,0.05266651511192322,1.0284024966118623,1.0086099997576317,0.0,0.0,67285,0.006455852184444666,7.385009666904807e-05,0.03776070475578308,0.037633322179317474,1.0033848347445555,1.0017287770507572,0.0,0.0,133419,0.0029120377730578184,0.0019097106996923685,0.05403151363134384,0.0523630753159523,1.031862878666396,1.0364642442110485,0.0,0.0,0.5697752174223385,0.8308549107352141,0.6867452710290302,0.002583628986030817,0.010529140010476112,0.008748187683522701,4096,0.2438490390777588,0.0,1.0125048160552979
100,D0,validation_test_seen,train,scene_0114,128,3712,0,199834,0.004573851823806763,0.0014632181264460087,0.05638406053185463,0.057798922061920166,0.9755209702950898,0.9904084090729671,0.0,0.0,58958,0.007949226535856724,0.002014408353716135,0.05436314269900322,0.0569305457174778,0.9549028911260483,0.9423369147260329,0.0,0.0,140876,0.003161224303767085,0.0012325396528467536,0.05228232964873314,0.053133003413677216,0.9839897293529412,1.0280278436487316,0.0,0.0,0.5900091651475763,1.1624579792134937,0.5073307746391644,0.0034305958542972803,0.010604345239698887,0.012327105738222599,4096,0.24352708458900452,0.0,1.1005593538284302
100,D0,validation_test_seen,train,scene_0115,128,3968,0,200648,0.004177980124950409,0.0017435259651392698,0.055471405386924744,0.05591801553964615,0.9920131258519939,0.9662621422072382,0.0,0.0,51118,0.009817283600568771,0.00272030895575881,0.05228062719106674,0.05734998360276222,0.9116066632763375,0.9392561470571186,0.0,0.0,149530,0.002250140532851219,0.001409605029039085,0.051423508673906326,0.04989656060934067,1.0306022708963996,1.0354382278477394,0.0,0.0,0.3297070584844549,0.854598763593538,0.3874202718725295,0.0027636606246232986,0.011162856593728065,0.009539763443171978,4096,0.24354520440101624,0.0,1.0458751916885376
100,D0,validation_test_seen,train,scene_0116,128,4224,0,200682,0.007455534767359495,0.005943689960986376,0.059482209384441376,0.06261704117059708,0.9499364433778498,0.9402261654764623,0.0,0.0,68868,0.014208806678652763,0.01295873150229454,0.04195273295044899,0.046667635440826416,0.8989684725647644,0.9769129978340243,0.0,0.0,131814,0.003927197773009539,0.0022785880137234926,0.05362271890044212,0.051975592970848083,1.03169037302793,1.0419008565348438,0.0,0.0,0.370015648762799,1.0093858439880665,0.36967684286964375,0.0026436562184244394,0.010103420354425907,0.010198249481618404,4096,0.24243582785129547,0.0,1.4799299240112305
100,D0,validation_test_seen,train,scene_0117,128,4480,0,200501,0.0049826172180473804,0.003940457012504339,0.05466087907552719,0.0538739413022995,1.014607020652378,1.0024489155941312,0.0,0.0,53935,0.00881923921406269,0.0057681589387357235,0.039564549922943115,0.03975345194339752,0.9952481605692162,1.0410811393943036,0.0,0.0,146566,0.0035707743372768164,0.0032678786665201187,0.054821230471134186,0.05313188582658768,1.031795307436672,1.0476773466243712,0.0,0.0,0.904140451366249,1.3098144535785798,0.6862763365998503,0.00202981592155993,0.0057647996582090855,0.0075508179143071175,4096,0.24476167559623718,0.0,1.2009918689727783
100,D0,validation_test_seen,train,scene_0118,128,4736,0,200491,0.005268721841275692,0.0022934775333851576,0.057199813425540924,0.057867057621479034,0.9884693602307776,0.9550945565897772,0.0,0.0,65199,0.009018936194479465,0.001820509904064238,0.044303543865680695,0.04918580502271652,0.9007384111171719,0.9109157539365093,0.0,0.0,135292,0.003461443819105625,0.0025214068591594696,0.053225502371788025,0.05246668681502342,1.0144628068366481,1.0426503181947555,0.0,0.0,0.5581329595045007,0.9093439962199831,0.6087794573847566,0.0020371144637465477,0.005581997334957123,0.005075955763459206,4096,0.24415835738182068,0.0,1.1623016595840454
100,D0,validation_test_seen,train,scene_0119,128,4992,0,199640,0.006101138424128294,0.004243566654622555,0.055613111704587936,0.056304823607206345,0.9877148731084937,0.9812936015109383,0.0,0.0,70329,0.009204189293086529,0.006279407534748316,0.04081717133522034,0.04295191913843155,0.9502991287460045,0.933310898810991,0.0,0.0,129311,0.0044134678319096565,0.0031363237649202347,0.05271677300333977,0.051717229187488556,1.0193270952747218,1.0375429735294082,0.0,0.0,0.4439370992741961,1.0171883645749022,0.4350979415013223,0.003003000980243087,0.010213229805231094,0.010388778522610664,4096,0.24358732998371124,0.0,1.1891316175460815
100,D0,validation_test_seen,train,scene_0120,128,5248,0,200686,0.005193679127842188,0.003653378924354911,0.051316309720277786,0.0505831353366375,1.014494443232135,1.025834993772723,0.0,0.0,62231,0.009267514571547508,0.005129396449774504,0.03294503688812256,0.03299010917544365,0.9986337636204418,0.9872649520970662,0.0,0.0,138455,0.003362623741850257,0.002989957807585597,0.053720250725746155,0.052198220044374466,1.0291586701630397,1.034016453283356,0.0,0.0,0.6580601986488706,1.1304905237055798,0.5823394640983464,0.0030511459335684776,0.009270037524402142,0.010479689575731754,4096,0.24465999007225037,0.0,1.2611886262893677
100,D0,validation_test_seen,train,scene_0121,128,5504,0,199742,0.0054368977434933186,0.00416863989084959,0.05295778438448906,0.05205470323562622,1.0173486945987384,1.0120460614031048,0.0,0.0,68418,0.009382675401866436,0.007009325549006462,0.04205368831753731,0.03979155048727989,1.0568497030790633,1.0619832598168975,0.0,0.0,131324,0.003381201531738043,0.0026886819396167994,0.053003232926130295,0.05136334151029587,1.03192727279057,1.0393952086836638,0.0,0.0,0.605977711453955,1.3375689701489464,0.4539518025793752,0.0030274176970124245,0.008635847829282284,0.011551042087376118,4096,0.2440379410982132,0.0,1.1021370887756348
100,D0,validation_test_seen,train,scene_0122,128,5760,0,200023,0.004946026019752026,0.0029648260679095984,0.06399721652269363,0.06293501704931259,1.0168777180523962,1.033440913869857,0.0,0.0,78065,0.006295494269579649,0.0026551089249551296,0.04653051868081093,0.04501315951347351,1.0337092348934813,1.037015733124592,0.0,0.0,121958,0.004082235042005777,0.0031630753073841333,0.057473473250865936,0.056563809514045715,1.0160820804792918,1.0333294435500524,0.0,0.0,0.684772854867452,0.9208034658069321,0.742918254999459,0.001860068878158927,0.007186685223132372,0.006617524661123753,4096,0.24245290458202362,0.0,1.2935855388641357
100,D0,validation_test_seen,train,scene_0123,128,6016,0,200684,0.004245399963110685,0.0016499770572409034,0.061018556356430054,0.05883701890707016,1.0370776339434449,1.0463903858325294,0.0,0.0,72385,0.006228958256542683,0.00036684598308056593,0.049607064574956894,0.04689929634332657,1.0577357965417666,1.0692594297732527,0.0,0.0,128299,0.0031262971460819244,0.0023739065509289503,0.05354535952210426,0.051957398653030396,1.0305627477556798,1.0376808767639627,0.0,0.0,0.8968568283819255,0.9823766780443259,0.911947468273641,0.0021876932587474585,0.012482126243412495,0.012262149713933468,4096,0.24200491607189178,0.0,0.9855867028236389
100,D0,validation_test_seen,train,scene_0124,128,6272,0,200223,0.005689035169780254,0.0012569373939186335,0.05120900273323059,0.04967567324638367,1.0308668083720143,1.0465114185883662,0.0,0.0,71991,0.009943385608494282,-6.18172634858638e-05,0.03739580139517784,0.034191593527793884,1.0937133235623926,1.127831824058424,0.0,0.0,128232,0.0033005906734615564,0.0019973020534962416,0.05160680040717125,0.05110533535480499,1.009812381601349,1.02455528654626,0.0,0.0,0.6399624195221224,0.9377635800186584,0.6816102158408512,0.002342838328331709,0.008394596166908741,0.007872146554291248,4096,0.2439836859703064,0.0,1.1582757234573364
100,D0,validation_test_seen,train,scene_0125,128,6528,0,200704,0.007521539460867643,0.005666855722665787,0.06003981828689575,0.0626876950263977,0.9577608215075234,0.9416439744601093,0.0,0.0,61232,0.016911130398511887,0.012165755964815617,0.053562723100185394,0.055785808712244034,0.9601496211424339,0.9995620953753516,0.0,0.0,139472,0.0033992535900324583,0.0028136614710092545,0.05160346254706383,0.05128074064850807,1.0062932378603455,1.027422594050646,0.0,0.0,0.5649275594490135,1.2192992152441724,0.4625223194697984,0.004077384248375893,0.011862926185131073,0.014464456588029861,4096,0.24200482666492462,0.0,1.589372158050537
100,D0,validation_test_seen,train,scene_0126,128,6784,0,200700,0.004171525593847036,0.003287504892796278,0.0520666129887104,0.05136072263121605,1.0137437777611278,1.014705657374634,0.0,0.0,60523,0.0071167610585689545,0.00527309300377965,0.032974496483802795,0.03332030400633812,0.9896217176629137,0.9698559071348676,0.0,0.0,140177,0.0028998868074268103,0.0024302052333950996,0.05504150316119194,0.053400807082653046,1.0307241813030925,1.0408073169055023,0.0,0.0,0.7125762396488793,0.981598922053181,0.726774607950762,0.0018493314273655415,0.007858054712414742,0.00771345803514123,4096,0.24494025111198425,0.0,1.0258140563964844
100,D0,validation_test_seen,train,scene_0127,128,7040,0,200161,0.004577204585075378,0.0028315074741840363,0.05215757340192795,0.05238356813788414,0.9956857704812828,1.0258994312386793,0.0,0.0,42698,0.010345415212213993,0.00741761177778244,0.03408166766166687,0.03676766902208328,0.9269466509067203,0.8834949815941332,0.0,0.0,157463,0.003013084176927805,0.0015879296697676182,0.05406016483902931,0.05304429680109024,1.01915131501787,1.0321208621086835,0.0,0.0,0.636555487132633,0.8935508346587295,0.7089946473601046,0.002319453749805689,0.009289361536502838,0.00830051675438881,4096,0.2448236346244812,0.0,1.170763611793518
100,D0,validation_test_seen,train,scene_0128,128,7296,0,200671,0.004554081242531538,0.0036712742876261473,0.05751444771885872,0.05794762074947357,0.9925247486434758,0.9657385054228584,0.0,0.0,61355,0.007592315785586834,0.0070158555172383785,0.04967149719595909,0.050289787352085114,0.9877054529621035,1.0101776973704757,0.0,0.0,139316,0.0032160375267267227,0.002198314992710948,0.05288935825228691,0.051738664507865906,1.022240499544515,1.0010946997055608,0.0,0.0,0.4713788090891105,0.8932549264328474,0.5276434994595551,0.0019218837842345238,0.007903825491666794,0.007060131058096886,4096,0.2440008521080017,0.0,1.0409232378005981
100,D0,validation_test_seen,train,scene_0129,128,7552,0,200043,0.004607494454830885,0.002833161735907197,0.05600614473223686,0.05616459250450134,0.997178867232914,1.044849306158865,0.0,0.0,59425,0.006153103895485401,0.0037771996576339006,0.04534158483147621,0.04574619233608246,0.9911553840014984,0.9725803843654061,0.0,0.0,140618,0.00395432161167264,0.0024342117831110954,0.05642450228333473,0.056242913007736206,1.003228660570507,1.0464592686588996,0.0,0.0,0.7950700509318787,1.1309722995896054,0.7015540589212591,0.0014208543580025434,0.00458768755197525,0.005188547540456057,4096,0.24469229578971863,0.0,1.1470695734024048
100,D0,validation_test_seen,train,scene_0100,192,192,0,198401,0.005342827644199133,0.0022797873243689537,0.08978208899497986,0.08828484266996384,1.0169592682020536,1.0068420810067564,0.0,0.0,54212,0.007837527431547642,0.001344648189842701,0.05455176159739494,0.05435025691986084,1.0037075202391632,1.0343085019100982,0.0,0.0,144189,0.004404873121529818,0.0026313799899071455,0.08981075882911682,0.08812298625707626,1.0191524668389802,1.0175054484056842,0.0,0.0,0.6944598566029596,1.0675365914427573,0.6252620192850469,0.0024592019617557526,0.007397410459816456,0.00789700634777546,4096,0.24058547616004944,0.0,1.2811962366104126
100,D0,validation_test_seen,train,scene_0129,192,7616,0,199019,0.004286689218133688,0.0019647949375212193,0.0868704542517662,0.08601099997758865,1.009992376258868,1.001130163345275,0.0,0.0,57613,0.005986733827739954,0.0027211999986320734,0.057945504784584045,0.05941979959607124,0.9751884923626589,0.9378718820104083,0.0,0.0,141406,0.0035940404050052166,0.0016566129634156823,0.08848303556442261,0.08663759380578995,1.0213007042043374,1.0192335789747529,0.0,0.0,0.7635291322007791,1.2124079485427066,0.6071779200151716,0.0018875080859288573,0.00579006876796484,0.007019925396889448,4096,0.24107575416564941,0.0,1.0458077192306519
100,D0,train,eval,scene_0000,128,128,0,199291,0.0027050848584622145,0.0012300113448873162,0.05135323107242584,0.05072623863816261,1.0123603178768221,1.0150331713245853,0.0,0.0,97957,0.002683258382603526,0.0012877226108685136,0.0453619509935379,0.04420310631394386,1.0262163629714973,1.047308880630913,0.0,0.0,101334,0.002726183971390128,0.0011742234928533435,0.05403492972254753,0.05377337336540222,1.0048640496360155,1.0280797518473332,0.0,0.0,0.8057745949402799,0.9443471440135974,0.8522973204553124,0.00134931446518749,0.008893096819519997,0.008398170582950115,4096,0.24386657774448395,0.0,0.6366380453109741
100,D0,train,eval,scene_0006,128,1664,0,200073,0.002718897769227624,0.0014811857836320996,0.06388140469789505,0.06395228207111359,0.9988917147141094,0.9725566866294032,0.0,0.0,62719,0.004309765994548798,0.002225683070719242,0.0529211163520813,0.05385834351181984,0.9825982921377288,0.9671438711757373,0.0,0.0,137354,0.0019924703519791365,0.0011412310414016247,0.053778134286403656,0.0529913492500782,1.0148474241071395,1.0282763239778883,0.0,0.0,0.6303918661839266,1.4392941233854053,0.438058604644031,0.0025464766658842564,0.008401311933994293,0.01209195889532566,4096,0.2422611266374588,0.0,0.7833951711654663
100,D0,train,eval,scene_0013,128,3456,0,200704,0.0034663239493966103,0.001252365647815168,0.06955666840076447,0.0688348039984703,1.0104869101146885,1.0044709990219893,0.0,0.0,89703,0.004906426649540663,0.0011144877644255757,0.04762993007898331,0.04699346423149109,1.0135437099158506,1.0127176836420948,0.0,0.0,111001,0.002302536740899086,0.00136378884781152,0.0522710457444191,0.05120379477739334,1.0208432006195165,1.0284294174945645,0.0,0.0,0.8288127174919435,1.1680884298973304,0.7106491322246405,0.002014255616813898,0.00777825340628624,0.009085687808692455,4096,0.2377711683511734,0.0,0.8297873735427856
100,D0,train,eval,scene_0019,128,4992,0,200704,0.002723949495702982,0.001045331940986216,0.05715947225689888,0.055892203003168106,1.022673453283975,1.0262321192931991,0.0,0.0,58792,0.00439098384231329,1.8108205495082075e-06,0.04520152136683464,0.04431021586060524,1.020115124445192,1.0033970942552974,0.0,0.0,141912,0.0020333225838840008,0.0014776468742638826,0.05344840884208679,0.05229644477367401,1.0220275789950577,1.034914336560702,0.0,0.0,0.47049192176724636,0.8271591947291445,0.5687348833409579,0.0023477806244045496,0.011479240842163563,0.009495159611105919,4096,0.2431737184524536,0.0,0.7608860731124878
100,D0,train,eval,scene_0026,128,6784,0,200606,0.002364367712289095,0.001132540637627244,0.05532319098711014,0.05439907684922218,1.0169876805161477,1.0029995157999627,0.0,0.0,73365,0.0024768442381173372,0.0005412044702097774,0.039818502962589264,0.03955148905515671,1.0067510456321933,1.0116015141500931,0.0,0.0,127241,0.002299515064805746,0.0014734951546415687,0.05514673516154289,0.05409681051969528,1.0194082540497533,1.0279475611673081,0.0,0.0,0.8098338367042723,0.9621946146415754,0.8398993107686716,0.0015577555168420076,0.00924619846045971,0.008896642364561558,4096,0.24419812858104706,0.0,0.7245803475379944
100,D0,train,eval,scene_0033,128,8576,0,199769,0.0035327463410794735,0.0016249020118266344,0.06839917600154877,0.06836948543787003,1.0004342663029946,1.0192964343357778,0.0,0.0,68040,0.004701055586338043,0.002068710047751665,0.062230635434389114,0.06265620142221451,0.993207919117891,0.9850902226487768,0.0,0.0,131729,0.0029292970430105925,0.0013956683687865734,0.057647351175546646,0.05706477537751198,1.0102090263946653,1.038867323598693,0.0,0.0,0.6049211337888935,1.2218387865164482,0.4937006265749478,0.0027836484368890524,0.010004051961004734,0.012223338708281517,4096,0.24166420102119446,0.0,0.7437961101531982
100,D0,train,eval,scene_0039,128,10112,0,200702,0.002566212322562933,0.001108751050196588,0.05639175698161125,0.0558958500623703,1.0088719809912114,1.0077285135269078,0.0,0.0,79754,0.0034107405226677656,0.0011977484682574868,0.05038260668516159,0.05079520866274834,0.9918771476985911,0.9983612314175349,0.0,0.0,120948,0.002009324263781309,0.001050065504387021,0.052378423511981964,0.051167383790016174,1.023668197047864,1.0288943667089343,0.0,0.0,0.7754100535754057,0.9715086799659511,0.7981358791582975,0.002101507969200611,0.010834875516593456,0.010526175610721111,4096,0.24239881336688995,0.0,0.6737357378005981
100,D0,train,eval,scene_0046,128,11904,0,200574,0.0025248571764677763,0.0012623791117221117,0.053745534271001816,0.053314391523599625,1.0080867986125537,1.0146540902148977,0.0,0.0,61885,0.003232989925891161,0.0013574286131188273,0.02948233112692833,0.02987593784928322,0.9868252931727017,1.0112430868110114,0.0,0.0,138689,0.002208878519013524,0.0012199666816741228,0.05584292486310005,0.05511162057518959,1.0132695115889894,1.0349715397732655,0.0,0.0,0.7257751239337569,0.9573084201625014,0.7581292990708212,0.0015996660804376006,0.00677051255479455,0.006481468677520752,4096,0.2440195530653,0.0,0.7418289184570312
100,D0,train,eval,scene_0052,128,13440,0,200635,0.0025042847264558077,0.0005034006899222732,0.054304562509059906,0.053535621613264084,1.014363163677272,1.0197777077484396,0.0,0.0,91160,0.002754066837951541,-3.80048222723417e-05,0.032979149371385574,0.03297131881117821,1.000237496117526,1.0058500529062084,0.0,0.0,109475,0.002296291058883071,0.0009542298503220081,0.05624239519238472,0.05531821399927139,1.0167066346922462,1.0295978463384596,0.0,0.0,0.5999079772950882,0.8362224316879887,0.7149681323502931,0.0013858730671927333,0.006577382795512676,0.005500155035406351,4096,0.2430778443813324,0.0,0.6731202006340027
100,D0,train,eval,scene_0059,128,15232,0,199735,0.0032111071050167084,0.0009117466979660094,0.06804486364126205,0.06833288073539734,0.9957850877785972,1.0184695761737046,0.0,0.0,85876,0.0029600381385535,0.00022778133279643953,0.050587352365255356,0.05037938058376312,1.00412811311061,0.9970056509384768,0.0,0.0,113859,0.003400471294298768,0.0014276144793257117,0.06083367392420769,0.06215624138712883,0.9787218880452605,1.0298526303400977,0.0,0.0,0.7291034770016089,0.9235871395505706,0.7883762310684432,0.0018430821364745498,0.009780775755643845,0.00903339870274067,4096,0.24069900810718536,0.0,0.7027788162231445
100,D0,train,eval,scene_0066,128,17024,0,200531,0.002478945767506957,0.0012186903040856123,0.047648683190345764,0.04653300344944,1.0239760956353912,1.0249143235373313,0.0,0.0,53207,0.0038584598805755377,0.001925176358781755,0.039160121232271194,0.03818947449326515,1.0254166037078416,1.05019335456348,0.0,0.0,147324,0.0019807254429906607,0.0009635384194552898,0.048896778374910355,0.047568727284669876,1.027918575207886,1.0283697534813734,0.0,0.0,0.594582627021814,0.873644272899168,0.6763017103671065,0.002025114605203271,0.009781885892152786,0.00854588858783245,4096,0.2448194921016693,0.0,0.7610480785369873
100,D0,train,eval,scene_0072,128,18560,0,200356,0.0029024891555309296,0.0010247451718896627,0.05667347088456154,0.05605534091591835,1.0110271377988829,1.0200597223821695,0.0,0.0,66762,0.003443282563239336,0.00047072244342416525,0.04090120270848274,0.04116056486964226,0.993698770607718,0.9772820279981839,0.0,0.0,133594,0.0026322342455387115,0.0013016113080084324,0.0547601580619812,0.05397564545273781,1.0145345665190855,1.0338115167930193,0.0,0.0,0.7680726490816633,0.9018921481749423,0.8510521957692526,0.0023061593528836966,0.011699389666318893,0.01055158767849207,4096,0.24379931390285492,0.0,0.7322405576705933
100,D0,train,eval,scene_0079,128,20352,0,200683,0.0027566005010157824,0.0012866778997704387,0.06130422651767731,0.06036735698580742,1.0155194724209997,1.0139451364248595,0.0,0.0,98725,0.002804043237119913,0.0008078794926404953,0.03973982110619545,0.039067342877388,1.0172133085917312,1.0277440246947382,0.0,0.0,101958,0.002710662316530943,0.0017502941191196442,0.0580831840634346,0.05715063586831093,1.0163173721683953,1.023577505286525,0.0,0.0,0.7857742214408189,1.1299027794772212,0.6952095438139283,0.0013164982665330172,0.005860729143023491,0.006622054148465395,4096,0.24049365520477295,0.0,0.7014815807342529
100,D0,train,eval,scene_0085,128,21888,0,200633,0.0034146744292229414,0.0017221758607774973,0.05096549540758133,0.050385165959596634,1.011517863183185,1.005337687483744,0.0,0.0,90883,0.0037670829333364964,0.0013985352125018835,0.03742357715964317,0.038099657744169235,0.9822549433628566,0.9770249172422187,0.0,0.0,109750,0.0031228477600961924,0.0019901797641068697,0.05423358082771301,0.053024355322122574,1.0228050958516026,1.0315977105372955,0.0,0.0,0.7080601588955642,0.9024907783309645,0.7846913909194131,0.0017307710368186235,0.008934836834669113,0.008063607849180698,4096,0.2429574429988861,0.0,0.8107805848121643
100,D0,train,eval,scene_0092,128,23680,0,200680,0.002820775844156742,0.001619300339370966,0.05329572781920433,0.05243854597210884,1.016346407613045,1.028838583706734,0.0,0.0,55656,0.004412731621414423,0.0023914941120892763,0.03779273480176926,0.037250760942697525,1.0145493365868536,1.0193051450083483,0.0,0.0,145024,0.002209829166531563,0.001322954660281539,0.054053373634815216,0.05279667675495148,1.0238025754101252,1.0365672494345008,0.0,0.0,0.6075369561610042,0.9006324182353759,0.6734551247020522,0.002548931399360299,0.009336077608168125,0.008408374153077602,4096,0.2445892095565796,0.0,0.8255425691604614
100,D0,train,eval,scene_0099,128,25472,0,200699,0.0028595938347280025,0.0012748248409479856,0.05645664408802986,0.05544103682041168,1.0183186918186253,1.018030745030549,0.0,0.0,77958,0.0034399430733174086,0.0007268866174854338,0.04433038830757141,0.0436473973095417,1.0156479203831108,1.0324687146604299,0.0,0.0,122741,0.0024909893982112408,0.0016228436725214124,0.052057623863220215,0.05100555345416069,1.020626585495343,1.0315521412865114,0.0,0.0,0.5423812385711666,0.9878118276551489,0.5496415426204635,0.0021242452785372734,0.0100361043587327,0.009913782589137554,4096,0.24287725985050201,0.0,0.7376058101654053
100,D0,validation_test_seen,eval,scene_0100,128,128,0,199556,0.00433617178350687,0.0025790571235120296,0.05395809933543205,0.052054379135370255,1.0365717588353338,1.0328559764218226,0.0,0.0,57517,0.00624040374532342,0.0024977647699415684,0.0389590747654438,0.037038180977106094,1.0518625304391984,1.0909508843976303,0.0,0.0,142039,0.003565075807273388,0.0026119754184037447,0.0551878847181797,0.053139571100473404,1.038545919270471,1.038376044024775,0.0,0.0,0.6064659498676616,1.0125804410106998,0.5978483900430529,0.0020058471709489822,0.005813529249280691,0.005886666011065245,4096,0.24489499628543854,0.0,1.1203738451004028
100,D0,validation_test_seen,eval,scene_0101,128,384,0,200668,0.004072792828083038,0.001937919994816184,0.058026041835546494,0.05655544623732567,1.0260027229216744,1.0367385975470818,0.0,0.0,66409,0.005106277298182249,0.00029216977418400347,0.0535348504781723,0.053048230707645416,1.009173157408561,0.9969555491720916,0.0,0.0,134259,0.0035615963861346245,0.0027519632130861282,0.05030670017004013,0.04894638806581497,1.0277918791963983,1.043115846683894,0.0,0.0,0.6795392073564989,0.9288098614879114,0.7285412984348741,0.0015222353395074606,0.0050209034234285355,0.004663464613258839,4096,0.24439650774002075,0.0,0.9632443189620972
100,D0,validation_test_seen,eval,scene_0102,128,640,0,200285,0.003971507307142019,0.0024156183935701847,0.052429843693971634,0.05198422446846962,1.0085722010871259,1.0175537602414446,0.0,0.0,48268,0.006208215374499559,0.0033011012710630894,0.03842838108539581,0.03879689425230026,0.9905014776567431,0.9851436713756878,0.0,0.0,152017,0.0032613142393529415,0.0021344623528420925,0.05122480168938637,0.050269003957509995,1.0190136596437094,1.031174645240894,0.0,0.0,0.4633469209862244,0.8042246698314143,0.575435293894786,0.0023373074363917112,0.008749539032578468,0.007036595139652491,4096,0.24482320249080658,0.0,1.361785650253296
100,D0,validation_test_seen,eval,scene_0103,128,896,0,200682,0.0031673226039856672,0.0019083108054473996,0.054049301892519,0.05294144153594971,1.0209261464068182,1.007157141514401,0.0,0.0,54316,0.00465737096965313,0.002510515507310629,0.03763379901647568,0.03799759969115257,0.9904256932639457,1.0230914052668927,0.0,0.0,146366,0.0026143700815737247,0.001684834249317646,0.054278742522001266,0.052473071962594986,1.0344113750514443,1.0418204619960356,0.0,0.0,0.7572197308076636,0.9355597124054416,0.8098064420722918,0.002324284054338932,0.011807683855295181,0.011046793311834335,4096,0.24458883702754974,0.0,1.1509512662887573
100,D0,validation_test_seen,eval,scene_0104,128,1152,0,200697,0.002928720787167549,0.0015719614457339048,0.04956020787358284,0.0484677329659462,1.0225402518497042,1.038905699840454,0.0,0.0,52465,0.005559104029089212,0.0020740730687975883,0.030334915965795517,0.0303192138671875,1.0005178926695395,0.9924424815167162,0.0,0.0,148232,0.0019977267365902662,0.0013942448422312737,0.053480327129364014,0.05203025043010712,1.0278698773746016,1.0433181868589585,0.0,0.0,0.6179460182280085,0.9783470214096248,0.6297245942427078,0.0021192245185375214,0.007778441533446312,0.007610015105456114,4096,0.24515996873378754,0.0,0.8405929803848267
100,D0,validation_test_seen,eval,scene_0105,128,1408,0,200704,0.0034523296635597944,0.0007912749424576759,0.050607770681381226,0.05086847394704819,0.9948749540641156,0.9884452404094124,0.0,0.0,55002,0.006821276154369116,0.0041920957155525684,0.03652632236480713,0.03774315118789673,0.9677602747838446,0.9690282676332816,0.0,0.0,145702,0.002180563984438777,-0.0004925230168737471,0.05104653909802437,0.05001714453101158,1.0205808343651954,1.030492706344585,0.0,0.0,0.6457387285137622,0.8611392400032948,0.749851969424524,0.002218418987467885,0.01031164824962616,0.008879764936864376,4096,0.24464856088161469,0.0,1.1912341117858887
100,D0,validation_test_seen,eval,scene_0106,128,1664,0,200309,0.00497883465141058,0.0023359444458037615,0.056634895503520966,0.057935118675231934,0.9775572536754493,0.9959942268638161,0.0,0.0,98174,0.006217773538082838,0.0030808302108198404,0.03870474919676781,0.040384773164987564,0.9583995690317189,0.9332692657553087,0.0,0.0,102135,0.003787943860515952,0.0016199472593143582,0.053234703838825226,0.053902383893728256,0.9876131627829411,1.034631305003407,0.0,0.0,0.8958112672752553,1.1255221778989215,0.7928764619613681,0.0016075660241767764,0.005968934390693903,0.006718168035149574,4096,0.2426297664642334,0.0,1.07650625705719
100,D0,validation_test_seen,eval,scene_0107,128,1920,0,199994,0.00659792497754097,0.0027250638231635094,0.05743555724620819,0.058338407427072525,0.984523914507043,0.946665578931984,0.0,0.0,66108,0.012585863471031189,0.0036720866337418556,0.046086836606264114,0.04761239513754845,0.9679587946189828,1.0290691841018524,0.0,0.0,133886,0.0036413001362234354,0.002257458632811904,0.05138904228806496,0.05165746808052063,0.9948037369536333,1.0278084479112886,0.0,0.0,0.6886675333443947,1.4082729301705033,0.4835855991726459,0.0038125065620988607,0.010132870636880398,0.014269847422838211,4096,0.24229906499385834,0.0,1.218671441078186
100,D0,validation_test_seen,eval,scene_0108,128,2176,0,199879,0.00512114679440856,-0.00020534121722448617,0.05515734851360321,0.05443450063467026,1.013279223112273,1.0211924817496494,0.0,0.0,82022,0.006902762688696384,-0.003292948007583618,0.03701025992631912,0.037817005068063736,0.9786671329394642,0.975801519567601,0.0,0.0,117857,0.003881240263581276,0.0019434635760262609,0.05311265215277672,0.05369402468204498,0.9891724911158937,1.0348480345268993,0.0,0.0,0.6992494227463891,1.0196875040924873,0.6863134692725161,0.0019662424456328154,0.007075968664139509,0.007215276826173067,4096,0.24322152137756348,0.0,1.1718446016311646
100,D0,validation_test_seen,eval,scene_0109,128,2432,0,199635,0.005983267445117235,-0.00017366345855407417,0.05615120381116867,0.054467979818582535,1.0309030002249484,1.0887416029833656,0.0,0.0,90009,0.007677020039409399,-0.003625106066465378,0.05175293609499931,0.04967711120843887,1.0417863445772952,1.039054288534793,0.0,0.0,109626,0.004592602606862783,0.002660161117091775,0.0499732531607151,0.05085480585694313,0.9826653021012827,1.042455816415951,0.0,0.0,0.7963443741902144,1.0570302562807323,0.7526690981141398,0.00179347675293684,0.008185934275388718,0.008652780205011368,4096,0.24159587919712067,0.0,0.9351670145988464
100,D0,validation_test_seen,eval,scene_0110,128,2688,0,200090,0.004955344833433628,0.0005408828728832304,0.053142793476581573,0.05254792049527168,1.0113205808279973,1.0426402409250028,0.0,0.0,68702,0.007464149501174688,-0.0025771730579435825,0.03539051488041878,0.03589851036667824,0.9858491207275555,0.9610207636673562,0.0,0.0,131388,0.0036435064394026995,0.0021712954621762037,0.05267614871263504,0.053071681410074234,0.9925471986767671,1.0332011962813146,0.0,0.0,0.6313693683754591,0.8978148239292543,0.704395339012384,0.0018364355200901628,0.0076749287545681,0.006890664808452129,4096,0.24362735450267792,0.0,0.9212201833724976
100,D0,validation_test_seen,eval,scene_0111,128,2944,0,200582,0.004961350001394749,0.003498383332043886,0.04668638855218887,0.045875683426856995,1.017671783061814,1.0180468721832372,0.0,0.0,85341,0.007166745141148567,0.00495968759059906,0.030178315937519073,0.02907377853989601,1.0379908444341825,1.019161702344519,0.0,0.0,115241,0.003328158752992749,0.0024162232875823975,0.052215591073036194,0.05075240507721901,1.0288298848811395,1.0356573529943733,0.0,0.0,0.5334908105804181,0.9041156586881053,0.5892606173463402,0.0020413664169609547,0.006728209555149078,0.0060830796137452126,4096,0.2442253977060318,0.0,1.2778016328811646
100,D0,validation_test_seen,eval,scene_0112,128,3200,0,200135,0.00613319082185626,0.003477330319583416,0.05437563359737396,0.05462484434247017,0.9954377765631005,1.0419640922985396,0.0,0.0,68226,0.007431588135659695,0.003705909475684166,0.042622171342372894,0.04084191843867302,1.0435888658455907,1.037020443398935,0.0,0.0,131909,0.005461633205413818,0.003359104273840785,0.05567268282175064,0.056647252291440964,0.9827958209751053,1.04327218462283,0.0,0.0,0.6269704201825125,0.9686178365559852,0.647341186096169,0.0028732360806316137,0.00982955377548933,0.009521081112325191,4096,0.24438324570655823,0.0,1.1531548500061035
100,D0,validation_test_seen,eval,scene_0113,128,3456,0,200704,0.004100083839148283,0.0012942476896569133,0.05416237562894821,0.05266651511192322,1.0284024966118623,1.0086099997576317,0.0,0.0,67285,0.006455852184444666,7.385009666904807e-05,0.03776070475578308,0.037633322179317474,1.0033848347445555,1.0017287770507572,0.0,0.0,133419,0.0029120377730578184,0.0019097106996923685,0.05403151363134384,0.0523630753159523,1.031862878666396,1.0364642442110485,0.0,0.0,0.5697752174223385,0.8308549107352141,0.6867452710290302,0.002583628986030817,0.010529140010476112,0.008748187683522701,4096,0.2438490390777588,0.0,1.0978686809539795
100,D0,validation_test_seen,eval,scene_0114,128,3712,0,199834,0.004573851823806763,0.0014632181264460087,0.05638406053185463,0.057798922061920166,0.9755209702950898,0.9904084090729671,0.0,0.0,58958,0.007949226535856724,0.002014408353716135,0.05436314269900322,0.0569305457174778,0.9549028911260483,0.9423369147260329,0.0,0.0,140876,0.003161224303767085,0.0012325396528467536,0.05228232964873314,0.053133003413677216,0.9839897293529412,1.0280278436487316,0.0,0.0,0.5900091651475763,1.1624579792134937,0.5073307746391644,0.0034305958542972803,0.010604345239698887,0.012327105738222599,4096,0.24352708458900452,0.0,1.1893513202667236
100,D0,validation_test_seen,eval,scene_0115,128,3968,0,200648,0.004177980124950409,0.0017435259651392698,0.055471405386924744,0.05591801553964615,0.9920131258519939,0.9662621422072382,0.0,0.0,51118,0.009817283600568771,0.00272030895575881,0.05228062719106674,0.05734998360276222,0.9116066632763375,0.9392561470571186,0.0,0.0,149530,0.002250140532851219,0.001409605029039085,0.051423508673906326,0.04989656060934067,1.0306022708963996,1.0354382278477394,0.0,0.0,0.3297070584844549,0.854598763593538,0.3874202718725295,0.0027636606246232986,0.011162856593728065,0.009539763443171978,4096,0.24354520440101624,0.0,1.1515709161758423
100,D0,validation_test_seen,eval,scene_0116,128,4224,0,200682,0.007455534767359495,0.005943689960986376,0.059482209384441376,0.06261704117059708,0.9499364433778498,0.9402261654764623,0.0,0.0,68868,0.014208806678652763,0.01295873150229454,0.04195273295044899,0.046667635440826416,0.8989684725647644,0.9769129978340243,0.0,0.0,131814,0.003927197773009539,0.0022785880137234926,0.05362271890044212,0.051975592970848083,1.03169037302793,1.0419008565348438,0.0,0.0,0.370015648762799,1.0093858439880665,0.36967684286964375,0.0026436562184244394,0.010103420354425907,0.010198249481618404,4096,0.24243582785129547,0.0,1.578334927558899
100,D0,validation_test_seen,eval,scene_0117,128,4480,0,200501,0.0049826172180473804,0.003940457012504339,0.05466087907552719,0.0538739413022995,1.014607020652378,1.0024489155941312,0.0,0.0,53935,0.00881923921406269,0.0057681589387357235,0.039564549922943115,0.03975345194339752,0.9952481605692162,1.0410811393943036,0.0,0.0,146566,0.0035707743372768164,0.0032678786665201187,0.054821230471134186,0.05313188582658768,1.031795307436672,1.0476773466243712,0.0,0.0,0.904140451366249,1.3098144535785798,0.6862763365998503,0.00202981592155993,0.0057647996582090855,0.0075508179143071175,4096,0.24476167559623718,0.0,1.2834854125976562
100,D0,validation_test_seen,eval,scene_0118,128,4736,0,200491,0.005268721841275692,0.0022934775333851576,0.057199813425540924,0.057867057621479034,0.9884693602307776,0.9550945565897772,0.0,0.0,65199,0.009018936194479465,0.001820509904064238,0.044303543865680695,0.04918580502271652,0.9007384111171719,0.9109157539365093,0.0,0.0,135292,0.003461443819105625,0.0025214068591594696,0.053225502371788025,0.05246668681502342,1.0144628068366481,1.0426503181947555,0.0,0.0,0.5581329595045007,0.9093439962199831,0.6087794573847566,0.0020371144637465477,0.005581997334957123,0.005075955763459206,4096,0.24415835738182068,0.0,1.2424193620681763
100,D0,validation_test_seen,eval,scene_0119,128,4992,0,199640,0.006101138424128294,0.004243566654622555,0.055613111704587936,0.056304823607206345,0.9877148731084937,0.9812936015109383,0.0,0.0,70329,0.009204189293086529,0.006279407534748316,0.04081717133522034,0.04295191913843155,0.9502991287460045,0.933310898810991,0.0,0.0,129311,0.0044134678319096565,0.0031363237649202347,0.05271677300333977,0.051717229187488556,1.0193270952747218,1.0375429735294082,0.0,0.0,0.4439370992741961,1.0171883645749022,0.4350979415013223,0.003003000980243087,0.010213229805231094,0.010388778522610664,4096,0.24358732998371124,0.0,1.2780808210372925
100,D0,validation_test_seen,eval,scene_0120,128,5248,0,200686,0.005193679127842188,0.003653378924354911,0.051316309720277786,0.0505831353366375,1.014494443232135,1.025834993772723,0.0,0.0,62231,0.009267514571547508,0.005129396449774504,0.03294503688812256,0.03299010917544365,0.9986337636204418,0.9872649520970662,0.0,0.0,138455,0.003362623741850257,0.002989957807585597,0.053720250725746155,0.052198220044374466,1.0291586701630397,1.034016453283356,0.0,0.0,0.6580601986488706,1.1304905237055798,0.5823394640983464,0.0030511459335684776,0.009270037524402142,0.010479689575731754,4096,0.24465999007225037,0.0,1.331870436668396
100,D0,validation_test_seen,eval,scene_0121,128,5504,0,199742,0.0054368977434933186,0.00416863989084959,0.05295778438448906,0.05205470323562622,1.0173486945987384,1.0120460614031048,0.0,0.0,68418,0.009382675401866436,0.007009325549006462,0.04205368831753731,0.03979155048727989,1.0568497030790633,1.0619832598168975,0.0,0.0,131324,0.003381201531738043,0.0026886819396167994,0.053003232926130295,0.05136334151029587,1.03192727279057,1.0393952086836638,0.0,0.0,0.605977711453955,1.3375689701489464,0.4539518025793752,0.0030274176970124245,0.008635847829282284,0.011551042087376118,4096,0.2440379410982132,0.0,1.176978349685669
100,D0,validation_test_seen,eval,scene_0122,128,5760,0,200023,0.004946026019752026,0.0029648260679095984,0.06399721652269363,0.06293501704931259,1.0168777180523962,1.033440913869857,0.0,0.0,78065,0.006295494269579649,0.0026551089249551296,0.04653051868081093,0.04501315951347351,1.0337092348934813,1.037015733124592,0.0,0.0,121958,0.004082235042005777,0.0031630753073841333,0.057473473250865936,0.056563809514045715,1.0160820804792918,1.0333294435500524,0.0,0.0,0.684772854867452,0.9208034658069321,0.742918254999459,0.001860068878158927,0.007186685223132372,0.006617524661123753,4096,0.24245290458202362,0.0,1.349653959274292
100,D0,validation_test_seen,eval,scene_0123,128,6016,0,200684,0.004245399963110685,0.0016499770572409034,0.061018556356430054,0.05883701890707016,1.0370776339434449,1.0463903858325294,0.0,0.0,72385,0.006228958256542683,0.00036684598308056593,0.049607064574956894,0.04689929634332657,1.0577357965417666,1.0692594297732527,0.0,0.0,128299,0.0031262971460819244,0.0023739065509289503,0.05354535952210426,0.051957398653030396,1.0305627477556798,1.0376808767639627,0.0,0.0,0.8968568283819255,0.9823766780443259,0.911947468273641,0.0021876932587474585,0.012482126243412495,0.012262149713933468,4096,0.24200491607189178,0.0,1.0439183712005615
100,D0,validation_test_seen,eval,scene_0124,128,6272,0,200223,0.005689035169780254,0.0012569373939186335,0.05120900273323059,0.04967567324638367,1.0308668083720143,1.0465114185883662,0.0,0.0,71991,0.009943385608494282,-6.18172634858638e-05,0.03739580139517784,0.034191593527793884,1.0937133235623926,1.127831824058424,0.0,0.0,128232,0.0033005906734615564,0.0019973020534962416,0.05160680040717125,0.05110533535480499,1.009812381601349,1.02455528654626,0.0,0.0,0.6399624195221224,0.9377635800186584,0.6816102158408512,0.002342838328331709,0.008394596166908741,0.007872146554291248,4096,0.2439836859703064,0.0,1.2336398363113403
100,D0,validation_test_seen,eval,scene_0125,128,6528,0,200704,0.007521539460867643,0.005666855722665787,0.06003981828689575,0.0626876950263977,0.9577608215075234,0.9416439744601093,0.0,0.0,61232,0.016911130398511887,0.012165755964815617,0.053562723100185394,0.055785808712244034,0.9601496211424339,0.9995620953753516,0.0,0.0,139472,0.0033992535900324583,0.0028136614710092545,0.05160346254706383,0.05128074064850807,1.0062932378603455,1.027422594050646,0.0,0.0,0.5649275594490135,1.2192992152441724,0.4625223194697984,0.004077384248375893,0.011862926185131073,0.014464456588029861,4096,0.24200482666492462,0.0,1.642803430557251
100,D0,validation_test_seen,eval,scene_0126,128,6784,0,200700,0.004171525593847036,0.003287504892796278,0.0520666129887104,0.05136072263121605,1.0137437777611278,1.014705657374634,0.0,0.0,60523,0.0071167610585689545,0.00527309300377965,0.032974496483802795,0.03332030400633812,0.9896217176629137,0.9698559071348676,0.0,0.0,140177,0.0028998868074268103,0.0024302052333950996,0.05504150316119194,0.053400807082653046,1.0307241813030925,1.0408073169055023,0.0,0.0,0.7125762396488793,0.981598922053181,0.726774607950762,0.0018493314273655415,0.007858054712414742,0.00771345803514123,4096,0.24494025111198425,0.0,1.137323260307312
100,D0,validation_test_seen,eval,scene_0127,128,7040,0,200161,0.004577204585075378,0.0028315074741840363,0.05215757340192795,0.05238356813788414,0.9956857704812828,1.0258994312386793,0.0,0.0,42698,0.010345415212213993,0.00741761177778244,0.03408166766166687,0.03676766902208328,0.9269466509067203,0.8834949815941332,0.0,0.0,157463,0.003013084176927805,0.0015879296697676182,0.05406016483902931,0.05304429680109024,1.01915131501787,1.0321208621086835,0.0,0.0,0.636555487132633,0.8935508346587295,0.7089946473601046,0.002319453749805689,0.009289361536502838,0.00830051675438881,4096,0.2448236346244812,0.0,1.281349778175354
100,D0,validation_test_seen,eval,scene_0128,128,7296,0,200671,0.004554081242531538,0.0036712742876261473,0.05751444771885872,0.05794762074947357,0.9925247486434758,0.9657385054228584,0.0,0.0,61355,0.007592315785586834,0.0070158555172383785,0.04967149719595909,0.050289787352085114,0.9877054529621035,1.0101776973704757,0.0,0.0,139316,0.0032160375267267227,0.002198314992710948,0.05288935825228691,0.051738664507865906,1.022240499544515,1.0010946997055608,0.0,0.0,0.4713788090891105,0.8932549264328474,0.5276434994595551,0.0019218837842345238,0.007903825491666794,0.007060131058096886,4096,0.2440008521080017,0.0,1.153703212738037
100,D0,validation_test_seen,eval,scene_0129,128,7552,0,200043,0.004607494454830885,0.002833161735907197,0.05600614473223686,0.05616459250450134,0.997178867232914,1.044849306158865,0.0,0.0,59425,0.006153103895485401,0.0037771996576339006,0.04534158483147621,0.04574619233608246,0.9911553840014984,0.9725803843654061,0.0,0.0,140618,0.00395432161167264,0.0024342117831110954,0.05642450228333473,0.056242913007736206,1.003228660570507,1.0464592686588996,0.0,0.0,0.7950700509318787,1.1309722995896054,0.7015540589212591,0.0014208543580025434,0.00458768755197525,0.005188547540456057,4096,0.24469229578971863,0.0,1.2119020223617554
100,D0,validation_test_seen,eval,scene_0100,192,192,0,198401,0.005342827644199133,0.0022797873243689537,0.08978208899497986,0.08828484266996384,1.0169592682020536,1.0068420810067564,0.0,0.0,54212,0.007837527431547642,0.001344648189842701,0.05455176159739494,0.05435025691986084,1.0037075202391632,1.0343085019100982,0.0,0.0,144189,0.004404873121529818,0.0026313799899071455,0.08981075882911682,0.08812298625707626,1.0191524668389802,1.0175054484056842,0.0,0.0,0.6944598566029596,1.0675365914427573,0.6252620192850469,0.0024592019617557526,0.007397410459816456,0.00789700634777546,4096,0.24058547616004944,0.0,1.369529128074646
100,D0,validation_test_seen,eval,scene_0129,192,7616,0,199019,0.004286689218133688,0.0019647949375212193,0.0868704542517662,0.08601099997758865,1.009992376258868,1.001130163345275,0.0,0.0,57613,0.005986733827739954,0.0027211999986320734,0.057945504784584045,0.05941979959607124,0.9751884923626589,0.9378718820104083,0.0,0.0,141406,0.0035940404050052166,0.0016566129634156823,0.08848303556442261,0.08663759380578995,1.0213007042043374,1.0192335789747529,0.0,0.0,0.7635291322007791,1.2124079485427066,0.6071779200151716,0.0018875080859288573,0.00579006876796484,0.007019925396889448,4096,0.24107575416564941,0.0,1.1030138731002808
200,D0,train,train,scene_0000,128,128,0,199291,0.0030611392576247454,6.70892586640548e-06,0.04855083301663399,0.05072623863816261,0.9571147855640135,0.9598442331833219,0.0,0.0,97957,0.0032405115198343992,-0.0008503130520693958,0.0417853407561779,0.04420310631394386,0.9453032657796885,0.9548714890018444,0.0,0.0,101334,0.002887744689360261,0.0008351702708750963,0.05125284194946289,0.05377337336540222,0.9531267752385227,0.9718030941802839,0.0,0.0,0.78200588056333,0.9730247180562348,0.802447572242516,0.0014213846297934651,0.008893096819519997,0.008653203025460243,4096,0.2440003752708435,0.0,0.6236974596977234
200,D0,train,train,scene_0006,128,1664,0,200073,0.002958515426144004,0.00038247331394813955,0.062235597521066666,0.06395228207111359,0.9731567898055928,0.9918729344528207,0.0,0.0,62719,0.003992751240730286,0.0007066517719067633,0.05219566449522972,0.05385834351181984,0.9691286640439429,0.956253140303279,0.0,0.0,137354,0.0024862594436854124,0.00023444610997103155,0.05094682052731514,0.0529913492500782,0.961417688892682,0.9647762061410818,0.0,0.0,0.5757824756212676,1.2559185175659917,0.4585711923224283,0.002359835896641016,0.008401311933994293,0.010551363229751587,4096,0.24233457446098328,0.0,0.6807295680046082
200,D0,train,train,scene_0013,128,3456,0,200704,0.003099392168223858,0.0013707851758226752,0.06715448200702667,0.0688348039984703,0.9755890640513631,0.9707890392525214,0.0,0.0,89703,0.004319369792938232,0.002199545968323946,0.045389242470264435,0.04699346423149109,0.9658628750303614,0.9554834443047362,0.0,0.0,111001,0.0021134940907359123,0.000701040611602366,0.04956476762890816,0.05120379477739334,0.9679901234740356,0.9714085698684497,0.0,0.0,0.7770386799180138,1.1769434888328747,0.6602761133786955,0.0020502200350165367,0.00777825340628624,0.009154564701020718,4096,0.2381199300289154,0.0,0.7357361316680908
200,D0,train,train,scene_0019,128,4992,0,200704,0.002817514818161726,-0.00030304936808533967,0.05538107827305794,0.055892203003168106,0.9908551693680566,1.0079706509619437,0.0,0.0,58792,0.00436430936679244,-0.002669030334800482,0.043899815529584885,0.04431021586060524,0.9907380200468572,0.9892624647740281,0.0,0.0,141912,0.0021767010912299156,0.0006771407788619399,0.050590258091688156,0.05229644477367401,0.9673747098991182,0.9740829246664117,0.0,0.0,0.4448788473609557,0.8142888934628758,0.5461568238057773,0.002362594474107027,0.011479240842163563,0.009347418323159218,4096,0.24321116507053375,0.0,0.7012741565704346
200,D0,train,train,scene_0026,128,6784,0,200606,0.0026621974539011717,-9.719398076413199e-05,0.053055182099342346,0.05439907684922218,0.9752956331666306,0.9683397688812595,0.0,0.0,73365,0.0033304437529295683,-0.0005777079495601356,0.03821870684623718,0.03955148905515671,0.9663026034984198,0.9701933545634801,0.0,0.0,127241,0.0022768976632505655,0.00017986216698773205,0.052266985177993774,0.05409681051969528,0.9661749865819665,0.9671245380397361,0.0,0.0,0.8177731376535264,0.9695957808346671,0.8417307898754977,0.0015407172031700611,0.00924619846045971,0.008965075016021729,4096,0.24431364238262177,0.0,0.6470761299133301
200,D0,train,train,scene_0033,128,8576,0,199769,0.003282909281551838,0.00022013588750269264,0.06637274473905563,0.06836948543787003,0.9707948555407967,0.9856960256761609,0.0,0.0,68040,0.004400119185447693,0.00028441735776141286,0.06087164208292961,0.06265620142221451,0.9715182328520128,0.9638119289800755,0.0,0.0,131729,0.002705854130908847,0.00018693333549890667,0.05447082221508026,0.05706477537751198,0.9545437067740752,0.9736782768925748,0.0,0.0,0.6043112542633894,1.2500839479977646,0.4819627149749032,0.0027375873178243637,0.010004051961004734,0.012505904771387577,4096,0.24176539480686188,0.0,0.6268795132637024
200,D0,train,train,scene_0039,128,10112,0,200702,0.003054607193917036,0.0004052719450555742,0.054871782660484314,0.0558958500623703,0.981679008356733,1.0044552804365472,0.0,0.0,79754,0.004293335601687431,-2.3452013920177706e-05,0.05010093003511429,0.05079520866274834,0.9863318087293692,1.0056570549992854,0.0,0.0,120948,0.002237780950963497,0.0006879757274873555,0.04949220269918442,0.051167383790016174,0.9672607632685215,0.9694044517312697,0.0,0.0,0.808142447903613,0.9761902735799015,0.8279109014994515,0.00205919798463583,0.010834875516593456,0.010576900094747543,4096,0.24247387051582336,0.0,0.521211564540863
200,D0,train,train,scene_0046,128,11904,0,200574,0.0025847151409834623,0.00012678194616455585,0.05170891061425209,0.053314391523599625,0.9698865378846747,0.9891375342558466,0.0,0.0,61885,0.0032366449013352394,-0.0005208945949561894,0.028836524114012718,0.02987593784928322,0.96520900061735,0.9823097818850036,0.0,0.0,138689,0.0022938146721571684,0.00041578453965485096,0.05285226181149483,0.05511162057518959,0.9590039498001645,0.9678701408406227,0.0,0.0,0.7353970171703788,0.9568561370302344,0.7685573961607953,0.0015375958755612373,0.00677051255479455,0.006478406488895416,4096,0.244106724858284,0.0,0.6588730216026306
200,D0,train,train,scene_0052,128,13440,0,200635,0.002885854570195079,-0.00027405674336478114,0.05205162242054939,0.053535621613264084,0.972280153886417,0.9687995383214704,0.0,0.0,91160,0.003400566754862666,-0.0007617356022819877,0.030885709449648857,0.03297131881117821,0.936744739466646,0.9451469907039478,0.0,0.0,109475,0.0024572527036070824,0.00013203413982409984,0.053293924778699875,0.05531821399927139,0.9634064610148444,0.96731534404901,0.0,0.0,0.6267522665830598,0.8845219430021843,0.7063324456314977,0.001402850728482008,0.006577382795512676,0.005817839410156012,4096,0.24321883916854858,0.0,0.6173421144485474
200,D0,train,train,scene_0059,128,15232,0,199735,0.003434674581512809,7.6746815466322e-05,0.06569532305002213,0.06833288073539734,0.9614013391943986,0.9758408015059004,0.0,0.0,85876,0.0033414659556001425,-0.00036787104909308255,0.048429280519485474,0.05037938058376312,0.9612917022464117,0.9356548702919303,0.0,0.0,113859,0.003504975466057658,0.0004120914381928742,0.05777614563703537,0.06215624138712883,0.9295308781170851,0.9626521793188935,0.0,0.0,0.75174949124304,0.9375766280569809,0.8009148629950615,0.0017281032633036375,0.009780775755643845,0.009170226752758026,4096,0.24089841544628143,0.0,0.6144255995750427
200,D0,train,train,scene_0066,128,17024,0,200531,0.0024692732840776443,-2.034732278843876e-05,0.04530629515647888,0.04653300344944,0.97363788704733,0.9720408379328943,0.0,0.0,53207,0.0034173440653830767,-0.0012133244890719652,0.03743285685777664,0.03818947449326515,0.9801877966238592,0.9917668689539145,0.0,0.0,147324,0.0021268711425364017,0.00041050396976061165,0.04591714218258858,0.047568727284669876,0.9652800233187327,0.9667001206274601,0.0,0.0,0.5669695937793265,0.8539733529336717,0.6593436263415423,0.0020411075092852116,0.009781885892152786,0.008353469893336296,4096,0.24490202963352203,0.0,0.6426945328712463
200,D0,train,train,scene_0072,128,18560,0,200356,0.0028404330369085073,0.00054254534188658,0.05422510951757431,0.05605534091591835,0.9673495626208153,0.976044451819395,0.0,0.0,66762,0.004030370153486729,0.0004129057051613927,0.0388808399438858,0.04116056486964226,0.9446138571475764,0.9416668500143011,0.0,0.0,133594,0.0022457761224359274,0.0006073311087675393,0.05191255360841751,0.05397564545273781,0.9617773566760441,0.9746613613307834,0.0,0.0,0.8034159157639503,0.9797748374399107,0.8194760590693748,0.0022988568525761366,0.011699389666318893,0.011462767608463764,4096,0.24401789903640747,0.0,0.6517126560211182
200,D0,train,train,scene_0079,128,20352,0,200683,0.0027787573635578156,0.00036718661431223154,0.05938378721475601,0.06036735698580742,0.983706926720634,0.9753144184758117,0.0,0.0,98725,0.0028483776841312647,9.124890493694693e-05,0.03794531524181366,0.039067342877388,0.9712796532107187,0.9843375464449826,0.0,0.0,101958,0.0027113445103168488,0.000634374504443258,0.055500809103250504,0.05715063586831093,0.9711319613510158,0.9698969478360709,0.0,0.0,0.7892246007366507,1.1549437382705299,0.6831287225425919,0.0012715895427390933,0.005860729143023491,0.006768812425434589,4096,0.24058516323566437,0.0,0.6139992475509644
200,D0,train,train,scene_0085,128,21888,0,200633,0.0031782423611730337,0.00043151911813765764,0.049392398446798325,0.050385165959596634,0.9802964326128368,0.9887610900788949,0.0,0.0,90883,0.003569164080545306,-0.00047370584798045456,0.03700024262070656,0.038099657744169235,0.9711437007952931,0.9654556073186479,0.0,0.0,109750,0.0028545239474624395,0.0011811279691755772,0.05139883607625961,0.053024355322122574,0.9693439130756434,0.9760260456184948,0.0,0.0,0.7210065824593055,0.9535250603833262,0.7561088552947212,0.0017469513695687056,0.008934836834669113,0.008519590832293034,4096,0.24294154345989227,0.0,0.708585262298584
200,D0,train,train,scene_0092,128,23680,0,200680,0.002573255216702819,0.00035757149453274906,0.05108831822872162,0.05243854597210884,0.974251236025778,0.976861752151639,0.0,0.0,55656,0.0036210452672094107,0.00023114611394703388,0.03673707693815231,0.037250760942697525,0.9862101070811572,0.9920172342590503,0.0,0.0,145024,0.0021711443550884724,0.00040608985000289977,0.051035068929195404,0.05279667675495148,0.9666341153642618,0.9704327197697671,0.0,0.0,0.6247774438278363,0.955204015906171,0.6529984652933752,0.002545672934502363,0.009336077608168125,0.008917858824133873,4096,0.24469009041786194,0.0,0.7512591481208801
200,D0,train,train,scene_0099,128,25472,0,200699,0.003140372922644019,0.0002672025584615767,0.054271429777145386,0.05544103682041168,0.9789035863983755,0.9877538164094989,0.0,0.0,77958,0.004223902244120836,-0.0002897536614909768,0.042102374136447906,0.0436473973095417,0.9646021694687386,0.9857922003883628,0.0,0.0,122741,0.002452176995575428,0.0006209490820765495,0.04935595765709877,0.05100555345416069,0.9676585060772954,0.9712239346279028,0.0,0.0,0.525946461324127,0.984292307528128,0.5346788849332322,0.0020753887947648764,0.0100361043587327,0.009878460317850113,4096,0.24299180507659912,0.0,0.6761009097099304
200,D0,validation_test_seen,train,scene_0100,128,128,0,199556,0.003931479062885046,0.0007207184680737555,0.051194339990615845,0.052054379135370255,0.9834780635358683,0.9801246131865612,0.0,0.0,57517,0.006350926589220762,-0.00044063045061193407,0.035348325967788696,0.037038180977106094,0.9543753239295978,0.9898856998260703,0.0,0.0,142039,0.0029517526272684336,0.0011909931199625134,0.052073005586862564,0.053139571100473404,0.9799289777556872,0.9720172154067639,0.0,0.0,0.6072030089681526,1.060249547056865,0.5716165313080694,0.0021196932066231966,0.005813529249280691,0.006163791753351688,4096,0.24500808119773865,0.0,1.0339562892913818
200,D0,validation_test_seen,train,scene_0101,128,384,0,200668,0.003499888814985752,-4.61757299490273e-05,0.055698834359645844,0.05655544623732567,0.9848535917463157,0.9963756972465722,0.0,0.0,66409,0.00556792551651597,-0.002134430455043912,0.050686612725257874,0.053048230707645416,0.9554816824070406,0.9412975121026246,0.0,0.0,134259,0.002476968802511692,0.0009867449989542365,0.04750603437423706,0.04894638806581497,0.9705728298145072,0.9787179001650683,0.0,0.0,0.681746233230495,0.9535707939339148,0.7121432638163456,0.0016342366579920053,0.0050209034234285355,0.004787786863744259,4096,0.24446958303451538,0.0,0.8745495676994324
200,D0,validation_test_seen,train,scene_0102,128,640,0,200285,0.003563773585483432,0.0009769797325134277,0.04997289553284645,0.05198422446846962,0.9613088594436353,0.9772831780587644,0.0,0.0,48268,0.005832017865031958,0.0013695196248590946,0.036015067249536514,0.03879689425230026,0.9282976883491437,0.9245226980319516,0.0,0.0,152017,0.0028435674030333757,0.0008523415308445692,0.0483194962143898,0.050269003957509995,0.9612184927163463,0.966363318251062,0.0,0.0,0.4378214138326631,0.8082436182947362,0.5408631037998379,0.0024934266693890095,0.008749539032578468,0.007071759086102247,4096,0.2449309378862381,0.0,1.2575364112854004
200,D0,validation_test_seen,train,scene_0103,128,896,0,200682,0.0028664555866271257,0.0006247790879569948,0.05167778953909874,0.05294144153594971,0.9761311373436462,0.9669643205109493,0.0,0.0,54316,0.004889701027423143,0.0004633083881344646,0.036091312766075134,0.03799759969115257,0.9498313856514126,0.9745575511122689,0.0,0.0,146366,0.0021156349685043097,0.0006847003824077547,0.05117752403020859,0.052473071962594986,0.9753102327740614,0.9777836671260358,0.0,0.0,0.7849757581790173,0.9775429147075609,0.8034140408219634,0.0023945579305291176,0.011807683855295181,0.011542517691850662,4096,0.2447098195552826,0.0,1.0102866888046265
200,D0,validation_test_seen,train,scene_0104,128,1152,0,200697,0.002826447132974863,0.0005234502605162561,0.04703487083315849,0.0484677329659462,0.9704367824714549,0.9767736370245933,0.0,0.0,52465,0.004734560381621122,-0.00028747518081218004,0.028894657269120216,0.0303192138671875,0.9530147251077316,0.9448350236899249,0.0,0.0,148232,0.0021510927472263575,0.0008104681619442999,0.05037609487771988,0.05203025043010712,0.9682078110577368,0.9760969131075695,0.0,0.0,0.6523130713634047,0.9406001864455119,0.6919981600895878,0.0019983244128525257,0.007778441533446312,0.007316403556615114,4096,0.24530044198036194,0.0,0.7581418752670288
200,D0,validation_test_seen,train,scene_0105,128,1408,0,200704,0.003518121549859643,-0.00012496236013248563,0.04848920553922653,0.05086847394704819,0.953227053551904,0.9540583219620898,0.0,0.0,55002,0.006251518148928881,0.00241210893727839,0.03530031442642212,0.03774315118789673,0.9352773500730388,0.9377366218568112,0.0,0.0,145702,0.0024862741120159626,-0.0010826976504176855,0.048207059502601624,0.05001714453101158,0.9638107084004431,0.9695484003039425,0.0,0.0,0.6608267846979134,0.8971585022030252,0.7365731734701474,0.0022319438867270947,0.01031164824962616,0.009251182898879051,4096,0.2447608858346939,0.0,1.0685325860977173
200,D0,validation_test_seen,train,scene_0106,128,1664,0,200309,0.004615548998117447,0.0014687759103253484,0.05504574254155159,0.057935118675231934,0.9501273804257245,0.9581858047266488,0.0,0.0,98174,0.005851726979017258,0.0020909851882606745,0.03728991001844406,0.040384773164987564,0.9233655929203867,0.9101793610471202,0.0,0.0,102135,0.0034273124765604734,0.0008706967928446829,0.05073515325784683,0.053902383893728256,0.9412413624947311,0.9727405409846365,0.0,0.0,0.8766641603012615,1.1655881341740242,0.7491774343161908,0.001727948896586895,0.005968934390693903,0.006957319099456072,4096,0.24269458651542664,0.0,1.0133025646209717
200,D0,validation_test_seen,train,scene_0107,128,1920,0,199994,0.0067947437055408955,0.0023529022000730038,0.05479675903916359,0.058338407427072525,0.9392913083488563,0.89624140003495,0.0,0.0,66108,0.013718889094889164,0.0034050229005515575,0.0422053225338459,0.04761239513754845,0.8864356101371935,0.9090957677723659,0.0,0.0,133886,0.0033758541103452444,0.0018334031337872148,0.0487237423658371,0.05165746808052063,0.9432081009059404,0.9691704183342267,0.0,0.0,0.6807835875340399,1.306769054328334,0.5152585780831362,0.00355154974386096,0.010132870636880398,0.01324132177978754,4096,0.2425457090139389,0.0,1.2835125923156738
200,D0,validation_test_seen,train,scene_0108,128,2176,0,199879,0.005596721079200506,-0.001089651370421052,0.05312313884496689,0.05443450063467026,0.9759093630985173,0.980266225711334,0.0,0.0,82022,0.008540449663996696,-0.004415789619088173,0.03529762104153633,0.037817005068063736,0.9333795994158456,0.940247855109645,0.0,0.0,117857,0.0035480475053191185,0.0012251578737050295,0.050142012536525726,0.05369402468204498,0.933847161456924,0.9706074118165589,0.0,0.0,0.7158437522501483,1.144496008595161,0.6254573609626493,0.002124220598489046,0.007075968664139509,0.008098417893052101,4096,0.2433328926563263,0.0,1.1146692037582397
200,D0,validation_test_seen,train,scene_0109,128,2432,0,199635,0.006054154131561518,-0.0008032869664020836,0.05428716540336609,0.054467979818582535,0.9966803539286992,1.0576371766746264,0.0,0.0,90009,0.007720564492046833,-0.004958322271704674,0.04929233342409134,0.04967711120843887,0.9922544251268345,1.0028230396499453,0.0,0.0,109626,0.004685939289629459,0.00260822637937963,0.04764673113822937,0.05085480585694313,0.9369169803196532,0.9973517570111603,0.0,0.0,0.7791895410443516,1.0765468884747622,0.7230713260381285,0.0018833347130566835,0.008185934275388718,0.00881254207342863,4096,0.24171008169651031,0.0,0.8933719396591187
200,D0,validation_test_seen,train,scene_0110,128,2688,0,200090,0.004905822221189737,-0.0004915204481221735,0.051020361483097076,0.05254792049527168,0.9709301719691827,1.0036802043063586,0.0,0.0,68702,0.008064625784754753,-0.003972984384745359,0.033239614218473434,0.03589851036667824,0.9259329671051518,0.9138475992398942,0.0,0.0,131388,0.003254103474318981,0.0013289161724969745,0.049960341304540634,0.053071681410074234,0.9413747591395701,0.9688809389181274,0.0,0.0,0.6284382487235814,0.8737352097321504,0.7199383137116316,0.0017878829967230558,0.0076749287545681,0.00670585548505187,4096,0.24372439086437225,0.0,0.8094141483306885
200,D0,validation_test_seen,train,scene_0111,128,2944,0,200582,0.004591274540871382,0.0029009038116782904,0.04518970847129822,0.045875683426856995,0.9850470902160514,0.9769632178843974,0.0,0.0,85341,0.006549774203449488,0.004011639393866062,0.029616408050060272,0.02907377853989601,1.0186638798744252,1.0052690509122044,0.0,0.0,115241,0.0031409193761646748,0.002078355522826314,0.04996072128415108,0.05075240507721901,0.9844010585929199,0.9820481062985265,0.0,0.0,0.531558986111164,0.9203737770542996,0.5767171997538683,0.0020243192557245493,0.006728209555149078,0.006192467641085386,4096,0.24429088830947876,0.0,1.200522541999817
200,D0,validation_test_seen,train,scene_0112,128,3200,0,200135,0.005471943877637386,0.0026832937728613615,0.0521499328315258,0.05462484434247017,0.9546925663453076,1.0032646582260278,0.0,0.0,68226,0.006587844807654619,0.002535792998969555,0.04122716560959816,0.04084191843867302,1.0094326414050216,1.0117977455537421,0.0,0.0,131909,0.004894775804132223,0.002759583992883563,0.0527828149497509,0.056647252291440964,0.9317806745187188,0.9796495523039663,0.0,0.0,0.6819724196393295,1.0028147494462738,0.6800419273797476,0.0028519118204712868,0.00982955377548933,0.009857221506536007,4096,0.24453778564929962,0.0,1.038061499595642
200,D0,validation_test_seen,train,scene_0113,128,3456,0,200704,0.0038655935786664486,7.503011875087395e-05,0.0522204153239727,0.05266651511192322,0.9915297264874561,0.9862713609519509,0.0,0.0,67285,0.0063691711984574795,-0.0019016670994460583,0.03684379160404205,0.037633322179317474,0.9790204390802008,0.9644632734823531,0.0,0.0,133419,0.002603005850687623,0.0010719052515923977,0.05104923993349075,0.0523630753159523,0.9749091249027291,0.973291916769508,0.0,0.0,0.590728576981033,0.8684967721243443,0.6811367817848399,0.0025832103565335274,0.010529140010476112,0.009144524112343788,4096,0.24391581118106842,0.0,0.9668872356414795
200,D0,validation_test_seen,train,scene_0114,128,3712,0,199834,0.0048879594542086124,0.0005781541112810373,0.05456927791237831,0.057798922061920166,0.9441227615615058,0.973296963936341,0.0,0.0,58958,0.008332432247698307,-0.00016666133888065815,0.05342688038945198,0.0569305457174778,0.9384571975576517,0.9290025797525138,0.0,0.0,140876,0.003446413204073906,0.0008898667292669415,0.049423396587371826,0.053133003413677216,0.9301826249605442,0.9710006833838386,0.0,0.0,0.6123920227678692,1.1864421799159326,0.5159392594490868,0.003372795879840851,0.010604345239698887,0.01258144248276949,4096,0.24362610280513763,0.0,1.0756498575210571
200,D0,validation_test_seen,train,scene_0115,128,3968,0,200648,0.004656841978430748,0.0006509053055197,0.05315086990594864,0.05591801553964615,0.950514237549514,0.9525647992878711,0.0,0.0,51118,0.01122060976922512,6.315033533610404e-05,0.04982393607497215,0.05734998360276222,0.868769839937189,0.8699380668377735,0.0,0.0,149530,0.0024129662197083235,0.000851833785418421,0.048384521156549454,0.04989656060934067,0.9696965194729642,0.9721354405344659,0.0,0.0,0.28871300112543224,0.8851812936164163,0.3277544448393576,0.0028624152764678,0.011162856593728065,0.009881151840090752,4096,0.2436690628528595,0.0,1.1431909799575806
200,D0,validation_test_seen,train,scene_0116,128,4224,0,200682,0.006284049712121487,0.004284922499209642,0.05813362076878548,0.06261704117059708,0.928399357139908,0.9312143778819583,0.0,0.0,68868,0.011986559256911278,0.010222158394753933,0.04150236397981644,0.046667635440826416,0.8893179092487034,0.9434872432790149,0.0,0.0,131814,0.0033046966418623924,0.0011829342693090439,0.05075353384017944,0.051975592970848083,0.9764878270584798,0.9803353002865856,0.0,0.0,0.3613600191489652,1.0835535718647753,0.3370700874124442,0.0028067987877875566,0.010103420354425907,0.010947597213089466,4096,0.24238121509552002,0.0,1.2651171684265137
200,D0,validation_test_seen,train,scene_0117,128,4480,0,200501,0.004470425192266703,0.0023074711207300425,0.051868878304958344,0.0538739413022995,0.9627823220489796,0.9489345765014201,0.0,0.0,53935,0.009037395007908344,0.0031406390480697155,0.03675762563943863,0.03975345194339752,0.9246398449064382,0.9742559703769894,0.0,0.0,146566,0.002789820544421673,0.00200087227858603,0.05143032968044281,0.05313188582658768,0.9679748587938621,0.9773196433417852,0.0,0.0,0.9141676354878399,1.3109288484406025,0.6944260922274582,0.002023937413468957,0.0057647996582090855,0.007557242177426815,4096,0.24490150809288025,0.0,1.133959174156189
200,D0,validation_test_seen,train,scene_0118,128,4736,0,200491,0.0049264682456851006,0.0006702805985696614,0.05566974729299545,0.057867057621479034,0.9620283038606064,0.928751046449933,0.0,0.0,65199,0.009465566836297512,-0.0008313640137203038,0.04352716729044914,0.04918580502271652,0.8849538453288722,0.8947784085028885,0.0,0.0,135292,0.0027390173636376858,0.0013939428608864546,0.050520025193691254,0.05246668681502342,0.9628971879204928,0.9739387724364955,0.0,0.0,0.5749055510762765,0.9868058123098813,0.5815876567541932,0.002189149847254157,0.005581997334957123,0.005508347414433956,4096,0.2441638559103012,0.0,1.1355746984481812
200,D0,validation_test_seen,train,scene_0119,128,4992,0,199640,0.005230039823800325,0.00269390270113945,0.053915150463581085,0.056304823607206345,0.9575582873628005,0.960901336009534,0.0,0.0,70329,0.008382578380405903,0.00393117917701602,0.039595428854227066,0.04295191913843155,0.9218547075070916,0.9025927809266824,0.0,0.0,129311,0.003515452379360795,0.002020979067310691,0.04996519535779953,0.051717229187488556,0.9661228210170069,0.9772436764969444,0.0,0.0,0.44925932945300345,1.0606058229649697,0.4215861997735688,0.003141857450827956,0.010213229805231094,0.010832211002707481,4096,0.2435922920703888,0.0,1.1871955394744873
200,D0,validation_test_seen,train,scene_0120,128,5248,0,200686,0.004527505487203598,0.0021512345410883427,0.04927118495106697,0.0505831353366375,0.9740634822883295,0.9787885957767282,0.0,0.0,62231,0.008470132015645504,0.002333449199795723,0.03192409873008728,0.03299010917544365,0.9676869682459294,0.958344664424424,0.0,0.0,138455,0.002755422843620181,0.002069334965199232,0.0507187657058239,0.052198220044374466,0.9716569964015466,0.9691161910629029,0.0,0.0,0.6995217542850736,1.1886202888655562,0.5890486339715605,0.0031424169428646564,0.009270037524402142,0.01101855468004942,4096,0.2447071522474289,0.0,1.2596009969711304
200,D0,validation_test_seen,train,scene_0121,128,5504,0,199742,0.00488996272906661,0.0031193431932479143,0.05125730112195015,0.05205470323562622,0.984681458847885,0.9955575432262659,0.0,0.0,68418,0.008135219104588032,0.004925333894789219,0.041243553161621094,0.03979155048727989,1.0364902261047948,1.046735615835937,0.0,0.0,131324,0.0031992290169000626,0.0021784466225653887,0.0503140427172184,0.05136334151029587,0.9795710566675819,0.9796607270216899,0.0,0.0,0.6072320887309245,1.406387868177357,0.4320029872491752,0.0030512968078255653,0.008635847829282284,0.012145351618528366,4096,0.24409611523151398,0.0,1.047519564628601
200,D0,validation_test_seen,train,scene_0122,128,5760,0,200023,0.004307313822209835,0.0024391510523855686,0.06149418652057648,0.06293501704931259,0.9771060596105479,0.9865789150329444,0.0,0.0,78065,0.0057899742387235165,0.0030416802037507296,0.044398240745067596,0.04501315951347351,0.9863391333767216,0.9827663389661804,0.0,0.0,121958,0.0033582663163542747,0.0020534738432615995,0.054730720818042755,0.056563809514045715,0.9675925523448385,0.9728553118667612,0.0,0.0,0.720215737555463,0.9705559845344696,0.741908248763835,0.0018888969207182527,0.007186685223132372,0.006975080352276564,4096,0.24270495772361755,0.0,1.2087078094482422
200,D0,validation_test_seen,train,scene_0123,128,6016,0,200684,0.0037871920503675938,0.0010059741325676441,0.059098947793245316,0.05883701890707016,1.004451770178718,1.0160013887267343,0.0,0.0,72385,0.005281355232000351,-0.0005712980055250227,0.047899968922138214,0.04689929634332657,1.0213366224406912,1.0248617143339287,0.0,0.0,128299,0.0029442007653415203,0.001895854831673205,0.05077781155705452,0.051957398653030396,0.9772970332126688,0.9752369081654706,0.0,0.0,0.9032901395639681,0.9880656569059347,0.913311859842217,0.0021367606241256,0.012482126243412495,0.012333160266280174,4096,0.2421509027481079,0.0,0.9375715255737305
200,D0,validation_test_seen,train,scene_0124,128,6272,0,200223,0.0058217765763401985,0.00023458051146008074,0.04924226552248001,0.04967567324638367,0.9912752521389289,1.0125375754233679,0.0,0.0,71991,0.010384827852249146,-0.002116010058671236,0.035173043608665466,0.034191593527793884,1.0287044264279106,1.0462952161591046,0.0,0.0,128232,0.0032600238919258118,0.0015542303444817662,0.04894175007939339,0.05110533535480499,0.9576641996302215,0.9658570842951508,0.0,0.0,0.619092887603472,0.95816346556975,0.6452133238163731,0.0022992182057350874,0.008394596166908741,0.008043395355343819,4096,0.24406106770038605,0.0,1.1482493877410889
200,D0,validation_test_seen,train,scene_0125,128,6528,0,200704,0.0071207317523658276,0.0047711459919810295,0.05911629647016525,0.0626876950263977,0.9430287147305617,0.932512990594499,0.0,0.0,61232,0.015177156776189804,0.009882355108857155,0.054278451949357986,0.055785808712244034,0.9729795659921086,1.0043642312198435,0.0,0.0,139472,0.0035837420728057623,0.002527185482904315,0.0488978773355484,0.05128074064850807,0.953532977823147,0.967174062980613,0.0,0.0,0.575875344937421,1.2933632549624265,0.4445964492530812,0.004197063855826855,0.011862926185131073,0.015343072824180126,4096,0.24199536442756653,0.0,1.5059280395507812
200,D0,validation_test_seen,train,scene_0126,128,6784,0,200700,0.0035602927673608065,0.0019018454477190971,0.049294210970401764,0.05136072263121605,0.9597647471657983,0.9553217508267661,0.0,0.0,60523,0.006392278708517551,0.0034056659787893295,0.030668705701828003,0.03332030400633812,0.9204209450188169,0.905200997530235,0.0,0.0,140177,0.002337550977244973,0.001252553891390562,0.051726460456848145,0.053400807082653046,0.9686456681597833,0.9712620247375111,0.0,0.0,0.723678942524849,0.994971272371201,0.7280305810042482,0.0018355450592935085,0.007858054712414742,0.007818538695573807,4096,0.24508503079414368,0.0,1.0277073383331299
200,D0,validation_test_seen,train,scene_0127,128,7040,0,200161,0.003999621141701937,0.001630124868825078,0.04981594532728195,0.05238356813788414,0.9509841940540651,0.9759708662107045,0.0,0.0,42698,0.00859670527279377,0.004183697979897261,0.033403992652893066,0.03676766902208328,0.9085153761809068,0.8989576931407494,0.0,0.0,157463,0.0027530661318451166,0.0009376925881952047,0.05093620344996452,0.05304429680109024,0.960257869775693,0.9700796769106107,0.0,0.0,0.6308630931340371,0.9190703258028372,0.6824060479911207,0.0023414590395987034,0.009289361536502838,0.008537576533854008,4096,0.24494192004203796,0.0,1.0622378587722778
200,D0,validation_test_seen,train,scene_0128,128,7296,0,200671,0.004030304495245218,0.002081843325868249,0.05496298894286156,0.05794762074947357,0.9484943166257758,0.9246043159660818,0.0,0.0,61355,0.006600781809538603,0.0051515791565179825,0.047340717166662216,0.050289787352085114,0.9413584677784361,0.9543673364908827,0.0,0.0,139316,0.0028982621151953936,0.0007299263961613178,0.04970366880297661,0.051738664507865906,0.9606677960429397,0.935831508184536,0.0,0.0,0.48782093697728796,0.936177072085299,0.5210508694899958,0.0019179360242560506,0.007903825491666794,0.007399380207061768,4096,0.24412038922309875,0.0,0.9871582984924316
200,D0,validation_test_seen,train,scene_0129,128,7552,0,200043,0.003716973355039954,0.0014643279137089849,0.05318582430481911,0.05616459250450134,0.9469635927752258,0.9868251250432274,0.0,0.0,59425,0.005344775505363941,0.0020246170461177826,0.04239589720964432,0.04574619233608246,0.9267634101254896,0.9133003957790612,0.0,0.0,140618,0.003029066137969494,0.0012275504413992167,0.05331708490848541,0.056242913007736206,0.9479787240243345,0.97753042287532,0.0,0.0,0.7705940757082428,1.185850078522255,0.6486485853593997,0.0014496210496872663,0.00458768755197525,0.005440309643745422,4096,0.24487079679965973,0.0,1.1185393333435059
200,D0,validation_test_seen,train,scene_0100,192,192,0,198401,0.00513696763664484,0.0016748076304793358,0.08786610513925552,0.08828484266996384,0.9952569714342281,0.9879442155874447,0.0,0.0,54212,0.0074657476507127285,7.058076880639419e-05,0.052214886993169785,0.05435025691986084,0.9607109506429814,0.9932400177749552,0.0,0.0,144189,0.0042613958939909935,0.0022779630962759256,0.08745957911014557,0.08812298625707626,0.9924718036109742,0.9911960699953508,0.0,0.0,0.6938284905388333,1.0883776963830254,0.613010830061859,0.0024429727345705032,0.007397410459816456,0.008051176555454731,4096,0.24088098108768463,0.0,1.2799891233444214
200,D0,validation_test_seen,train,scene_0129,192,7616,0,199019,0.00399225065484643,0.0017789052799344063,0.08482683449983597,0.08601099997758865,0.9862323949487712,0.9816403939444635,0.0,0.0,57613,0.005923750344663858,0.00253965868614614,0.05656161159276962,0.05941979959607124,0.9518983903895462,0.9189696803716569,0.0,0.0,141406,0.0032052993774414062,0.0014689518138766289,0.08602450042963028,0.08663759380578995,0.9929234717952348,0.990889096847646,0.0,0.0,0.7402160040655535,1.1614339237698204,0.6154620623696321,0.0018116093706339598,0.00579006876796484,0.006724782288074493,4096,0.24141281843185425,0.0,1.0614327192306519
200,D0,train,eval,scene_0000,128,128,0,199291,0.0030611392576247454,6.70892586640548e-06,0.04855083301663399,0.05072623863816261,0.9571147855640135,0.9598442331833219,0.0,0.0,97957,0.0032405115198343992,-0.0008503130520693958,0.0417853407561779,0.04420310631394386,0.9453032657796885,0.9548714890018444,0.0,0.0,101334,0.002887744689360261,0.0008351702708750963,0.05125284194946289,0.05377337336540222,0.9531267752385227,0.9718030941802839,0.0,0.0,0.78200588056333,0.9730247180562348,0.802447572242516,0.0014213846297934651,0.008893096819519997,0.008653203025460243,4096,0.2440003752708435,0.0,0.6814135313034058
200,D0,train,eval,scene_0006,128,1664,0,200073,0.002958515426144004,0.00038247331394813955,0.062235597521066666,0.06395228207111359,0.9731567898055928,0.9918729344528207,0.0,0.0,62719,0.003992751240730286,0.0007066517719067633,0.05219566449522972,0.05385834351181984,0.9691286640439429,0.956253140303279,0.0,0.0,137354,0.0024862594436854124,0.00023444610997103155,0.05094682052731514,0.0529913492500782,0.961417688892682,0.9647762061410818,0.0,0.0,0.5757824756212676,1.2559185175659917,0.4585711923224283,0.002359835896641016,0.008401311933994293,0.010551363229751587,4096,0.24233457446098328,0.0,0.7620934844017029
200,D0,train,eval,scene_0013,128,3456,0,200704,0.003099392168223858,0.0013707851758226752,0.06715448200702667,0.0688348039984703,0.9755890640513631,0.9707890392525214,0.0,0.0,89703,0.004319369792938232,0.002199545968323946,0.045389242470264435,0.04699346423149109,0.9658628750303614,0.9554834443047362,0.0,0.0,111001,0.0021134940907359123,0.000701040611602366,0.04956476762890816,0.05120379477739334,0.9679901234740356,0.9714085698684497,0.0,0.0,0.7770386799180138,1.1769434888328747,0.6602761133786955,0.0020502200350165367,0.00777825340628624,0.009154564701020718,4096,0.2381199300289154,0.0,0.8193759322166443
200,D0,train,eval,scene_0019,128,4992,0,200704,0.002817514818161726,-0.00030304936808533967,0.05538107827305794,0.055892203003168106,0.9908551693680566,1.0079706509619437,0.0,0.0,58792,0.00436430936679244,-0.002669030334800482,0.043899815529584885,0.04431021586060524,0.9907380200468572,0.9892624647740281,0.0,0.0,141912,0.0021767010912299156,0.0006771407788619399,0.050590258091688156,0.05229644477367401,0.9673747098991182,0.9740829246664117,0.0,0.0,0.4448788473609557,0.8142888934628758,0.5461568238057773,0.002362594474107027,0.011479240842163563,0.009347418323159218,4096,0.24321116507053375,0.0,0.8018475770950317
200,D0,train,eval,scene_0026,128,6784,0,200606,0.0026621974539011717,-9.719398076413199e-05,0.053055182099342346,0.05439907684922218,0.9752956331666306,0.9683397688812595,0.0,0.0,73365,0.0033304437529295683,-0.0005777079495601356,0.03821870684623718,0.03955148905515671,0.9663026034984198,0.9701933545634801,0.0,0.0,127241,0.0022768976632505655,0.00017986216698773205,0.052266985177993774,0.05409681051969528,0.9661749865819665,0.9671245380397361,0.0,0.0,0.8177731376535264,0.9695957808346671,0.8417307898754977,0.0015407172031700611,0.00924619846045971,0.008965075016021729,4096,0.24431364238262177,0.0,0.7256065607070923
200,D0,train,eval,scene_0033,128,8576,0,199769,0.003282909281551838,0.00022013588750269264,0.06637274473905563,0.06836948543787003,0.9707948555407967,0.9856960256761609,0.0,0.0,68040,0.004400119185447693,0.00028441735776141286,0.06087164208292961,0.06265620142221451,0.9715182328520128,0.9638119289800755,0.0,0.0,131729,0.002705854130908847,0.00018693333549890667,0.05447082221508026,0.05706477537751198,0.9545437067740752,0.9736782768925748,0.0,0.0,0.6043112542633894,1.2500839479977646,0.4819627149749032,0.0027375873178243637,0.010004051961004734,0.012505904771387577,4096,0.24176539480686188,0.0,0.7106601595878601
200,D0,train,eval,scene_0039,128,10112,0,200702,0.003054607193917036,0.0004052719450555742,0.054871782660484314,0.0558958500623703,0.981679008356733,1.0044552804365472,0.0,0.0,79754,0.004293335601687431,-2.3452013920177706e-05,0.05010093003511429,0.05079520866274834,0.9863318087293692,1.0056570549992854,0.0,0.0,120948,0.002237780950963497,0.0006879757274873555,0.04949220269918442,0.051167383790016174,0.9672607632685215,0.9694044517312697,0.0,0.0,0.808142447903613,0.9761902735799015,0.8279109014994515,0.00205919798463583,0.010834875516593456,0.010576900094747543,4096,0.24247387051582336,0.0,0.6018646359443665
200,D0,train,eval,scene_0046,128,11904,0,200574,0.0025847151409834623,0.00012678194616455585,0.05170891061425209,0.053314391523599625,0.9698865378846747,0.9891375342558466,0.0,0.0,61885,0.0032366449013352394,-0.0005208945949561894,0.028836524114012718,0.02987593784928322,0.96520900061735,0.9823097818850036,0.0,0.0,138689,0.0022938146721571684,0.00041578453965485096,0.05285226181149483,0.05511162057518959,0.9590039498001645,0.9678701408406227,0.0,0.0,0.7353970171703788,0.9568561370302344,0.7685573961607953,0.0015375958755612373,0.00677051255479455,0.006478406488895416,4096,0.244106724858284,0.0,0.7395156621932983
200,D0,train,eval,scene_0052,128,13440,0,200635,0.002885854570195079,-0.00027405674336478114,0.05205162242054939,0.053535621613264084,0.972280153886417,0.9687995383214704,0.0,0.0,91160,0.003400566754862666,-0.0007617356022819877,0.030885709449648857,0.03297131881117821,0.936744739466646,0.9451469907039478,0.0,0.0,109475,0.0024572527036070824,0.00013203413982409984,0.053293924778699875,0.05531821399927139,0.9634064610148444,0.96731534404901,0.0,0.0,0.6267522665830598,0.8845219430021843,0.7063324456314977,0.001402850728482008,0.006577382795512676,0.005817839410156012,4096,0.24321883916854858,0.0,0.685624361038208
200,D0,train,eval,scene_0059,128,15232,0,199735,0.003434674581512809,7.6746815466322e-05,0.06569532305002213,0.06833288073539734,0.9614013391943986,0.9758408015059004,0.0,0.0,85876,0.0033414659556001425,-0.00036787104909308255,0.048429280519485474,0.05037938058376312,0.9612917022464117,0.9356548702919303,0.0,0.0,113859,0.003504975466057658,0.0004120914381928742,0.05777614563703537,0.06215624138712883,0.9295308781170851,0.9626521793188935,0.0,0.0,0.75174949124304,0.9375766280569809,0.8009148629950615,0.0017281032633036375,0.009780775755643845,0.009170226752758026,4096,0.24089841544628143,0.0,0.714327871799469
200,D0,train,eval,scene_0066,128,17024,0,200531,0.0024692732840776443,-2.034732278843876e-05,0.04530629515647888,0.04653300344944,0.97363788704733,0.9720408379328943,0.0,0.0,53207,0.0034173440653830767,-0.0012133244890719652,0.03743285685777664,0.03818947449326515,0.9801877966238592,0.9917668689539145,0.0,0.0,147324,0.0021268711425364017,0.00041050396976061165,0.04591714218258858,0.047568727284669876,0.9652800233187327,0.9667001206274601,0.0,0.0,0.5669695937793265,0.8539733529336717,0.6593436263415423,0.0020411075092852116,0.009781885892152786,0.008353469893336296,4096,0.24490202963352203,0.0,0.7438271045684814
200,D0,train,eval,scene_0072,128,18560,0,200356,0.0028404330369085073,0.00054254534188658,0.05422510951757431,0.05605534091591835,0.9673495626208153,0.976044451819395,0.0,0.0,66762,0.004030370153486729,0.0004129057051613927,0.0388808399438858,0.04116056486964226,0.9446138571475764,0.9416668500143011,0.0,0.0,133594,0.0022457761224359274,0.0006073311087675393,0.05191255360841751,0.05397564545273781,0.9617773566760441,0.9746613613307834,0.0,0.0,0.8034159157639503,0.9797748374399107,0.8194760590693748,0.0022988568525761366,0.011699389666318893,0.011462767608463764,4096,0.24401789903640747,0.0,0.7316147685050964
200,D0,train,eval,scene_0079,128,20352,0,200683,0.0027787573635578156,0.00036718661431223154,0.05938378721475601,0.06036735698580742,0.983706926720634,0.9753144184758117,0.0,0.0,98725,0.0028483776841312647,9.124890493694693e-05,0.03794531524181366,0.039067342877388,0.9712796532107187,0.9843375464449826,0.0,0.0,101958,0.0027113445103168488,0.000634374504443258,0.055500809103250504,0.05715063586831093,0.9711319613510158,0.9698969478360709,0.0,0.0,0.7892246007366507,1.1549437382705299,0.6831287225425919,0.0012715895427390933,0.005860729143023491,0.006768812425434589,4096,0.24058516323566437,0.0,0.694035530090332
200,D0,train,eval,scene_0085,128,21888,0,200633,0.0031782423611730337,0.00043151911813765764,0.049392398446798325,0.050385165959596634,0.9802964326128368,0.9887610900788949,0.0,0.0,90883,0.003569164080545306,-0.00047370584798045456,0.03700024262070656,0.038099657744169235,0.9711437007952931,0.9654556073186479,0.0,0.0,109750,0.0028545239474624395,0.0011811279691755772,0.05139883607625961,0.053024355322122574,0.9693439130756434,0.9760260456184948,0.0,0.0,0.7210065824593055,0.9535250603833262,0.7561088552947212,0.0017469513695687056,0.008934836834669113,0.008519590832293034,4096,0.24294154345989227,0.0,0.7910314798355103
200,D0,train,eval,scene_0092,128,23680,0,200680,0.002573255216702819,0.00035757149453274906,0.05108831822872162,0.05243854597210884,0.974251236025778,0.976861752151639,0.0,0.0,55656,0.0036210452672094107,0.00023114611394703388,0.03673707693815231,0.037250760942697525,0.9862101070811572,0.9920172342590503,0.0,0.0,145024,0.0021711443550884724,0.00040608985000289977,0.051035068929195404,0.05279667675495148,0.9666341153642618,0.9704327197697671,0.0,0.0,0.6247774438278363,0.955204015906171,0.6529984652933752,0.002545672934502363,0.009336077608168125,0.008917858824133873,4096,0.24469009041786194,0.0,0.8241576552391052
200,D0,train,eval,scene_0099,128,25472,0,200699,0.003140372922644019,0.0002672025584615767,0.054271429777145386,0.05544103682041168,0.9789035863983755,0.9877538164094989,0.0,0.0,77958,0.004223902244120836,-0.0002897536614909768,0.042102374136447906,0.0436473973095417,0.9646021694687386,0.9857922003883628,0.0,0.0,122741,0.002452176995575428,0.0006209490820765495,0.04935595765709877,0.05100555345416069,0.9676585060772954,0.9712239346279028,0.0,0.0,0.525946461324127,0.984292307528128,0.5346788849332322,0.0020753887947648764,0.0100361043587327,0.009878460317850113,4096,0.24299180507659912,0.0,0.7687128186225891
200,D0,validation_test_seen,eval,scene_0100,128,128,0,199556,0.003931479062885046,0.0007207184680737555,0.051194339990615845,0.052054379135370255,0.9834780635358683,0.9801246131865612,0.0,0.0,57517,0.006350926589220762,-0.00044063045061193407,0.035348325967788696,0.037038180977106094,0.9543753239295978,0.9898856998260703,0.0,0.0,142039,0.0029517526272684336,0.0011909931199625134,0.052073005586862564,0.053139571100473404,0.9799289777556872,0.9720172154067639,0.0,0.0,0.6072030089681526,1.060249547056865,0.5716165313080694,0.0021196932066231966,0.005813529249280691,0.006163791753351688,4096,0.24500808119773865,0.0,1.0908927917480469
200,D0,validation_test_seen,eval,scene_0101,128,384,0,200668,0.003499888814985752,-4.61757299490273e-05,0.055698834359645844,0.05655544623732567,0.9848535917463157,0.9963756972465722,0.0,0.0,66409,0.00556792551651597,-0.002134430455043912,0.050686612725257874,0.053048230707645416,0.9554816824070406,0.9412975121026246,0.0,0.0,134259,0.002476968802511692,0.0009867449989542365,0.04750603437423706,0.04894638806581497,0.9705728298145072,0.9787179001650683,0.0,0.0,0.681746233230495,0.9535707939339148,0.7121432638163456,0.0016342366579920053,0.0050209034234285355,0.004787786863744259,4096,0.24446958303451538,0.0,0.9519537091255188
200,D0,validation_test_seen,eval,scene_0102,128,640,0,200285,0.003563773585483432,0.0009769797325134277,0.04997289553284645,0.05198422446846962,0.9613088594436353,0.9772831780587644,0.0,0.0,48268,0.005832017865031958,0.0013695196248590946,0.036015067249536514,0.03879689425230026,0.9282976883491437,0.9245226980319516,0.0,0.0,152017,0.0028435674030333757,0.0008523415308445692,0.0483194962143898,0.050269003957509995,0.9612184927163463,0.966363318251062,0.0,0.0,0.4378214138326631,0.8082436182947362,0.5408631037998379,0.0024934266693890095,0.008749539032578468,0.007071759086102247,4096,0.2449309378862381,0.0,1.3392692804336548
200,D0,validation_test_seen,eval,scene_0103,128,896,0,200682,0.0028664555866271257,0.0006247790879569948,0.05167778953909874,0.05294144153594971,0.9761311373436462,0.9669643205109493,0.0,0.0,54316,0.004889701027423143,0.0004633083881344646,0.036091312766075134,0.03799759969115257,0.9498313856514126,0.9745575511122689,0.0,0.0,146366,0.0021156349685043097,0.0006847003824077547,0.05117752403020859,0.052473071962594986,0.9753102327740614,0.9777836671260358,0.0,0.0,0.7849757581790173,0.9775429147075609,0.8034140408219634,0.0023945579305291176,0.011807683855295181,0.011542517691850662,4096,0.2447098195552826,0.0,1.100391149520874
200,D0,validation_test_seen,eval,scene_0104,128,1152,0,200697,0.002826447132974863,0.0005234502605162561,0.04703487083315849,0.0484677329659462,0.9704367824714549,0.9767736370245933,0.0,0.0,52465,0.004734560381621122,-0.00028747518081218004,0.028894657269120216,0.0303192138671875,0.9530147251077316,0.9448350236899249,0.0,0.0,148232,0.0021510927472263575,0.0008104681619442999,0.05037609487771988,0.05203025043010712,0.9682078110577368,0.9760969131075695,0.0,0.0,0.6523130713634047,0.9406001864455119,0.6919981600895878,0.0019983244128525257,0.007778441533446312,0.007316403556615114,4096,0.24530044198036194,0.0,0.8515819311141968
200,D0,validation_test_seen,eval,scene_0105,128,1408,0,200704,0.003518121549859643,-0.00012496236013248563,0.04848920553922653,0.05086847394704819,0.953227053551904,0.9540583219620898,0.0,0.0,55002,0.006251518148928881,0.00241210893727839,0.03530031442642212,0.03774315118789673,0.9352773500730388,0.9377366218568112,0.0,0.0,145702,0.0024862741120159626,-0.0010826976504176855,0.048207059502601624,0.05001714453101158,0.9638107084004431,0.9695484003039425,0.0,0.0,0.6608267846979134,0.8971585022030252,0.7365731734701474,0.0022319438867270947,0.01031164824962616,0.009251182898879051,4096,0.2447608858346939,0.0,1.1626797914505005
200,D0,validation_test_seen,eval,scene_0106,128,1664,0,200309,0.004615548998117447,0.0014687759103253484,0.05504574254155159,0.057935118675231934,0.9501273804257245,0.9581858047266488,0.0,0.0,98174,0.005851726979017258,0.0020909851882606745,0.03728991001844406,0.040384773164987564,0.9233655929203867,0.9101793610471202,0.0,0.0,102135,0.0034273124765604734,0.0008706967928446829,0.05073515325784683,0.053902383893728256,0.9412413624947311,0.9727405409846365,0.0,0.0,0.8766641603012615,1.1655881341740242,0.7491774343161908,0.001727948896586895,0.005968934390693903,0.006957319099456072,4096,0.24269458651542664,0.0,1.0862830877304077
200,D0,validation_test_seen,eval,scene_0107,128,1920,0,199994,0.0067947437055408955,0.0023529022000730038,0.05479675903916359,0.058338407427072525,0.9392913083488563,0.89624140003495,0.0,0.0,66108,0.013718889094889164,0.0034050229005515575,0.0422053225338459,0.04761239513754845,0.8864356101371935,0.9090957677723659,0.0,0.0,133886,0.0033758541103452444,0.0018334031337872148,0.0487237423658371,0.05165746808052063,0.9432081009059404,0.9691704183342267,0.0,0.0,0.6807835875340399,1.306769054328334,0.5152585780831362,0.00355154974386096,0.010132870636880398,0.01324132177978754,4096,0.2425457090139389,0.0,1.3716543912887573
200,D0,validation_test_seen,eval,scene_0108,128,2176,0,199879,0.005596721079200506,-0.001089651370421052,0.05312313884496689,0.05443450063467026,0.9759093630985173,0.980266225711334,0.0,0.0,82022,0.008540449663996696,-0.004415789619088173,0.03529762104153633,0.037817005068063736,0.9333795994158456,0.940247855109645,0.0,0.0,117857,0.0035480475053191185,0.0012251578737050295,0.050142012536525726,0.05369402468204498,0.933847161456924,0.9706074118165589,0.0,0.0,0.7158437522501483,1.144496008595161,0.6254573609626493,0.002124220598489046,0.007075968664139509,0.008098417893052101,4096,0.2433328926563263,0.0,1.1957128047943115
200,D0,validation_test_seen,eval,scene_0109,128,2432,0,199635,0.006054154131561518,-0.0008032869664020836,0.05428716540336609,0.054467979818582535,0.9966803539286992,1.0576371766746264,0.0,0.0,90009,0.007720564492046833,-0.004958322271704674,0.04929233342409134,0.04967711120843887,0.9922544251268345,1.0028230396499453,0.0,0.0,109626,0.004685939289629459,0.00260822637937963,0.04764673113822937,0.05085480585694313,0.9369169803196532,0.9973517570111603,0.0,0.0,0.7791895410443516,1.0765468884747622,0.7230713260381285,0.0018833347130566835,0.008185934275388718,0.00881254207342863,4096,0.24171008169651031,0.0,0.9560611248016357
200,D0,validation_test_seen,eval,scene_0110,128,2688,0,200090,0.004905822221189737,-0.0004915204481221735,0.051020361483097076,0.05254792049527168,0.9709301719691827,1.0036802043063586,0.0,0.0,68702,0.008064625784754753,-0.003972984384745359,0.033239614218473434,0.03589851036667824,0.9259329671051518,0.9138475992398942,0.0,0.0,131388,0.003254103474318981,0.0013289161724969745,0.049960341304540634,0.053071681410074234,0.9413747591395701,0.9688809389181274,0.0,0.0,0.6284382487235814,0.8737352097321504,0.7199383137116316,0.0017878829967230558,0.0076749287545681,0.00670585548505187,4096,0.24372439086437225,0.0,0.9020913243293762
200,D0,validation_test_seen,eval,scene_0111,128,2944,0,200582,0.004591274540871382,0.0029009038116782904,0.04518970847129822,0.045875683426856995,0.9850470902160514,0.9769632178843974,0.0,0.0,85341,0.006549774203449488,0.004011639393866062,0.029616408050060272,0.02907377853989601,1.0186638798744252,1.0052690509122044,0.0,0.0,115241,0.0031409193761646748,0.002078355522826314,0.04996072128415108,0.05075240507721901,0.9844010585929199,0.9820481062985265,0.0,0.0,0.531558986111164,0.9203737770542996,0.5767171997538683,0.0020243192557245493,0.006728209555149078,0.006192467641085386,4096,0.24429088830947876,0.0,1.2650105953216553
200,D0,validation_test_seen,eval,scene_0112,128,3200,0,200135,0.005471943877637386,0.0026832937728613615,0.0521499328315258,0.05462484434247017,0.9546925663453076,1.0032646582260278,0.0,0.0,68226,0.006587844807654619,0.002535792998969555,0.04122716560959816,0.04084191843867302,1.0094326414050216,1.0117977455537421,0.0,0.0,131909,0.004894775804132223,0.002759583992883563,0.0527828149497509,0.056647252291440964,0.9317806745187188,0.9796495523039663,0.0,0.0,0.6819724196393295,1.0028147494462738,0.6800419273797476,0.0028519118204712868,0.00982955377548933,0.009857221506536007,4096,0.24453778564929962,0.0,1.103686809539795
200,D0,validation_test_seen,eval,scene_0113,128,3456,0,200704,0.0038655935786664486,7.503011875087395e-05,0.0522204153239727,0.05266651511192322,0.9915297264874561,0.9862713609519509,0.0,0.0,67285,0.0063691711984574795,-0.0019016670994460583,0.03684379160404205,0.037633322179317474,0.9790204390802008,0.9644632734823531,0.0,0.0,133419,0.002603005850687623,0.0010719052515923977,0.05104923993349075,0.0523630753159523,0.9749091249027291,0.973291916769508,0.0,0.0,0.590728576981033,0.8684967721243443,0.6811367817848399,0.0025832103565335274,0.010529140010476112,0.009144524112343788,4096,0.24391581118106842,0.0,1.0716445446014404
200,D0,validation_test_seen,eval,scene_0114,128,3712,0,199834,0.0048879594542086124,0.0005781541112810373,0.05456927791237831,0.057798922061920166,0.9441227615615058,0.973296963936341,0.0,0.0,58958,0.008332432247698307,-0.00016666133888065815,0.05342688038945198,0.0569305457174778,0.9384571975576517,0.9290025797525138,0.0,0.0,140876,0.003446413204073906,0.0008898667292669415,0.049423396587371826,0.053133003413677216,0.9301826249605442,0.9710006833838386,0.0,0.0,0.6123920227678692,1.1864421799159326,0.5159392594490868,0.003372795879840851,0.010604345239698887,0.01258144248276949,4096,0.24362610280513763,0.0,1.1593921184539795
200,D0,validation_test_seen,eval,scene_0115,128,3968,0,200648,0.004656841978430748,0.0006509053055197,0.05315086990594864,0.05591801553964615,0.950514237549514,0.9525647992878711,0.0,0.0,51118,0.01122060976922512,6.315033533610404e-05,0.04982393607497215,0.05734998360276222,0.868769839937189,0.8699380668377735,0.0,0.0,149530,0.0024129662197083235,0.000851833785418421,0.048384521156549454,0.04989656060934067,0.9696965194729642,0.9721354405344659,0.0,0.0,0.28871300112543224,0.8851812936164163,0.3277544448393576,0.0028624152764678,0.011162856593728065,0.009881151840090752,4096,0.2436690628528595,0.0,1.245113492012024
200,D0,validation_test_seen,eval,scene_0116,128,4224,0,200682,0.006284049712121487,0.004284922499209642,0.05813362076878548,0.06261704117059708,0.928399357139908,0.9312143778819583,0.0,0.0,68868,0.011986559256911278,0.010222158394753933,0.04150236397981644,0.046667635440826416,0.8893179092487034,0.9434872432790149,0.0,0.0,131814,0.0033046966418623924,0.0011829342693090439,0.05075353384017944,0.051975592970848083,0.9764878270584798,0.9803353002865856,0.0,0.0,0.3613600191489652,1.0835535718647753,0.3370700874124442,0.0028067987877875566,0.010103420354425907,0.010947597213089466,4096,0.24238121509552002,0.0,1.3793766498565674
200,D0,validation_test_seen,eval,scene_0117,128,4480,0,200501,0.004470425192266703,0.0023074711207300425,0.051868878304958344,0.0538739413022995,0.9627823220489796,0.9489345765014201,0.0,0.0,53935,0.009037395007908344,0.0031406390480697155,0.03675762563943863,0.03975345194339752,0.9246398449064382,0.9742559703769894,0.0,0.0,146566,0.002789820544421673,0.00200087227858603,0.05143032968044281,0.05313188582658768,0.9679748587938621,0.9773196433417852,0.0,0.0,0.9141676354878399,1.3109288484406025,0.6944260922274582,0.002023937413468957,0.0057647996582090855,0.007557242177426815,4096,0.24490150809288025,0.0,1.2109313011169434
200,D0,validation_test_seen,eval,scene_0118,128,4736,0,200491,0.0049264682456851006,0.0006702805985696614,0.05566974729299545,0.057867057621479034,0.9620283038606064,0.928751046449933,0.0,0.0,65199,0.009465566836297512,-0.0008313640137203038,0.04352716729044914,0.04918580502271652,0.8849538453288722,0.8947784085028885,0.0,0.0,135292,0.0027390173636376858,0.0013939428608864546,0.050520025193691254,0.05246668681502342,0.9628971879204928,0.9739387724364955,0.0,0.0,0.5749055510762765,0.9868058123098813,0.5815876567541932,0.002189149847254157,0.005581997334957123,0.005508347414433956,4096,0.2441638559103012,0.0,1.2131242752075195
200,D0,validation_test_seen,eval,scene_0119,128,4992,0,199640,0.005230039823800325,0.00269390270113945,0.053915150463581085,0.056304823607206345,0.9575582873628005,0.960901336009534,0.0,0.0,70329,0.008382578380405903,0.00393117917701602,0.039595428854227066,0.04295191913843155,0.9218547075070916,0.9025927809266824,0.0,0.0,129311,0.003515452379360795,0.002020979067310691,0.04996519535779953,0.051717229187488556,0.9661228210170069,0.9772436764969444,0.0,0.0,0.44925932945300345,1.0606058229649697,0.4215861997735688,0.003141857450827956,0.010213229805231094,0.010832211002707481,4096,0.2435922920703888,0.0,1.2778714895248413
200,D0,validation_test_seen,eval,scene_0120,128,5248,0,200686,0.004527505487203598,0.0021512345410883427,0.04927118495106697,0.0505831353366375,0.9740634822883295,0.9787885957767282,0.0,0.0,62231,0.008470132015645504,0.002333449199795723,0.03192409873008728,0.03299010917544365,0.9676869682459294,0.958344664424424,0.0,0.0,138455,0.002755422843620181,0.002069334965199232,0.0507187657058239,0.052198220044374466,0.9716569964015466,0.9691161910629029,0.0,0.0,0.6995217542850736,1.1886202888655562,0.5890486339715605,0.0031424169428646564,0.009270037524402142,0.01101855468004942,4096,0.2447071522474289,0.0,1.3359005451202393
200,D0,validation_test_seen,eval,scene_0121,128,5504,0,199742,0.00488996272906661,0.0031193431932479143,0.05125730112195015,0.05205470323562622,0.984681458847885,0.9955575432262659,0.0,0.0,68418,0.008135219104588032,0.004925333894789219,0.041243553161621094,0.03979155048727989,1.0364902261047948,1.046735615835937,0.0,0.0,131324,0.0031992290169000626,0.0021784466225653887,0.0503140427172184,0.05136334151029587,0.9795710566675819,0.9796607270216899,0.0,0.0,0.6072320887309245,1.406387868177357,0.4320029872491752,0.0030512968078255653,0.008635847829282284,0.012145351618528366,4096,0.24409611523151398,0.0,1.124360203742981
200,D0,validation_test_seen,eval,scene_0122,128,5760,0,200023,0.004307313822209835,0.0024391510523855686,0.06149418652057648,0.06293501704931259,0.9771060596105479,0.9865789150329444,0.0,0.0,78065,0.0057899742387235165,0.0030416802037507296,0.044398240745067596,0.04501315951347351,0.9863391333767216,0.9827663389661804,0.0,0.0,121958,0.0033582663163542747,0.0020534738432615995,0.054730720818042755,0.056563809514045715,0.9675925523448385,0.9728553118667612,0.0,0.0,0.720215737555463,0.9705559845344696,0.741908248763835,0.0018888969207182527,0.007186685223132372,0.006975080352276564,4096,0.24270495772361755,0.0,1.2868629693984985
200,D0,validation_test_seen,eval,scene_0123,128,6016,0,200684,0.0037871920503675938,0.0010059741325676441,0.059098947793245316,0.05883701890707016,1.004451770178718,1.0160013887267343,0.0,0.0,72385,0.005281355232000351,-0.0005712980055250227,0.047899968922138214,0.04689929634332657,1.0213366224406912,1.0248617143339287,0.0,0.0,128299,0.0029442007653415203,0.001895854831673205,0.05077781155705452,0.051957398653030396,0.9772970332126688,0.9752369081654706,0.0,0.0,0.9032901395639681,0.9880656569059347,0.913311859842217,0.0021367606241256,0.012482126243412495,0.012333160266280174,4096,0.2421509027481079,0.0,0.9850544333457947
200,D0,validation_test_seen,eval,scene_0124,128,6272,0,200223,0.0058217765763401985,0.00023458051146008074,0.04924226552248001,0.04967567324638367,0.9912752521389289,1.0125375754233679,0.0,0.0,71991,0.010384827852249146,-0.002116010058671236,0.035173043608665466,0.034191593527793884,1.0287044264279106,1.0462952161591046,0.0,0.0,128232,0.0032600238919258118,0.0015542303444817662,0.04894175007939339,0.05110533535480499,0.9576641996302215,0.9658570842951508,0.0,0.0,0.619092887603472,0.95816346556975,0.6452133238163731,0.0022992182057350874,0.008394596166908741,0.008043395355343819,4096,0.24406106770038605,0.0,1.2148935794830322
200,D0,validation_test_seen,eval,scene_0125,128,6528,0,200704,0.0071207317523658276,0.0047711459919810295,0.05911629647016525,0.0626876950263977,0.9430287147305617,0.932512990594499,0.0,0.0,61232,0.015177156776189804,0.009882355108857155,0.054278451949357986,0.055785808712244034,0.9729795659921086,1.0043642312198435,0.0,0.0,139472,0.0035837420728057623,0.002527185482904315,0.0488978773355484,0.05128074064850807,0.953532977823147,0.967174062980613,0.0,0.0,0.575875344937421,1.2933632549624265,0.4445964492530812,0.004197063855826855,0.011862926185131073,0.015343072824180126,4096,0.24199536442756653,0.0,1.570676326751709
200,D0,validation_test_seen,eval,scene_0126,128,6784,0,200700,0.0035602927673608065,0.0019018454477190971,0.049294210970401764,0.05136072263121605,0.9597647471657983,0.9553217508267661,0.0,0.0,60523,0.006392278708517551,0.0034056659787893295,0.030668705701828003,0.03332030400633812,0.9204209450188169,0.905200997530235,0.0,0.0,140177,0.002337550977244973,0.001252553891390562,0.051726460456848145,0.053400807082653046,0.9686456681597833,0.9712620247375111,0.0,0.0,0.723678942524849,0.994971272371201,0.7280305810042482,0.0018355450592935085,0.007858054712414742,0.007818538695573807,4096,0.24508503079414368,0.0,1.1270432472229004
200,D0,validation_test_seen,eval,scene_0127,128,7040,0,200161,0.003999621141701937,0.001630124868825078,0.04981594532728195,0.05238356813788414,0.9509841940540651,0.9759708662107045,0.0,0.0,42698,0.00859670527279377,0.004183697979897261,0.033403992652893066,0.03676766902208328,0.9085153761809068,0.8989576931407494,0.0,0.0,157463,0.0027530661318451166,0.0009376925881952047,0.05093620344996452,0.05304429680109024,0.960257869775693,0.9700796769106107,0.0,0.0,0.6308630931340371,0.9190703258028372,0.6824060479911207,0.0023414590395987034,0.009289361536502838,0.008537576533854008,4096,0.24494192004203796,0.0,1.1556549072265625
200,D0,validation_test_seen,eval,scene_0128,128,7296,0,200671,0.004030304495245218,0.002081843325868249,0.05496298894286156,0.05794762074947357,0.9484943166257758,0.9246043159660818,0.0,0.0,61355,0.006600781809538603,0.0051515791565179825,0.047340717166662216,0.050289787352085114,0.9413584677784361,0.9543673364908827,0.0,0.0,139316,0.0028982621151953936,0.0007299263961613178,0.04970366880297661,0.051738664507865906,0.9606677960429397,0.935831508184536,0.0,0.0,0.48782093697728796,0.936177072085299,0.5210508694899958,0.0019179360242560506,0.007903825491666794,0.007399380207061768,4096,0.24412038922309875,0.0,1.0975416898727417
200,D0,validation_test_seen,eval,scene_0129,128,7552,0,200043,0.003716973355039954,0.0014643279137089849,0.05318582430481911,0.05616459250450134,0.9469635927752258,0.9868251250432274,0.0,0.0,59425,0.005344775505363941,0.0020246170461177826,0.04239589720964432,0.04574619233608246,0.9267634101254896,0.9133003957790612,0.0,0.0,140618,0.003029066137969494,0.0012275504413992167,0.05331708490848541,0.056242913007736206,0.9479787240243345,0.97753042287532,0.0,0.0,0.7705940757082428,1.185850078522255,0.6486485853593997,0.0014496210496872663,0.00458768755197525,0.005440309643745422,4096,0.24487079679965973,0.0,1.1896709203720093
200,D0,validation_test_seen,eval,scene_0100,192,192,0,198401,0.00513696763664484,0.0016748076304793358,0.08786610513925552,0.08828484266996384,0.9952569714342281,0.9879442155874447,0.0,0.0,54212,0.0074657476507127285,7.058076880639419e-05,0.052214886993169785,0.05435025691986084,0.9607109506429814,0.9932400177749552,0.0,0.0,144189,0.0042613958939909935,0.0022779630962759256,0.08745957911014557,0.08812298625707626,0.9924718036109742,0.9911960699953508,0.0,0.0,0.6938284905388333,1.0883776963830254,0.613010830061859,0.0024429727345705032,0.007397410459816456,0.008051176555454731,4096,0.24088098108768463,0.0,1.3718599081039429
200,D0,validation_test_seen,eval,scene_0129,192,7616,0,199019,0.00399225065484643,0.0017789052799344063,0.08482683449983597,0.08601099997758865,0.9862323949487712,0.9816403939444635,0.0,0.0,57613,0.005923750344663858,0.00253965868614614,0.05656161159276962,0.05941979959607124,0.9518983903895462,0.9189696803716569,0.0,0.0,141406,0.0032052993774414062,0.0014689518138766289,0.08602450042963028,0.08663759380578995,0.9929234717952348,0.990889096847646,0.0,0.0,0.7402160040655535,1.1614339237698204,0.6154620623696321,0.0018116093706339598,0.00579006876796484,0.006724782288074493,4096,0.24141281843185425,0.0,1.1319694519042969
300,D0,train,train,scene_0000,128,128,0,199291,0.002459766110405326,-0.00022434178390540183,0.04949401319026947,0.05072623863816261,0.9757083221430475,0.9815428090333903,0.0,0.0,97957,0.002341119572520256,-0.0007939908537082374,0.04368335381150246,0.04420310631394386,0.9882417199653353,0.9956976652783587,0.0,0.0,101334,0.0025744587182998657,0.0003263234975747764,0.0516328364610672,0.05377337336540222,0.9601933676396013,0.9791198735888085,0.0,0.0,0.783474701296509,0.9249528479226381,0.846053570221745,0.0013271472416818142,0.008893096819519997,0.008225695230066776,4096,0.24387995898723602,0.0,0.5895684957504272
300,D0,train,train,scene_0006,128,1664,0,200073,0.0029891624581068754,-0.0012391393538564444,0.06390161067247391,0.06395228207111359,0.9992076686398254,1.0137977538883356,0.0,0.0,62719,0.004578517284244299,-0.0030556211713701487,0.05430741608142853,0.05385834351181984,1.0083380315904096,0.9954270509779586,0.0,0.0,137354,0.0022634267807006836,-0.0004096919437870383,0.05145583674311638,0.0529913492500782,0.9710233362861664,0.9765230260178178,0.0,0.0,0.6238821180849642,1.3212430327996063,0.4722919298508529,0.0023693672847002745,0.008401311933994293,0.011100174859166145,4096,0.24192209541797638,0.0,0.6707760691642761
300,D0,train,train,scene_0013,128,3456,0,200704,0.0043731676414608955,-0.002924735425040126,0.07142352312803268,0.0688348039984703,1.0376077068457972,1.028346693406334,0.0,0.0,89703,0.007384295109659433,-0.006509266793727875,0.04926237836480141,0.04699346423149109,1.0482814827639346,1.043257762490517,0.0,0.0,111001,0.0019397911382839084,-2.7975740522379056e-05,0.050240229815244675,0.05120379477739334,0.9811817665792598,0.9833034976728184,0.0,0.0,0.7520109686054016,0.9749519746316858,0.7697951204313249,0.001913868123665452,0.00777825340628624,0.007583423517644405,4096,0.2367723286151886,0.0,0.8317659497261047
300,D0,train,train,scene_0019,128,4992,0,200704,0.0029323690105229616,-0.00105978362262249,0.05622109770774841,0.055892203003168106,1.0058844469694934,1.030042953984654,0.0,0.0,58792,0.0055649117566645145,-0.00442578736692667,0.044252004474401474,0.04431021586060524,0.9986862761764264,1.001548795097759,0.0,0.0,141912,0.0018417465034872293,0.0003347007150296122,0.05128926411271095,0.05229644477367401,0.9807409343919671,0.990548810836531,0.0,0.0,0.43307501630243833,0.8197150175393106,0.528124436347135,0.002483778167515993,0.011479240842163563,0.009409706108272076,4096,0.24302446842193604,0.0,0.6823466420173645
300,D0,train,train,scene_0026,128,6784,0,200606,0.0021593854762613773,-5.429884186014533e-05,0.053566738963127136,0.05439907684922218,0.9846994115653463,0.984964203908171,0.0,0.0,73365,0.002337362850084901,-6.6564985900186e-05,0.03952573612332344,0.03955148905515671,0.9993488757958682,0.9878661299044643,0.0,0.0,127241,0.0020567667670547962,-4.722635276266374e-05,0.0527757853269577,0.05409681051969528,0.9755803497461901,0.9786003780024617,0.0,0.0,0.8315829467448596,0.9659973831666504,0.8593685887937814,0.001434464124031365,0.00924619846045971,0.00893180351704359,4096,0.24426370859146118,0.0,0.6158226728439331
300,D0,train,train,scene_0033,128,8576,0,199769,0.002771590370684862,-0.00013606474385596812,0.06719233840703964,0.06836948543787003,0.9827825670576371,0.9925754166840514,0.0,0.0,68040,0.003265258390456438,-0.0005561365396715701,0.06215015798807144,0.06265620142221451,0.9919234900511595,0.9870515262391093,0.0,0.0,131729,0.002516603097319603,8.090868504950777e-05,0.05491161346435547,0.05706477537751198,0.9622681084975404,0.9892856736716498,0.0,0.0,0.5787730016314602,1.1206665308107073,0.5152481711631203,0.002551648998633027,0.010004051961004734,0.011211206205189228,4096,0.24161173403263092,0.0,0.6180835962295532
300,D0,train,train,scene_0039,128,10112,0,200702,0.002815779997035861,-0.00019465853984002024,0.056483615189790726,0.0558958500623703,1.0105153625316474,1.0444011138703377,0.0,0.0,79754,0.004319535568356514,-0.0013201478868722916,0.05262519791722298,0.05079520866274834,1.0360268084855158,1.0537321482302808,0.0,0.0,120948,0.0018241925863549113,0.0005474974168464541,0.05032166466116905,0.051167383790016174,0.9834715190380294,0.9876312220501218,0.0,0.0,0.7581600650756213,0.9261827911099834,0.8185820056899766,0.0020310115069150925,0.010834875516593456,0.01003507524728775,4096,0.2422133982181549,0.0,0.5206725597381592
300,D0,train,train,scene_0046,128,11904,0,200574,0.002353366930037737,-0.0003306844155304134,0.05247939005494118,0.053314391523599625,0.9843381600202858,1.0029685035600315,0.0,0.0,61885,0.003473278833553195,-0.0018204747466370463,0.029248813167214394,0.02987593784928322,0.9790090378005031,0.9847186977270335,0.0,0.0,138689,0.0018536461284384131,0.0003340811235830188,0.05350189656019211,0.05511162057518959,0.9707915681267019,0.9842000347364764,0.0,0.0,0.780546208547817,0.9680471871063543,0.8063906477221929,0.0015198313631117344,0.00677051255479455,0.0065541756339371204,4096,0.24397432804107666,0.0,0.646192729473114
300,D0,train,train,scene_0052,128,13440,0,200635,0.002251231810078025,-0.00044466141844168305,0.05260308459401131,0.053535621613264084,0.982580999507406,0.9885040280053577,0.0,0.0,91160,0.0024933405220508575,-0.000978875090368092,0.03190142661333084,0.03297131881117821,0.967550821852942,0.978239767303509,0.0,0.0,109475,0.002049627248197794,1.7910521421526937e-07,0.05374673008918762,0.05531821399927139,0.9715919261221183,0.9796090962200398,0.0,0.0,0.5875677678988291,0.8486495617431498,0.6900411032784427,0.00133787770755589,0.006577382795512676,0.005581893026828766,4096,0.2431393414735794,0.0,0.5795889496803284
300,D0,train,train,scene_0059,128,15232,0,199735,0.0031858317088335752,-0.0005695355939678848,0.06616702675819397,0.06833288073539734,0.9683043660109967,0.9777801601240218,0.0,0.0,85876,0.0031291537452489138,-0.0008443210390396416,0.04888046160340309,0.05037938058376312,0.9702473717820358,0.9441506233739435,0.0,0.0,113859,0.003228579880669713,-0.00036228401586413383,0.05859554558992386,0.06215624138712883,0.942713785168768,0.9718576815497969,0.0,0.0,0.7220534177740957,0.9181539032270719,0.7853381660169009,0.0017585762543603778,0.009780775755643845,0.00898025743663311,4096,0.2407463788986206,0.0,0.6005143523216248
300,D0,train,train,scene_0066,128,17024,0,200531,0.0021181206684559584,-0.0003890490625053644,0.046540990471839905,0.04653300344944,1.0001716420993239,0.9901360569737014,0.0,0.0,53207,0.0038471673615276814,-0.001916835899464786,0.03943679854273796,0.03818947449326515,1.0326614614634926,1.0571661359129965,0.0,0.0,147324,0.0014936644583940506,0.0001627208257559687,0.0469123050570488,0.047568727284669876,0.9862005509692788,0.9857676450802638,0.0,0.0,0.5466955600396511,0.8482084541692928,0.6394258935144734,0.002061194973066449,0.009781885892152786,0.008297078311443329,4096,0.2447478175163269,0.0,0.6510893702507019
300,D0,train,train,scene_0072,128,18560,0,200356,0.0024886620230972767,-6.440347351599485e-05,0.05517920106649399,0.05605534091591835,0.984370091500495,0.9942871523660285,0.0,0.0,66762,0.0035056963097304106,-0.001030978630296886,0.040445759892463684,0.04116056486964226,0.9826337422860352,1.0219839147453502,0.0,0.0,133594,0.001980411121621728,0.00041863095248118043,0.052383311092853546,0.05397564545273781,0.970499021428497,0.9878890820375533,0.0,0.0,0.7986355627269671,0.9381805974849476,0.8508221544316877,0.002222765702754259,0.011699389666318893,0.010976140387356281,4096,0.24384616315364838,0.0,0.6532132029533386
300,D0,train,train,scene_0079,128,20352,0,200683,0.002224598079919815,0.00023840197536628693,0.06002894788980484,0.06036735698580742,0.9943941707422749,0.9882572555726823,0.0,0.0,98725,0.0023418546188622713,-9.335813956568018e-05,0.03884049132466316,0.039067342877388,0.994193320148831,0.999204059900247,0.0,0.0,101958,0.0021110596135258675,0.0005596422706730664,0.05619395151734352,0.05715063586831093,0.9832603025945006,0.9867042949980677,0.0,0.0,0.7447456372864566,1.0537192650141192,0.7065914451802849,0.0012141995830461383,0.005860729143023491,0.006175563205033541,4096,0.24048832058906555,0.0,0.5996161699295044
300,D0,train,train,scene_0085,128,21888,0,200633,0.003062300616875291,0.0008658640435896814,0.049932751804590225,0.050385165959596634,0.9910208858819837,0.9979622431581077,0.0,0.0,90883,0.003816611599177122,0.0006177882314659655,0.03823651000857353,0.038099657744169235,1.0035919552171106,0.9914925651982055,0.0,0.0,109750,0.0024376625660806894,0.001071293605491519,0.0520055778324604,0.053024355322122574,0.9807866124260615,0.9855722529105592,0.0,0.0,0.704274734107664,0.9178212428395778,0.7673002360038982,0.0017255389830097556,0.008934836834669113,0.008200583048164845,4096,0.24294671416282654,0.0,0.6923950910568237
300,D0,train,train,scene_0092,128,23680,0,200680,0.002510163001716137,-0.0004479960189200938,0.051655177026987076,0.05243854597210884,0.985061200103862,0.9914962720450848,0.0,0.0,55656,0.004289988894015551,-0.0018030779901891947,0.036250341683626175,0.037250760942697525,0.9731436557602062,0.9912103175149769,0.0,0.0,145024,0.0018271170556545258,7.204509893199429e-05,0.051559653133153915,0.05279667675495148,0.9765700476274475,0.9851630137299294,0.0,0.0,0.6378929458549376,0.9459682776371617,0.6731944775327618,0.002530679339542985,0.009336077608168125,0.008831633254885674,4096,0.244547501206398,0.0,0.7413936853408813
300,D0,train,train,scene_0099,128,25472,0,200699,0.0028611179441213608,-0.0004190123581793159,0.05550416186451912,0.05544103682041168,1.0011385978280298,1.022315427735202,0.0,0.0,77958,0.00403589429333806,-0.001812507282011211,0.043815646320581436,0.0436473973095417,1.003854731814741,1.0285676518732279,0.0,0.0,122741,0.0021149676758795977,0.00046605520765297115,0.0500267893075943,0.05100555345416069,0.9808106356997769,0.9867993971416534,0.0,0.0,0.5128638419203758,0.921277520755258,0.5569758830941586,0.0019825634080916643,0.0100361043587327,0.0092460373416543,4096,0.24276851117610931,0.0,0.6770024299621582
300,D0,validation_test_seen,train,scene_0100,128,128,0,199556,0.003602028591558337,0.00015525661001447588,0.0514664426445961,0.052054379135370255,0.9887053404432086,0.9870130946673774,0.0,0.0,57517,0.005767627619206905,-0.001421278459019959,0.035016804933547974,0.037038180977106094,0.9454245324626616,0.9847908829185522,0.0,0.0,142039,0.0027250947896391153,0.0007936555775813758,0.052408892661333084,0.053139571100473404,0.9862498243021421,0.9850676492688697,0.0,0.0,0.5840154594157081,1.0123909253897185,0.5756561265184819,0.0020238428842276335,0.005813529249280691,0.0058855642564594746,4096,0.24492478370666504,0.0,1.0931687355041504
300,D0,validation_test_seen,train,scene_0101,128,384,0,200668,0.0033907305914908648,-0.0006347146118059754,0.0556277260184288,0.05655544623732567,0.9835962709054785,0.9899225582448035,0.0,0.0,66409,0.005546653177589178,-0.002634823089465499,0.05007471889257431,0.053048230707645416,0.9439470124562975,0.9312087550361108,0.0,0.0,134259,0.002324339235201478,0.0003546059597283602,0.04775490239262581,0.04894638806581497,0.9756573320264806,0.9896762332787701,0.0,0.0,0.6460600301695211,0.9277279038959005,0.6933298944880458,0.0015834987862035632,0.0050209034234285355,0.004658032208681107,4096,0.2444191426038742,0.0,0.9320077896118164
300,D0,validation_test_seen,train,scene_0102,128,640,0,200285,0.0033792362082749605,6.434617534978315e-05,0.051115553826093674,0.05198422446846962,0.9832897258493714,1.0063912613470918,0.0,0.0,48268,0.005620776675641537,-0.0010807308135554194,0.03747125342488289,0.03879689425230026,0.9658312642554171,0.9492336601144867,0.0,0.0,152017,0.002667508088052273,0.0004279276472516358,0.04904710128903389,0.050269003957509995,0.9756927217115955,0.9840545427046963,0.0,0.0,0.4298618744161735,0.7781521182158624,0.5515980413159908,0.0025250317994505167,0.008749539032578468,0.006808472331613302,4096,0.24472203850746155,0.0,1.2022466659545898
300,D0,validation_test_seen,train,scene_0103,128,896,0,200682,0.0028392565436661243,0.00030702343792654574,0.05208824202418327,0.05294144153594971,0.9838840899111696,0.9764550218053634,0.0,0.0,54316,0.005497894715517759,5.458228042698465e-05,0.03549943119287491,0.03799759969115257,0.9342545708522915,0.9494562874423801,0.0,0.0,146366,0.0018526435596868396,0.00040070354589261115,0.051867011934518814,0.052473071962594986,0.9884500753356275,0.9947247885335057,0.0,0.0,0.7382633390831206,0.9680932237212192,0.7629072082302562,0.002491686027497053,0.011807683855295181,0.011430938728153706,4096,0.24463462829589844,0.0,1.0204336643218994
300,D0,validation_test_seen,train,scene_0104,128,1152,0,200697,0.0024819413665682077,0.00013654770737048239,0.04784709960222244,0.0484677329659462,0.9871949165817222,0.9959897239911032,0.0,0.0,52465,0.004433580674231052,-0.0014316118322312832,0.029269734397530556,0.0303192138671875,0.9653856635513651,0.9506546576940248,0.0,0.0,148232,0.0017911812756210566,0.0006915796548128128,0.051193274557590485,0.05203025043010712,0.9839136681911429,0.9971772940340002,0.0,0.0,0.6251634987944208,0.88311834788108,0.7065058399827847,0.001883430639281869,0.007778441533446312,0.006869284436106682,4096,0.24518461525440216,0.0,0.7550259828567505
300,D0,validation_test_seen,train,scene_0105,128,1408,0,200704,0.0030043411534279585,-0.00048159511061385274,0.049470096826553345,0.05086847394704819,0.9725099455126078,0.9758901160383409,0.0,0.0,55002,0.005409269127994776,0.001352582941763103,0.036851994693279266,0.03774315118789673,0.9763889217892534,0.9641929069948685,0.0,0.0,145702,0.0020964888390153646,-0.0011739908950403333,0.04891205579042435,0.05001714453101158,0.9779058010818259,0.9882017752728299,0.0,0.0,0.667765782590326,0.8463001605484369,0.7890858982535989,0.002161173615604639,0.01031164824962616,0.008726749569177628,4096,0.24462631344795227,0.0,1.0581886768341064
300,D0,validation_test_seen,train,scene_0106,128,1664,0,200309,0.004260411486029625,0.00037274399073794484,0.05585724860429764,0.057935118675231934,0.9641345332770913,0.9824842366985835,0.0,0.0,98174,0.00540947774425149,0.0003104424977209419,0.03783095255494118,0.040384773164987564,0.9367627843392105,0.9199643083837489,0.0,0.0,102135,0.0031559092458337545,0.0004326290509197861,0.05124335736036301,0.053902383893728256,0.9506695930442023,0.9855613790903687,0.0,0.0,0.7654324600174848,1.0469610800714515,0.7279216135299438,0.0016588041326031089,0.005968934390693903,0.0062492419965565205,4096,0.24246004223823547,0.0,1.0166749954223633
300,D0,validation_test_seen,train,scene_0107,128,1920,0,199994,0.005892926827073097,0.0005552052753046155,0.05736787989735603,0.058338407427072525,0.9833638322929928,0.9716670201302663,0.0,0.0,66108,0.011040722951292992,-0.0014550795312970877,0.0466034822165966,0.04761239513754845,0.9788098683538777,1.0139699374051914,0.0,0.0,133886,0.0033511354122310877,0.0015478102723136544,0.049197543412446976,0.05165746808052063,0.9523800766959916,0.9827421922015739,0.0,0.0,0.7202947388268103,1.4821269351982205,0.4796250563032315,0.003823960665613413,0.010132870636880398,0.015018200501799583,4096,0.24201419949531555,0.0,1.083543062210083
300,D0,validation_test_seen,train,scene_0108,128,2176,0,199879,0.0053467582911252975,-0.001984833739697933,0.0540851429104805,0.05443450063467026,0.9935820532912679,1.0150921079000947,0.0,0.0,82022,0.00824426207691431,-0.006055139470845461,0.03655144199728966,0.037817005068063736,0.9665345505680237,0.9733264245382769,0.0,0.0,117857,0.003330254927277565,0.0008478755480609834,0.05064762011170387,0.05369402468204498,0.943263620330554,0.9843128294727503,0.0,0.0,0.6967142469473071,1.0443034979964827,0.6674650416648317,0.0020151862408965826,0.007075968664139509,0.007389458827674389,4096,0.24311792850494385,0.0,1.1285438537597656
300,D0,validation_test_seen,train,scene_0109,128,2432,0,199635,0.006796387955546379,-0.002395325805991888,0.05591149255633354,0.054467979818582535,1.026502042898579,1.0960321020376953,0.0,0.0,90009,0.009719888679683208,-0.007571835536509752,0.0522003136575222,0.04967711120843887,1.0507920526718288,1.0702265444031238,0.0,0.0,109626,0.004396033473312855,0.0018548755906522274,0.04763798788189888,0.05085480585694313,0.9367450544577182,0.9917934050532026,0.0,0.0,0.7754888796568873,1.0579222215395958,0.7314833594675558,0.001856043003499508,0.008185934275388718,0.008660081773996353,4096,0.24129581451416016,0.0,0.9188408851623535
300,D0,validation_test_seen,train,scene_0110,128,2688,0,200090,0.004898527637124062,-0.0011484139831736684,0.051716599613428116,0.05254792049527168,0.9841797568008734,1.0211697715843295,0.0,0.0,68702,0.008385498076677322,-0.005248527508229017,0.034176211804151535,0.03589851036667824,0.952023118927927,0.9503251506421789,0.0,0.0,131388,0.0030752113088965416,0.0009955111891031265,0.050385501235723495,0.053071681410074234,0.9493858098522419,0.9802539480021973,0.0,0.0,0.6342294198721284,0.8600546518507948,0.737735364656558,0.0018014108063653111,0.0076749287545681,0.006600858177989721,4096,0.24357277154922485,0.0,0.8390198349952698
300,D0,validation_test_seen,train,scene_0111,128,2944,0,200582,0.004458306357264519,0.0019087942782789469,0.04550255835056305,0.045875683426856995,0.9918666045185169,0.9868038212835717,0.0,0.0,85341,0.006386675871908665,0.0025288357865065336,0.030029941350221634,0.02907377853989601,1.032887462804793,1.0105857855430713,0.0,0.0,115241,0.003030264051631093,0.0014496264047920704,0.050043534487485886,0.05075240507721901,0.9860327685228988,0.9893443323785627,0.0,0.0,0.5006276546664838,0.8791200881462164,0.5685915324937013,0.002041453495621681,0.006728209555149078,0.005914904177188873,4096,0.2441413849592209,0.0,1.1905176639556885
300,D0,validation_test_seen,train,scene_0112,128,3200,0,200135,0.004922586493194103,0.0016764228930696845,0.05209987610578537,0.05462484434247017,0.9537761934687717,1.0029692426987569,0.0,0.0,68226,0.005705493036657572,0.0012661245418712497,0.04090138152241707,0.04084191843867302,1.001455932679395,0.9899198615582839,0.0,0.0,131909,0.004517652094364166,0.0018886375473812222,0.05274366959929466,0.056647252291440964,0.9310896374626787,0.9822303151210873,0.0,0.0,0.6719371635414216,0.9707765564760035,0.6921663736398616,0.002663034712895751,0.00982955377548933,0.00954230036586523,4096,0.24443654716014862,0.0,1.0322613716125488
300,D0,validation_test_seen,train,scene_0113,128,3456,0,200704,0.004053994547575712,-0.0004991057212464511,0.05271812155842781,0.05266651511192322,1.0009798720571301,0.9866722560989294,0.0,0.0,67285,0.007288770750164986,-0.003035650122910738,0.036567941308021545,0.037633322179317474,0.9716904910435613,0.9711457781859107,0.0,0.0,133419,0.002422652905806899,0.0007801078027114272,0.051640912890434265,0.0523630753159523,0.9862085559115732,0.9875610297603213,0.0,0.0,0.579667968099713,0.815484887194622,0.7113203429241326,0.0025416240096092224,0.010529140010476112,0.008586354553699493,4096,0.2437967211008072,0.0,1.0211819410324097
300,D0,validation_test_seen,train,scene_0114,128,3712,0,199834,0.004801598377525806,0.00014639175788033754,0.055207300931215286,0.057798922061920166,0.9551614279600497,0.976323643035436,0.0,0.0,58958,0.009055384434759617,-0.000633896968793124,0.054682113230228424,0.0569305457174778,0.960505692349984,0.9402267692219248,0.0,0.0,140876,0.003021347103640437,0.00047295031254179776,0.04983880743384361,0.053133003413677216,0.9380009453976089,0.9811932850397717,0.0,0.0,0.6104658888162421,1.2198346806947173,0.5002391249872239,0.0033830683678388596,0.010604345239698887,0.012935548089444637,4096,0.2435055524110794,0.0,1.0911681652069092
300,D0,validation_test_seen,train,scene_0115,128,3968,0,200648,0.0037956072483211756,-0.0004055839963257313,0.055070195347070694,0.05591801553964615,0.9848381566406922,0.9975404126823703,0.0,0.0,51118,0.00905485451221466,-0.0031857891008257866,0.05365660414099693,0.05734998360276222,0.9355992935002793,0.935342381232002,0.0,0.0,149530,0.001997692044824362,0.0005448508891277015,0.049083415418863297,0.04989656060934067,0.9837033819456256,0.9876514279497206,0.0,0.0,0.29503617695860634,0.8158729173455823,0.3637341881673604,0.0026960428804159164,0.011162856593728065,0.009107472375035286,4096,0.24333511292934418,0.0,1.0122168064117432
300,D0,validation_test_seen,train,scene_0116,128,4224,0,200682,0.005220182705670595,0.0028097364120185375,0.05963994562625885,0.06261704117059708,0.9524555059025023,0.9514139882476406,0.0,0.0,68868,0.00914204865694046,0.0066575175151228905,0.04281236231327057,0.046667635440826416,0.9173887193739598,0.9992759668557345,0.0,0.0,131814,0.003171150339767337,0.0007994113839231431,0.051308438181877136,0.051975592970848083,0.9871640754662455,0.9901978551993775,0.0,0.0,0.36950850854492434,0.9656311745486573,0.38546524872856147,0.0025407071225345135,0.010103420354425907,0.0097561776638031,4096,0.24200953543186188,0.0,1.1641525030136108
300,D0,validation_test_seen,train,scene_0117,128,4480,0,200501,0.0042508491314947605,0.0015427948674187064,0.05228675529360771,0.0538739413022995,0.9705388918960707,0.9524766868018996,0.0,0.0,53935,0.008892875164747238,0.0018937266431748867,0.03685535490512848,0.03975345194339752,0.9270982292960254,0.9800888503128135,0.0,0.0,146566,0.002542624482885003,0.0014136552345007658,0.05182644724845886,0.05313188582658768,0.9754302231547076,0.9883862364166014,0.0,0.0,0.8913110991994662,1.2836356251907843,0.6907404233106181,0.0019943227525800467,0.0057647996582090855,0.0073999022133648396,4096,0.24478234350681305,0.0,1.1828631162643433
300,D0,validation_test_seen,train,scene_0118,128,4736,0,200491,0.005370618775486946,-0.0009072092943824828,0.05617687106132507,0.057867057621479034,0.970791904243519,0.9402775705970278,0.0,0.0,65199,0.01103393454104662,-0.0037685378920286894,0.042535968124866486,0.04918580502271652,0.8648017066147682,0.8792077154539537,0.0,0.0,135292,0.00264139287173748,0.0004717028350569308,0.05097997561097145,0.05246668681502342,0.9716637109315951,0.9886413162944077,0.0,0.0,0.5079802161438792,0.9107901997189013,0.5583499912348469,0.0021651843562722206,0.005581997334957123,0.005084028467535973,4096,0.2439395785331726,0.0,1.1982266902923584
300,D0,validation_test_seen,train,scene_0119,128,4992,0,199640,0.005645047407597303,0.002772506093606353,0.05373840034008026,0.056304823607206345,0.9544191225066264,0.9529155951410232,0.0,0.0,70329,0.009754523634910583,0.00464472733438015,0.03875473141670227,0.04295191913843155,0.902281718583936,0.8996837436015562,0.0,0.0,129311,0.003410006407648325,0.0017542521236464381,0.050417210906744,0.051717229187488556,0.9748629557080166,0.9890517266367091,0.0,0.0,0.3832584711746723,0.9778354226903847,0.3902304200677627,0.0032081694807857275,0.010213229805231094,0.009986857883632183,4096,0.2436206191778183,0.0,1.1583757400512695
300,D0,validation_test_seen,train,scene_0120,128,5248,0,200686,0.004339426755905151,0.0013983090175315738,0.05004606023430824,0.0505831353366375,0.9893823287395107,0.9959682283019419,0.0,0.0,62231,0.008449794724583626,0.0006420318968594074,0.0321342758834362,0.03299010917544365,0.9740578823957184,0.9564269996426586,0.0,0.0,138455,0.0024919507559388876,0.0017382306978106499,0.05141826346516609,0.052198220044374466,0.9850577935694872,0.9876084334578097,0.0,0.0,0.6687147306275126,1.1059520313550026,0.604951625906499,0.0029693793039768934,0.009270037524402142,0.010252216830849648,4096,0.2445489913225174,0.0,1.3146165609359741
300,D0,validation_test_seen,train,scene_0121,128,5504,0,199742,0.0043217274360358715,0.0022950926795601845,0.051701948046684265,0.05205470323562622,0.9932233752760974,1.0138173893125426,0.0,0.0,68418,0.007128345780074596,0.003412174293771386,0.041603054851293564,0.03979155048727989,1.0455248499199032,1.0398912578639972,0.0,0.0,131324,0.0028595179319381714,0.0017131086206063628,0.05055437237024307,0.05136334151029587,0.9842500679226519,0.990518981021632,0.0,0.0,0.6896737166344661,1.3720047869702268,0.5031601440745892,0.0029354551807045937,0.008635847829282284,0.011848424561321735,4096,0.2439553290605545,0.0,1.0110455751419067
300,D0,validation_test_seen,train,scene_0122,128,5760,0,200023,0.004084412939846516,0.0019521653885021806,0.0616995207965374,0.06293501704931259,0.9803686991646141,0.9953513159796701,0.0,0.0,78065,0.005702513735741377,0.0024793585762381554,0.04449550807476044,0.04501315951347351,0.9884999976827192,0.980152696255578,0.0,0.0,121958,0.003048670245334506,0.0016147098504006863,0.054996274411678314,0.056563809514045715,0.9722873138171828,0.9841933528054724,0.0,0.0,0.6964040767746117,0.9496274578931296,0.7327743719067353,0.0018927601631730795,0.007186685223132372,0.006824673619121313,4096,0.24262170493602753,0.0,1.2428843975067139
300,D0,validation_test_seen,train,scene_0123,128,6016,0,200684,0.004551819991320372,-0.000625835673417896,0.06122376024723053,0.05883701890707016,1.0405653002904531,1.0780355354278937,0.0,0.0,72385,0.00805665086954832,-0.00423516845330596,0.051043570041656494,0.04689929634332657,1.08836537051626,1.0819366398813481,0.0,0.0,128299,0.002574429614469409,0.0014105131849646568,0.05144811049103737,0.051957398653030396,0.9901979665034034,0.990886775109265,0.0,0.0,0.9023032737493929,0.9895161984098436,0.9108485215321523,0.002155570313334465,0.012482126243412495,0.012351266108453274,4096,0.2416771799325943,0.0,1.0063706636428833
300,D0,validation_test_seen,train,scene_0124,128,6272,0,200223,0.005188659764826298,0.000109848529973533,0.04965502396225929,0.04967567324638367,0.9995843179815207,1.024791328765378,0.0,0.0,71991,0.009256631135940552,-0.0017853609751909971,0.03596163168549538,0.034191593527793884,1.051768226487094,1.0674426624546047,0.0,0.0,128232,0.0029048516880720854,0.0011738421162590384,0.04949604347348213,0.05110533535480499,0.9685102960356261,0.9812588013142215,0.0,0.0,0.5871242147863097,0.8696191622708235,0.6743781013995486,0.0022522653453052044,0.008394596166908741,0.007300101686269045,4096,0.2440054714679718,0.0,1.163008451461792
300,D0,validation_test_seen,train,scene_0125,128,6528,0,200704,0.007325686980038881,0.0037050170358270407,0.06085054576396942,0.0626876950263977,0.9706936223822767,0.9714275480356072,0.0,0.0,61232,0.016344448551535606,0.006877369713038206,0.05701488256454468,0.055785808712244034,1.022032016397584,1.0521109948686604,0.0,0.0,139472,0.0033662060741335154,0.0023122678976505995,0.049409493803977966,0.05128074064850807,0.9635097539375234,0.9810017309673671,0.0,0.0,0.5765233930754007,1.3290413040952385,0.43330229796756015,0.0043413070961833,0.011862926185131073,0.015766318887472153,4096,0.24164295196533203,0.0,1.6159499883651733
300,D0,validation_test_seen,train,scene_0126,128,6784,0,200700,0.002963513834401965,0.0013750267680734396,0.05029287561774254,0.05136072263121605,0.9792088787157271,0.9750516821920203,0.0,0.0,60523,0.005210726521909237,0.0020825346000492573,0.03220651298761368,0.03332030400633812,0.9665732035784373,0.9371258475548288,0.0,0.0,140177,0.0019932547584176064,0.0010695523815229535,0.05244922637939453,0.053400807082653046,0.9821804059667923,0.9888589011369782,0.0,0.0,0.7331698426711205,0.9878806834518475,0.7431518148221059,0.00184496003203094,0.007858054712414742,0.0077628204599022865,4096,0.24493277072906494,0.0,0.9799842238426208
300,D0,validation_test_seen,train,scene_0127,128,7040,0,200161,0.003748850431293249,0.001537259784527123,0.05012222006917,0.05238356813788414,0.9568309653370344,0.985768985643534,0.0,0.0,42698,0.008609164506196976,0.004452541936188936,0.03271673247218132,0.03676766902208328,0.8898234057897741,0.8674582820299276,0.0,0.0,157463,0.0024309169966727495,0.0007467455579899251,0.05150240659713745,0.05304429680109024,0.9709320266845144,0.9849139840549522,0.0,0.0,0.6077476572503987,0.8763155710191796,0.6896436867544578,0.00233878823928535,0.009289361536502838,0.008140412159264088,4096,0.2449018508195877,0.0,1.0805187225341797
300,D0,validation_test_seen,train,scene_0128,128,7296,0,200671,0.0032682917080819607,0.0012381096603348851,0.05606338381767273,0.05794762074947357,0.9674837912682038,0.9435475721895284,0.0,0.0,61355,0.005071274470537901,0.003031146014109254,0.04868558421730995,0.050289787352085114,0.9681008169005779,0.9724281564997539,0.0,0.0,139316,0.0024742549285292625,0.00044845370575785637,0.05027644336223602,0.051738664507865906,0.9717383283944722,0.9478395068942707,0.0,0.0,0.4701866341577842,0.8905649425663876,0.5281111488846446,0.0019011929398402572,0.007903825491666794,0.007038869895040989,4096,0.24390727281570435,0.0,0.9014431238174438
300,D0,validation_test_seen,train,scene_0129,128,7552,0,200043,0.0034631036687642336,0.0005529213813133538,0.05383598804473877,0.05616459250450134,0.9585396358110149,1.0075759748310968,0.0,0.0,59425,0.005058398470282555,7.833812560420483e-05,0.04298356547951698,0.04574619233608246,0.9396096873753044,0.9265677130945272,0.0,0.0,140618,0.002788933925330639,0.0007534795440733433,0.05372978374361992,0.056242913007736206,0.9553165167001466,0.9903307155654775,0.0,0.0,0.7267640779595956,1.118394832959534,0.6488876991235496,0.00135606131516397,0.00458768755197525,0.005130846053361893,4096,0.24471299350261688,0.0,1.102312684059143
300,D0,validation_test_seen,train,scene_0100,192,192,0,198401,0.0055025359615683556,-2.437433067825623e-06,0.08618040382862091,0.08828484266996384,0.9761630787607566,0.9761105649125977,0.0,0.0,54212,0.007904620841145515,-0.0010138729121536016,0.051312513649463654,0.05435025691986084,0.9441080237233042,0.97048364021149,0.0,0.0,144189,0.004599402658641338,0.00037784071173518896,0.08554569631814957,0.08812298625707626,0.9707534884098444,0.9682267186997086,0.0,0.0,0.6763945679979563,1.0711957042438733,0.6075342240793853,0.00247011985629797,0.007397410459816456,0.007924074307084084,4096,0.24104607105255127,0.0,1.33682119846344
300,D0,validation_test_seen,train,scene_0129,192,7616,0,199019,0.004375856835395098,-0.00017148631741292775,0.08325889706611633,0.08601099997758865,0.968002895999472,0.9711221811835518,0.0,0.0,57613,0.006381940562278032,-5.940593473496847e-05,0.05473824962973595,0.05941979959607124,0.9212122895371591,0.8880580837859365,0.0,0.0,141406,0.003558519296348095,-0.0002171510859625414,0.08411102741956711,0.08663759380578995,0.9708375281995194,0.9687442506803429,0.0,0.0,0.7214206417119893,1.061463986312455,0.6595489267639033,0.0016928197583183646,0.00579006876796484,0.006145949475467205,4096,0.2415270358324051,0.0,1.1096056699752808
300,D0,train,eval,scene_0000,128,128,0,199291,0.002459766110405326,-0.00022434178390540183,0.04949401319026947,0.05072623863816261,0.9757083221430475,0.9815428090333903,0.0,0.0,97957,0.002341119572520256,-0.0007939908537082374,0.04368335381150246,0.04420310631394386,0.9882417199653353,0.9956976652783587,0.0,0.0,101334,0.0025744587182998657,0.0003263234975747764,0.0516328364610672,0.05377337336540222,0.9601933676396013,0.9791198735888085,0.0,0.0,0.783474701296509,0.9249528479226381,0.846053570221745,0.0013271472416818142,0.008893096819519997,0.008225695230066776,4096,0.24387995898723602,0.0,0.6472113132476807
300,D0,train,eval,scene_0006,128,1664,0,200073,0.0029891624581068754,-0.0012391393538564444,0.06390161067247391,0.06395228207111359,0.9992076686398254,1.0137977538883356,0.0,0.0,62719,0.004578517284244299,-0.0030556211713701487,0.05430741608142853,0.05385834351181984,1.0083380315904096,0.9954270509779586,0.0,0.0,137354,0.0022634267807006836,-0.0004096919437870383,0.05145583674311638,0.0529913492500782,0.9710233362861664,0.9765230260178178,0.0,0.0,0.6238821180849642,1.3212430327996063,0.4722919298508529,0.0023693672847002745,0.008401311933994293,0.011100174859166145,4096,0.24192209541797638,0.0,0.7455782294273376
300,D0,train,eval,scene_0013,128,3456,0,200704,0.0043731676414608955,-0.002924735425040126,0.07142352312803268,0.0688348039984703,1.0376077068457972,1.028346693406334,0.0,0.0,89703,0.007384295109659433,-0.006509266793727875,0.04926237836480141,0.04699346423149109,1.0482814827639346,1.043257762490517,0.0,0.0,111001,0.0019397911382839084,-2.7975740522379056e-05,0.050240229815244675,0.05120379477739334,0.9811817665792598,0.9833034976728184,0.0,0.0,0.7520109686054016,0.9749519746316858,0.7697951204313249,0.001913868123665452,0.00777825340628624,0.007583423517644405,4096,0.2367723286151886,0.0,0.9379254579544067
300,D0,train,eval,scene_0019,128,4992,0,200704,0.0029323690105229616,-0.00105978362262249,0.05622109770774841,0.055892203003168106,1.0058844469694934,1.030042953984654,0.0,0.0,58792,0.0055649117566645145,-0.00442578736692667,0.044252004474401474,0.04431021586060524,0.9986862761764264,1.001548795097759,0.0,0.0,141912,0.0018417465034872293,0.0003347007150296122,0.05128926411271095,0.05229644477367401,0.9807409343919671,0.990548810836531,0.0,0.0,0.43307501630243833,0.8197150175393106,0.528124436347135,0.002483778167515993,0.011479240842163563,0.009409706108272076,4096,0.24302446842193604,0.0,0.7769120335578918
300,D0,train,eval,scene_0026,128,6784,0,200606,0.0021593854762613773,-5.429884186014533e-05,0.053566738963127136,0.05439907684922218,0.9846994115653463,0.984964203908171,0.0,0.0,73365,0.002337362850084901,-6.6564985900186e-05,0.03952573612332344,0.03955148905515671,0.9993488757958682,0.9878661299044643,0.0,0.0,127241,0.0020567667670547962,-4.722635276266374e-05,0.0527757853269577,0.05409681051969528,0.9755803497461901,0.9786003780024617,0.0,0.0,0.8315829467448596,0.9659973831666504,0.8593685887937814,0.001434464124031365,0.00924619846045971,0.00893180351704359,4096,0.24426370859146118,0.0,0.6850646734237671
300,D0,train,eval,scene_0033,128,8576,0,199769,0.002771590370684862,-0.00013606474385596812,0.06719233840703964,0.06836948543787003,0.9827825670576371,0.9925754166840514,0.0,0.0,68040,0.003265258390456438,-0.0005561365396715701,0.06215015798807144,0.06265620142221451,0.9919234900511595,0.9870515262391093,0.0,0.0,131729,0.002516603097319603,8.090868504950777e-05,0.05491161346435547,0.05706477537751198,0.9622681084975404,0.9892856736716498,0.0,0.0,0.5787730016314602,1.1206665308107073,0.5152481711631203,0.002551648998633027,0.010004051961004734,0.011211206205189228,4096,0.24161173403263092,0.0,0.6987318992614746
300,D0,train,eval,scene_0039,128,10112,0,200702,0.002815779997035861,-0.00019465853984002024,0.056483615189790726,0.0558958500623703,1.0105153625316474,1.0444011138703377,0.0,0.0,79754,0.004319535568356514,-0.0013201478868722916,0.05262519791722298,0.05079520866274834,1.0360268084855158,1.0537321482302808,0.0,0.0,120948,0.0018241925863549113,0.0005474974168464541,0.05032166466116905,0.051167383790016174,0.9834715190380294,0.9876312220501218,0.0,0.0,0.7581600650756213,0.9261827911099834,0.8185820056899766,0.0020310115069150925,0.010834875516593456,0.01003507524728775,4096,0.2422133982181549,0.0,0.5951462388038635
300,D0,train,eval,scene_0046,128,11904,0,200574,0.002353366930037737,-0.0003306844155304134,0.05247939005494118,0.053314391523599625,0.9843381600202858,1.0029685035600315,0.0,0.0,61885,0.003473278833553195,-0.0018204747466370463,0.029248813167214394,0.02987593784928322,0.9790090378005031,0.9847186977270335,0.0,0.0,138689,0.0018536461284384131,0.0003340811235830188,0.05350189656019211,0.05511162057518959,0.9707915681267019,0.9842000347364764,0.0,0.0,0.780546208547817,0.9680471871063543,0.8063906477221929,0.0015198313631117344,0.00677051255479455,0.0065541756339371204,4096,0.24397432804107666,0.0,0.7288496494293213
300,D0,train,eval,scene_0052,128,13440,0,200635,0.002251231810078025,-0.00044466141844168305,0.05260308459401131,0.053535621613264084,0.982580999507406,0.9885040280053577,0.0,0.0,91160,0.0024933405220508575,-0.000978875090368092,0.03190142661333084,0.03297131881117821,0.967550821852942,0.978239767303509,0.0,0.0,109475,0.002049627248197794,1.7910521421526937e-07,0.05374673008918762,0.05531821399927139,0.9715919261221183,0.9796090962200398,0.0,0.0,0.5875677678988291,0.8486495617431498,0.6900411032784427,0.00133787770755589,0.006577382795512676,0.005581893026828766,4096,0.2431393414735794,0.0,0.6564935445785522
300,D0,train,eval,scene_0059,128,15232,0,199735,0.0031858317088335752,-0.0005695355939678848,0.06616702675819397,0.06833288073539734,0.9683043660109967,0.9777801601240218,0.0,0.0,85876,0.0031291537452489138,-0.0008443210390396416,0.04888046160340309,0.05037938058376312,0.9702473717820358,0.9441506233739435,0.0,0.0,113859,0.003228579880669713,-0.00036228401586413383,0.05859554558992386,0.06215624138712883,0.942713785168768,0.9718576815497969,0.0,0.0,0.7220534177740957,0.9181539032270719,0.7853381660169009,0.0017585762543603778,0.009780775755643845,0.00898025743663311,4096,0.2407463788986206,0.0,0.6955406069755554
300,D0,train,eval,scene_0066,128,17024,0,200531,0.0021181206684559584,-0.0003890490625053644,0.046540990471839905,0.04653300344944,1.0001716420993239,0.9901360569737014,0.0,0.0,53207,0.0038471673615276814,-0.001916835899464786,0.03943679854273796,0.03818947449326515,1.0326614614634926,1.0571661359129965,0.0,0.0,147324,0.0014936644583940506,0.0001627208257559687,0.0469123050570488,0.047568727284669876,0.9862005509692788,0.9857676450802638,0.0,0.0,0.5466955600396511,0.8482084541692928,0.6394258935144734,0.002061194973066449,0.009781885892152786,0.008297078311443329,4096,0.2447478175163269,0.0,0.7532439827919006
300,D0,train,eval,scene_0072,128,18560,0,200356,0.0024886620230972767,-6.440347351599485e-05,0.05517920106649399,0.05605534091591835,0.984370091500495,0.9942871523660285,0.0,0.0,66762,0.0035056963097304106,-0.001030978630296886,0.040445759892463684,0.04116056486964226,0.9826337422860352,1.0219839147453502,0.0,0.0,133594,0.001980411121621728,0.00041863095248118043,0.052383311092853546,0.05397564545273781,0.970499021428497,0.9878890820375533,0.0,0.0,0.7986355627269671,0.9381805974849476,0.8508221544316877,0.002222765702754259,0.011699389666318893,0.010976140387356281,4096,0.24384616315364838,0.0,0.7224331498146057
300,D0,train,eval,scene_0079,128,20352,0,200683,0.002224598079919815,0.00023840197536628693,0.06002894788980484,0.06036735698580742,0.9943941707422749,0.9882572555726823,0.0,0.0,98725,0.0023418546188622713,-9.335813956568018e-05,0.03884049132466316,0.039067342877388,0.994193320148831,0.999204059900247,0.0,0.0,101958,0.0021110596135258675,0.0005596422706730664,0.05619395151734352,0.05715063586831093,0.9832603025945006,0.9867042949980677,0.0,0.0,0.7447456372864566,1.0537192650141192,0.7065914451802849,0.0012141995830461383,0.005860729143023491,0.006175563205033541,4096,0.24048832058906555,0.0,0.6766477823257446
300,D0,train,eval,scene_0085,128,21888,0,200633,0.003062300616875291,0.0008658640435896814,0.049932751804590225,0.050385165959596634,0.9910208858819837,0.9979622431581077,0.0,0.0,90883,0.003816611599177122,0.0006177882314659655,0.03823651000857353,0.038099657744169235,1.0035919552171106,0.9914925651982055,0.0,0.0,109750,0.0024376625660806894,0.001071293605491519,0.0520055778324604,0.053024355322122574,0.9807866124260615,0.9855722529105592,0.0,0.0,0.704274734107664,0.9178212428395778,0.7673002360038982,0.0017255389830097556,0.008934836834669113,0.008200583048164845,4096,0.24294671416282654,0.0,0.7828953862190247
300,D0,train,eval,scene_0092,128,23680,0,200680,0.002510163001716137,-0.0004479960189200938,0.051655177026987076,0.05243854597210884,0.985061200103862,0.9914962720450848,0.0,0.0,55656,0.004289988894015551,-0.0018030779901891947,0.036250341683626175,0.037250760942697525,0.9731436557602062,0.9912103175149769,0.0,0.0,145024,0.0018271170556545258,7.204509893199429e-05,0.051559653133153915,0.05279667675495148,0.9765700476274475,0.9851630137299294,0.0,0.0,0.6378929458549376,0.9459682776371617,0.6731944775327618,0.002530679339542985,0.009336077608168125,0.008831633254885674,4096,0.244547501206398,0.0,0.822778046131134
300,D0,train,eval,scene_0099,128,25472,0,200699,0.0028611179441213608,-0.0004190123581793159,0.05550416186451912,0.05544103682041168,1.0011385978280298,1.022315427735202,0.0,0.0,77958,0.00403589429333806,-0.001812507282011211,0.043815646320581436,0.0436473973095417,1.003854731814741,1.0285676518732279,0.0,0.0,122741,0.0021149676758795977,0.00046605520765297115,0.0500267893075943,0.05100555345416069,0.9808106356997769,0.9867993971416534,0.0,0.0,0.5128638419203758,0.921277520755258,0.5569758830941586,0.0019825634080916643,0.0100361043587327,0.0092460373416543,4096,0.24276851117610931,0.0,0.7788963317871094
300,D0,validation_test_seen,eval,scene_0100,128,128,0,199556,0.003602028591558337,0.00015525661001447588,0.0514664426445961,0.052054379135370255,0.9887053404432086,0.9870130946673774,0.0,0.0,57517,0.005767627619206905,-0.001421278459019959,0.035016804933547974,0.037038180977106094,0.9454245324626616,0.9847908829185522,0.0,0.0,142039,0.0027250947896391153,0.0007936555775813758,0.052408892661333084,0.053139571100473404,0.9862498243021421,0.9850676492688697,0.0,0.0,0.5840154594157081,1.0123909253897185,0.5756561265184819,0.0020238428842276335,0.005813529249280691,0.0058855642564594746,4096,0.24492478370666504,0.0,1.1424849033355713
300,D0,validation_test_seen,eval,scene_0101,128,384,0,200668,0.0033907305914908648,-0.0006347146118059754,0.0556277260184288,0.05655544623732567,0.9835962709054785,0.9899225582448035,0.0,0.0,66409,0.005546653177589178,-0.002634823089465499,0.05007471889257431,0.053048230707645416,0.9439470124562975,0.9312087550361108,0.0,0.0,134259,0.002324339235201478,0.0003546059597283602,0.04775490239262581,0.04894638806581497,0.9756573320264806,0.9896762332787701,0.0,0.0,0.6460600301695211,0.9277279038959005,0.6933298944880458,0.0015834987862035632,0.0050209034234285355,0.004658032208681107,4096,0.2444191426038742,0.0,0.9979619979858398
300,D0,validation_test_seen,eval,scene_0102,128,640,0,200285,0.0033792362082749605,6.434617534978315e-05,0.051115553826093674,0.05198422446846962,0.9832897258493714,1.0063912613470918,0.0,0.0,48268,0.005620776675641537,-0.0010807308135554194,0.03747125342488289,0.03879689425230026,0.9658312642554171,0.9492336601144867,0.0,0.0,152017,0.002667508088052273,0.0004279276472516358,0.04904710128903389,0.050269003957509995,0.9756927217115955,0.9840545427046963,0.0,0.0,0.4298618744161735,0.7781521182158624,0.5515980413159908,0.0025250317994505167,0.008749539032578468,0.006808472331613302,4096,0.24472203850746155,0.0,1.2829276323318481
300,D0,validation_test_seen,eval,scene_0103,128,896,0,200682,0.0028392565436661243,0.00030702343792654574,0.05208824202418327,0.05294144153594971,0.9838840899111696,0.9764550218053634,0.0,0.0,54316,0.005497894715517759,5.458228042698465e-05,0.03549943119287491,0.03799759969115257,0.9342545708522915,0.9494562874423801,0.0,0.0,146366,0.0018526435596868396,0.00040070354589261115,0.051867011934518814,0.052473071962594986,0.9884500753356275,0.9947247885335057,0.0,0.0,0.7382633390831206,0.9680932237212192,0.7629072082302562,0.002491686027497053,0.011807683855295181,0.011430938728153706,4096,0.24463462829589844,0.0,1.1175278425216675
300,D0,validation_test_seen,eval,scene_0104,128,1152,0,200697,0.0024819413665682077,0.00013654770737048239,0.04784709960222244,0.0484677329659462,0.9871949165817222,0.9959897239911032,0.0,0.0,52465,0.004433580674231052,-0.0014316118322312832,0.029269734397530556,0.0303192138671875,0.9653856635513651,0.9506546576940248,0.0,0.0,148232,0.0017911812756210566,0.0006915796548128128,0.051193274557590485,0.05203025043010712,0.9839136681911429,0.9971772940340002,0.0,0.0,0.6251634987944208,0.88311834788108,0.7065058399827847,0.001883430639281869,0.007778441533446312,0.006869284436106682,4096,0.24518461525440216,0.0,0.842284083366394
300,D0,validation_test_seen,eval,scene_0105,128,1408,0,200704,0.0030043411534279585,-0.00048159511061385274,0.049470096826553345,0.05086847394704819,0.9725099455126078,0.9758901160383409,0.0,0.0,55002,0.005409269127994776,0.001352582941763103,0.036851994693279266,0.03774315118789673,0.9763889217892534,0.9641929069948685,0.0,0.0,145702,0.0020964888390153646,-0.0011739908950403333,0.04891205579042435,0.05001714453101158,0.9779058010818259,0.9882017752728299,0.0,0.0,0.667765782590326,0.8463001605484369,0.7890858982535989,0.002161173615604639,0.01031164824962616,0.008726749569177628,4096,0.24462631344795227,0.0,1.1368225812911987
300,D0,validation_test_seen,eval,scene_0106,128,1664,0,200309,0.004260411486029625,0.00037274399073794484,0.05585724860429764,0.057935118675231934,0.9641345332770913,0.9824842366985835,0.0,0.0,98174,0.00540947774425149,0.0003104424977209419,0.03783095255494118,0.040384773164987564,0.9367627843392105,0.9199643083837489,0.0,0.0,102135,0.0031559092458337545,0.0004326290509197861,0.05124335736036301,0.053902383893728256,0.9506695930442023,0.9855613790903687,0.0,0.0,0.7654324600174848,1.0469610800714515,0.7279216135299438,0.0016588041326031089,0.005968934390693903,0.0062492419965565205,4096,0.24246004223823547,0.0,1.0800492763519287
300,D0,validation_test_seen,eval,scene_0107,128,1920,0,199994,0.005892926827073097,0.0005552052753046155,0.05736787989735603,0.058338407427072525,0.9833638322929928,0.9716670201302663,0.0,0.0,66108,0.011040722951292992,-0.0014550795312970877,0.0466034822165966,0.04761239513754845,0.9788098683538777,1.0139699374051914,0.0,0.0,133886,0.0033511354122310877,0.0015478102723136544,0.049197543412446976,0.05165746808052063,0.9523800766959916,0.9827421922015739,0.0,0.0,0.7202947388268103,1.4821269351982205,0.4796250563032315,0.003823960665613413,0.010132870636880398,0.015018200501799583,4096,0.24201419949531555,0.0,1.183815598487854
300,D0,validation_test_seen,eval,scene_0108,128,2176,0,199879,0.0053467582911252975,-0.001984833739697933,0.0540851429104805,0.05443450063467026,0.9935820532912679,1.0150921079000947,0.0,0.0,82022,0.00824426207691431,-0.006055139470845461,0.03655144199728966,0.037817005068063736,0.9665345505680237,0.9733264245382769,0.0,0.0,117857,0.003330254927277565,0.0008478755480609834,0.05064762011170387,0.05369402468204498,0.943263620330554,0.9843128294727503,0.0,0.0,0.6967142469473071,1.0443034979964827,0.6674650416648317,0.0020151862408965826,0.007075968664139509,0.007389458827674389,4096,0.24311792850494385,0.0,1.201586127281189
300,D0,validation_test_seen,eval,scene_0109,128,2432,0,199635,0.006796387955546379,-0.002395325805991888,0.05591149255633354,0.054467979818582535,1.026502042898579,1.0960321020376953,0.0,0.0,90009,0.009719888679683208,-0.007571835536509752,0.0522003136575222,0.04967711120843887,1.0507920526718288,1.0702265444031238,0.0,0.0,109626,0.004396033473312855,0.0018548755906522274,0.04763798788189888,0.05085480585694313,0.9367450544577182,0.9917934050532026,0.0,0.0,0.7754888796568873,1.0579222215395958,0.7314833594675558,0.001856043003499508,0.008185934275388718,0.008660081773996353,4096,0.24129581451416016,0.0,0.989867091178894
300,D0,validation_test_seen,eval,scene_0110,128,2688,0,200090,0.004898527637124062,-0.0011484139831736684,0.051716599613428116,0.05254792049527168,0.9841797568008734,1.0211697715843295,0.0,0.0,68702,0.008385498076677322,-0.005248527508229017,0.034176211804151535,0.03589851036667824,0.952023118927927,0.9503251506421789,0.0,0.0,131388,0.0030752113088965416,0.0009955111891031265,0.050385501235723495,0.053071681410074234,0.9493858098522419,0.9802539480021973,0.0,0.0,0.6342294198721284,0.8600546518507948,0.737735364656558,0.0018014108063653111,0.0076749287545681,0.006600858177989721,4096,0.24357277154922485,0.0,0.9481342434883118
300,D0,validation_test_seen,eval,scene_0111,128,2944,0,200582,0.004458306357264519,0.0019087942782789469,0.04550255835056305,0.045875683426856995,0.9918666045185169,0.9868038212835717,0.0,0.0,85341,0.006386675871908665,0.0025288357865065336,0.030029941350221634,0.02907377853989601,1.032887462804793,1.0105857855430713,0.0,0.0,115241,0.003030264051631093,0.0014496264047920704,0.050043534487485886,0.05075240507721901,0.9860327685228988,0.9893443323785627,0.0,0.0,0.5006276546664838,0.8791200881462164,0.5685915324937013,0.002041453495621681,0.006728209555149078,0.005914904177188873,4096,0.2441413849592209,0.0,1.2677421569824219
300,D0,validation_test_seen,eval,scene_0112,128,3200,0,200135,0.004922586493194103,0.0016764228930696845,0.05209987610578537,0.05462484434247017,0.9537761934687717,1.0029692426987569,0.0,0.0,68226,0.005705493036657572,0.0012661245418712497,0.04090138152241707,0.04084191843867302,1.001455932679395,0.9899198615582839,0.0,0.0,131909,0.004517652094364166,0.0018886375473812222,0.05274366959929466,0.056647252291440964,0.9310896374626787,0.9822303151210873,0.0,0.0,0.6719371635414216,0.9707765564760035,0.6921663736398616,0.002663034712895751,0.00982955377548933,0.00954230036586523,4096,0.24443654716014862,0.0,1.0879579782485962
300,D0,validation_test_seen,eval,scene_0113,128,3456,0,200704,0.004053994547575712,-0.0004991057212464511,0.05271812155842781,0.05266651511192322,1.0009798720571301,0.9866722560989294,0.0,0.0,67285,0.007288770750164986,-0.003035650122910738,0.036567941308021545,0.037633322179317474,0.9716904910435613,0.9711457781859107,0.0,0.0,133419,0.002422652905806899,0.0007801078027114272,0.051640912890434265,0.0523630753159523,0.9862085559115732,0.9875610297603213,0.0,0.0,0.579667968099713,0.815484887194622,0.7113203429241326,0.0025416240096092224,0.010529140010476112,0.008586354553699493,4096,0.2437967211008072,0.0,1.1217290163040161
300,D0,validation_test_seen,eval,scene_0114,128,3712,0,199834,0.004801598377525806,0.00014639175788033754,0.055207300931215286,0.057798922061920166,0.9551614279600497,0.976323643035436,0.0,0.0,58958,0.009055384434759617,-0.000633896968793124,0.054682113230228424,0.0569305457174778,0.960505692349984,0.9402267692219248,0.0,0.0,140876,0.003021347103640437,0.00047295031254179776,0.04983880743384361,0.053133003413677216,0.9380009453976089,0.9811932850397717,0.0,0.0,0.6104658888162421,1.2198346806947173,0.5002391249872239,0.0033830683678388596,0.010604345239698887,0.012935548089444637,4096,0.2435055524110794,0.0,1.1531373262405396
300,D0,validation_test_seen,eval,scene_0115,128,3968,0,200648,0.0037956072483211756,-0.0004055839963257313,0.055070195347070694,0.05591801553964615,0.9848381566406922,0.9975404126823703,0.0,0.0,51118,0.00905485451221466,-0.0031857891008257866,0.05365660414099693,0.05734998360276222,0.9355992935002793,0.935342381232002,0.0,0.0,149530,0.001997692044824362,0.0005448508891277015,0.049083415418863297,0.04989656060934067,0.9837033819456256,0.9876514279497206,0.0,0.0,0.29503617695860634,0.8158729173455823,0.3637341881673604,0.0026960428804159164,0.011162856593728065,0.009107472375035286,4096,0.24333511292934418,0.0,1.1255154609680176
300,D0,validation_test_seen,eval,scene_0116,128,4224,0,200682,0.005220182705670595,0.0028097364120185375,0.05963994562625885,0.06261704117059708,0.9524555059025023,0.9514139882476406,0.0,0.0,68868,0.00914204865694046,0.0066575175151228905,0.04281236231327057,0.046667635440826416,0.9173887193739598,0.9992759668557345,0.0,0.0,131814,0.003171150339767337,0.0007994113839231431,0.051308438181877136,0.051975592970848083,0.9871640754662455,0.9901978551993775,0.0,0.0,0.36950850854492434,0.9656311745486573,0.38546524872856147,0.0025407071225345135,0.010103420354425907,0.0097561776638031,4096,0.24200953543186188,0.0,1.2733880281448364
300,D0,validation_test_seen,eval,scene_0117,128,4480,0,200501,0.0042508491314947605,0.0015427948674187064,0.05228675529360771,0.0538739413022995,0.9705388918960707,0.9524766868018996,0.0,0.0,53935,0.008892875164747238,0.0018937266431748867,0.03685535490512848,0.03975345194339752,0.9270982292960254,0.9800888503128135,0.0,0.0,146566,0.002542624482885003,0.0014136552345007658,0.05182644724845886,0.05313188582658768,0.9754302231547076,0.9883862364166014,0.0,0.0,0.8913110991994662,1.2836356251907843,0.6907404233106181,0.0019943227525800467,0.0057647996582090855,0.0073999022133648396,4096,0.24478234350681305,0.0,1.2398314476013184
300,D0,validation_test_seen,eval,scene_0118,128,4736,0,200491,0.005370618775486946,-0.0009072092943824828,0.05617687106132507,0.057867057621479034,0.970791904243519,0.9402775705970278,0.0,0.0,65199,0.01103393454104662,-0.0037685378920286894,0.042535968124866486,0.04918580502271652,0.8648017066147682,0.8792077154539537,0.0,0.0,135292,0.00264139287173748,0.0004717028350569308,0.05097997561097145,0.05246668681502342,0.9716637109315951,0.9886413162944077,0.0,0.0,0.5079802161438792,0.9107901997189013,0.5583499912348469,0.0021651843562722206,0.005581997334957123,0.005084028467535973,4096,0.2439395785331726,0.0,1.292453408241272
300,D0,validation_test_seen,eval,scene_0119,128,4992,0,199640,0.005645047407597303,0.002772506093606353,0.05373840034008026,0.056304823607206345,0.9544191225066264,0.9529155951410232,0.0,0.0,70329,0.009754523634910583,0.00464472733438015,0.03875473141670227,0.04295191913843155,0.902281718583936,0.8996837436015562,0.0,0.0,129311,0.003410006407648325,0.0017542521236464381,0.050417210906744,0.051717229187488556,0.9748629557080166,0.9890517266367091,0.0,0.0,0.3832584711746723,0.9778354226903847,0.3902304200677627,0.0032081694807857275,0.010213229805231094,0.009986857883632183,4096,0.2436206191778183,0.0,1.234330177307129
300,D0,validation_test_seen,eval,scene_0120,128,5248,0,200686,0.004339426755905151,0.0013983090175315738,0.05004606023430824,0.0505831353366375,0.9893823287395107,0.9959682283019419,0.0,0.0,62231,0.008449794724583626,0.0006420318968594074,0.0321342758834362,0.03299010917544365,0.9740578823957184,0.9564269996426586,0.0,0.0,138455,0.0024919507559388876,0.0017382306978106499,0.05141826346516609,0.052198220044374466,0.9850577935694872,0.9876084334578097,0.0,0.0,0.6687147306275126,1.1059520313550026,0.604951625906499,0.0029693793039768934,0.009270037524402142,0.010252216830849648,4096,0.2445489913225174,0.0,1.3819334506988525
300,D0,validation_test_seen,eval,scene_0121,128,5504,0,199742,0.0043217274360358715,0.0022950926795601845,0.051701948046684265,0.05205470323562622,0.9932233752760974,1.0138173893125426,0.0,0.0,68418,0.007128345780074596,0.003412174293771386,0.041603054851293564,0.03979155048727989,1.0455248499199032,1.0398912578639972,0.0,0.0,131324,0.0028595179319381714,0.0017131086206063628,0.05055437237024307,0.05136334151029587,0.9842500679226519,0.990518981021632,0.0,0.0,0.6896737166344661,1.3720047869702268,0.5031601440745892,0.0029354551807045937,0.008635847829282284,0.011848424561321735,4096,0.2439553290605545,0.0,1.090783715248108
300,D0,validation_test_seen,eval,scene_0122,128,5760,0,200023,0.004084412939846516,0.0019521653885021806,0.0616995207965374,0.06293501704931259,0.9803686991646141,0.9953513159796701,0.0,0.0,78065,0.005702513735741377,0.0024793585762381554,0.04449550807476044,0.04501315951347351,0.9884999976827192,0.980152696255578,0.0,0.0,121958,0.003048670245334506,0.0016147098504006863,0.054996274411678314,0.056563809514045715,0.9722873138171828,0.9841933528054724,0.0,0.0,0.6964040767746117,0.9496274578931296,0.7327743719067353,0.0018927601631730795,0.007186685223132372,0.006824673619121313,4096,0.24262170493602753,0.0,1.3137738704681396
300,D0,validation_test_seen,eval,scene_0123,128,6016,0,200684,0.004551819991320372,-0.000625835673417896,0.06122376024723053,0.05883701890707016,1.0405653002904531,1.0780355354278937,0.0,0.0,72385,0.00805665086954832,-0.00423516845330596,0.051043570041656494,0.04689929634332657,1.08836537051626,1.0819366398813481,0.0,0.0,128299,0.002574429614469409,0.0014105131849646568,0.05144811049103737,0.051957398653030396,0.9901979665034034,0.990886775109265,0.0,0.0,0.9023032737493929,0.9895161984098436,0.9108485215321523,0.002155570313334465,0.012482126243412495,0.012351266108453274,4096,0.2416771799325943,0.0,1.0694854259490967
300,D0,validation_test_seen,eval,scene_0124,128,6272,0,200223,0.005188659764826298,0.000109848529973533,0.04965502396225929,0.04967567324638367,0.9995843179815207,1.024791328765378,0.0,0.0,71991,0.009256631135940552,-0.0017853609751909971,0.03596163168549538,0.034191593527793884,1.051768226487094,1.0674426624546047,0.0,0.0,128232,0.0029048516880720854,0.0011738421162590384,0.04949604347348213,0.05110533535480499,0.9685102960356261,0.9812588013142215,0.0,0.0,0.5871242147863097,0.8696191622708235,0.6743781013995486,0.0022522653453052044,0.008394596166908741,0.007300101686269045,4096,0.2440054714679718,0.0,1.2189078330993652
300,D0,validation_test_seen,eval,scene_0125,128,6528,0,200704,0.007325686980038881,0.0037050170358270407,0.06085054576396942,0.0626876950263977,0.9706936223822767,0.9714275480356072,0.0,0.0,61232,0.016344448551535606,0.006877369713038206,0.05701488256454468,0.055785808712244034,1.022032016397584,1.0521109948686604,0.0,0.0,139472,0.0033662060741335154,0.0023122678976505995,0.049409493803977966,0.05128074064850807,0.9635097539375234,0.9810017309673671,0.0,0.0,0.5765233930754007,1.3290413040952385,0.43330229796756015,0.0043413070961833,0.011862926185131073,0.015766318887472153,4096,0.24164295196533203,0.0,1.671540379524231
300,D0,validation_test_seen,eval,scene_0126,128,6784,0,200700,0.002963513834401965,0.0013750267680734396,0.05029287561774254,0.05136072263121605,0.9792088787157271,0.9750516821920203,0.0,0.0,60523,0.005210726521909237,0.0020825346000492573,0.03220651298761368,0.03332030400633812,0.9665732035784373,0.9371258475548288,0.0,0.0,140177,0.0019932547584176064,0.0010695523815229535,0.05244922637939453,0.053400807082653046,0.9821804059667923,0.9888589011369782,0.0,0.0,0.7331698426711205,0.9878806834518475,0.7431518148221059,0.00184496003203094,0.007858054712414742,0.0077628204599022865,4096,0.24493277072906494,0.0,1.0813169479370117
300,D0,validation_test_seen,eval,scene_0127,128,7040,0,200161,0.003748850431293249,0.001537259784527123,0.05012222006917,0.05238356813788414,0.9568309653370344,0.985768985643534,0.0,0.0,42698,0.008609164506196976,0.004452541936188936,0.03271673247218132,0.03676766902208328,0.8898234057897741,0.8674582820299276,0.0,0.0,157463,0.0024309169966727495,0.0007467455579899251,0.05150240659713745,0.05304429680109024,0.9709320266845144,0.9849139840549522,0.0,0.0,0.6077476572503987,0.8763155710191796,0.6896436867544578,0.00233878823928535,0.009289361536502838,0.008140412159264088,4096,0.2449018508195877,0.0,1.1873431205749512
300,D0,validation_test_seen,eval,scene_0128,128,7296,0,200671,0.0032682917080819607,0.0012381096603348851,0.05606338381767273,0.05794762074947357,0.9674837912682038,0.9435475721895284,0.0,0.0,61355,0.005071274470537901,0.003031146014109254,0.04868558421730995,0.050289787352085114,0.9681008169005779,0.9724281564997539,0.0,0.0,139316,0.0024742549285292625,0.00044845370575785637,0.05027644336223602,0.051738664507865906,0.9717383283944722,0.9478395068942707,0.0,0.0,0.4701866341577842,0.8905649425663876,0.5281111488846446,0.0019011929398402572,0.007903825491666794,0.007038869895040989,4096,0.24390727281570435,0.0,0.9816656708717346
300,D0,validation_test_seen,eval,scene_0129,128,7552,0,200043,0.0034631036687642336,0.0005529213813133538,0.05383598804473877,0.05616459250450134,0.9585396358110149,1.0075759748310968,0.0,0.0,59425,0.005058398470282555,7.833812560420483e-05,0.04298356547951698,0.04574619233608246,0.9396096873753044,0.9265677130945272,0.0,0.0,140618,0.002788933925330639,0.0007534795440733433,0.05372978374361992,0.056242913007736206,0.9553165167001466,0.9903307155654775,0.0,0.0,0.7267640779595956,1.118394832959534,0.6488876991235496,0.00135606131516397,0.00458768755197525,0.005130846053361893,4096,0.24471299350261688,0.0,1.1658940315246582
300,D0,validation_test_seen,eval,scene_0100,192,192,0,198401,0.0055025359615683556,-2.437433067825623e-06,0.08618040382862091,0.08828484266996384,0.9761630787607566,0.9761105649125977,0.0,0.0,54212,0.007904620841145515,-0.0010138729121536016,0.051312513649463654,0.05435025691986084,0.9441080237233042,0.97048364021149,0.0,0.0,144189,0.004599402658641338,0.00037784071173518896,0.08554569631814957,0.08812298625707626,0.9707534884098444,0.9682267186997086,0.0,0.0,0.6763945679979563,1.0711957042438733,0.6075342240793853,0.00247011985629797,0.007397410459816456,0.007924074307084084,4096,0.24104607105255127,0.0,1.4176286458969116
300,D0,validation_test_seen,eval,scene_0129,192,7616,0,199019,0.004375856835395098,-0.00017148631741292775,0.08325889706611633,0.08601099997758865,0.968002895999472,0.9711221811835518,0.0,0.0,57613,0.006381940562278032,-5.940593473496847e-05,0.05473824962973595,0.05941979959607124,0.9212122895371591,0.8880580837859365,0.0,0.0,141406,0.003558519296348095,-0.0002171510859625414,0.08411102741956711,0.08663759380578995,0.9708375281995194,0.9687442506803429,0.0,0.0,0.7214206417119893,1.061463986312455,0.6595489267639033,0.0016928197583183646,0.00579006876796484,0.006145949475467205,4096,0.2415270358324051,0.0,1.1859477758407593
400,D0,train,train,scene_0000,128,128,0,199291,0.0022372130770236254,-0.00030875648371875286,0.05040609464049339,0.05072623863816261,0.9936887889529351,1.0107101148898718,0.0,0.0,97957,0.002287615556269884,-0.000640968035440892,0.0446573905646801,0.04420310631394386,1.0102772019574773,1.0286042254087369,0.0,0.0,101334,0.0021884904708713293,1.2384025467326865e-05,0.05266245827078819,0.05377337336540222,0.9793407959165011,1.0026480908424233,0.0,0.0,0.793454040218275,0.9405793762416365,0.8425589820129613,0.0013381681637838483,0.008893096819519997,0.0083646634593606,4096,0.24377861618995667,0.0,0.5798599123954773
400,D0,train,train,scene_0006,128,1664,0,200073,0.002493922132998705,-0.0005179218715056777,0.06499932706356049,0.06395228207111359,1.0163722850622063,1.0344196618969441,0.0,0.0,62719,0.003937238361686468,-0.0016058559995144606,0.05548185110092163,0.05385834351181984,1.0301440312352996,1.0197992968825063,0.0,0.0,137354,0.001834870083257556,-2.1146082872292027e-05,0.05335827171802521,0.0529913492500782,1.006924195611918,1.0073592124658401,0.0,0.0,0.5285695530737611,1.0327159111568325,0.5114119673352928,0.002093813382089138,0.008401311933994293,0.008676168508827686,4096,0.24187122285366058,0.0,0.6848913431167603
400,D0,train,train,scene_0013,128,3456,0,200704,0.0035542454570531845,-0.0020869288127869368,0.07108955085277557,0.0688348039984703,1.0327559130458972,1.024290063788682,0.0,0.0,89703,0.0055479491129517555,-0.004505356773734093,0.048301812261343,0.04699346423149109,1.0278410636723216,1.0241017641756658,0.0,0.0,111001,0.0019430775428190827,-0.00013252983626443893,0.05201762914657593,0.05120379477739334,1.0158940245097206,1.010356007768606,0.0,0.0,0.7402906506791398,1.0019107774625842,0.7367535706666418,0.0018814142094925046,0.00777825340628624,0.007793115917593241,4096,0.23697027564048767,0.0,0.8064378499984741
400,D0,train,train,scene_0019,128,4992,0,200704,0.0024148705415427685,-0.0006311413599178195,0.056526098400354385,0.055892203003168106,1.0113413922358785,1.0207356134321668,0.0,0.0,58792,0.004177551716566086,-0.0024047058541327715,0.04401516541838646,0.04431021586060524,0.9933412546861208,1.0010519663607702,0.0,0.0,141912,0.0016846185317263007,0.00010361972090322524,0.052579253911972046,0.05229644477367401,1.0054078081124245,1.0128697389012187,0.0,0.0,0.40728171957020587,0.7958483794199472,0.5115350660549871,0.0024282701779156923,0.011479240842163563,0.009135735221207142,4096,0.24304287135601044,0.0,0.6310787796974182
400,D0,train,train,scene_0026,128,6784,0,200606,0.0023022345267236233,-0.0009891761001199484,0.05545377731323242,0.05439907684922218,1.019388205188363,1.0259820127224348,0.0,0.0,73365,0.0030537170823663473,-0.0021353070624172688,0.04100997373461723,0.03955148905515671,1.036875594681823,1.0329015201586254,0.0,0.0,127241,0.0018689421704038978,-0.00032833669683896005,0.054561492055654526,0.05409681051969528,1.008589813918698,1.0060510390977182,0.0,0.0,0.8575899957135242,1.0095059140635152,0.8479244730030688,0.0015222711954265833,0.00924619846045971,0.009334092028439045,4096,0.24395698308944702,0.0,0.6367388367652893
400,D0,train,train,scene_0033,128,8576,0,199769,0.002727551618590951,-0.00018281993106938899,0.0680292397737503,0.06836948543787003,0.995023428040439,0.9946404007157124,0.0,0.0,68040,0.003623599885031581,-0.00021191820269450545,0.06260199099779129,0.06265620142221451,0.9991347955478833,1.0001056499413488,0.0,0.0,131729,0.0022647292353212833,-0.00016779021825641394,0.056456420570611954,0.05706477537751198,0.9893392236651165,1.0148537117809748,0.0,0.0,0.5619464868108897,1.0434905088724213,0.5375600813216393,0.0024108407087624073,0.010004051961004734,0.010439133271574974,4096,0.24149273335933685,0.0,0.6218013763427734
400,D0,train,train,scene_0039,128,10112,0,200702,0.0024995252024382353,-0.00044633992365561426,0.056796424090862274,0.0558958500623703,1.0161116438427376,1.0235599113832834,0.0,0.0,79754,0.0036309966817498207,-0.0008670322713442147,0.051969803869724274,0.05079520866274834,1.023124133907483,1.0377123235828278,0.0,0.0,120948,0.0017534251092001796,-0.0001689322234597057,0.051776785403490067,0.051167383790016174,1.0119099623301984,1.0125010512461043,0.0,0.0,0.7947794517011597,0.9396159950021743,0.8458455440110481,0.0019348711939528584,0.010834875516593456,0.010180622339248657,4096,0.24214377999305725,0.0,0.5085484981536865
400,D0,train,train,scene_0046,128,11904,0,200574,0.0020810773130506277,-0.0005013702902942896,0.05328322947025299,0.053314391523599625,0.9994155039107435,1.0030761764658944,0.0,0.0,61885,0.003169223666191101,-0.00122410012409091,0.02914959192276001,0.02987593784928322,0.9756879288547377,0.9957480955044139,0.0,0.0,138689,0.0015955310082063079,-0.00017887797730509192,0.05496460571885109,0.05511162057518959,0.9973324163796286,1.0097761470931885,0.0,0.0,0.6709489767351956,0.90340364378164,0.7427772958091461,0.001528571592643857,0.00677051255479455,0.006116505712270737,4096,0.24386973679065704,0.0,0.6471341252326965
400,D0,train,train,scene_0052,128,13440,0,200635,0.002296166494488716,-0.0008867820724844933,0.05387070029973984,0.053535621613264084,1.0062589856319653,1.0157236713450801,0.0,0.0,91160,0.002945969346910715,-0.0017750131664797664,0.03321417421102524,0.03297131881117821,1.007365656231036,1.0170534534357247,0.0,0.0,109475,0.0017550744814798236,-0.0001471507566748187,0.05507028475403786,0.05531821399927139,0.9955181263582226,1.0026464853001547,0.0,0.0,0.5914038653530022,0.8228767059861002,0.7160139268673359,0.0013663319405168295,0.006577382795512676,0.005412375088781118,4096,0.24294759333133698,0.0,0.5918078422546387
400,D0,train,train,scene_0059,128,15232,0,199735,0.0028634516056627035,-0.0004791510582435876,0.06727176159620285,0.06833288073539734,0.9844713243789118,0.9882839615069876,0.0,0.0,85876,0.003141879802569747,-0.0006390055059455335,0.05052446573972702,0.05037938058376312,1.0028798519212174,0.9826398861725593,0.0,0.0,113859,0.002653452567756176,-0.00035858392948284745,0.05984842777252197,0.06215624138712883,0.962870766264114,0.9980311481773599,0.0,0.0,0.7455096167471844,0.9249767759141377,0.8049672980467271,0.0016909207915887237,0.009780775755643845,0.009046990424394608,4096,0.24061156809329987,0.0,0.6043474674224854
400,D0,train,train,scene_0066,128,17024,0,200531,0.0023239008150994778,-0.000562580768018961,0.047546662390232086,0.04653300344944,1.0217836560215474,1.0171703050507224,0.0,0.0,53207,0.003299152944236994,-0.0012402837164700031,0.03871900215744972,0.03818947449326515,1.013865801276683,1.02789449017605,0.0,0.0,147324,0.0019716820679605007,-0.00031782404403202236,0.048638638108968735,0.047568727284669876,1.0224918951036064,1.0193250576058295,0.0,0.0,0.47076168185071576,0.8135130940797203,0.5721051293845066,0.002123115351423621,0.009781885892152786,0.007957692258059978,4096,0.24463388323783875,0.0,0.6367065906524658
400,D0,train,train,scene_0072,128,18560,0,200356,0.002369822934269905,0.0005244891508482397,0.05595530569553375,0.05605534091591835,0.9982154203551336,1.0111920597783075,0.0,0.0,66762,0.0033238702453672886,0.00029707414796575904,0.04070495441555977,0.04116056486964226,0.9889308988949633,0.9784465188284687,0.0,0.0,133594,0.0018930492224171758,0.0006381370476447046,0.05387962982058525,0.05397564545273781,0.9982211304497205,1.0135090781397236,0.0,0.0,0.7962373886859272,1.0141237262106313,0.7847023892119637,0.002381059806793928,0.011699389666318893,0.01186462864279747,4096,0.2438252717256546,0.0,0.6459597945213318
400,D0,train,train,scene_0079,128,20352,0,200683,0.0025790154468268156,-1.5323304978664964e-05,0.06133466958999634,0.06036735698580742,1.0160237693430298,1.008420412335591,0.0,0.0,98725,0.003197241574525833,-0.00030649310792796314,0.04070214927196503,0.039067342877388,1.041845855749848,1.031433455409788,0.0,0.0,101958,0.0019803934264928102,0.000266613787971437,0.057722222059965134,0.05715063586831093,1.010001396886839,1.0081590623338739,0.0,0.0,0.7206264806198485,0.955356663292499,0.754183288515028,0.0011713794665411115,0.005860729143023491,0.0055990866385400295,4096,0.2402907758951187,0.0,0.605414867401123
400,D0,train,train,scene_0085,128,21888,0,200633,0.0030162688344717026,-0.0003489707305561751,0.050948455929756165,0.050385165959596634,1.0111796787691685,1.0239289223477732,0.0,0.0,90883,0.003934614360332489,-0.0007141256355680525,0.03840341046452522,0.038099657744169235,1.007972583963762,1.0159918236464114,0.0,0.0,109750,0.0022557955235242844,-4.658913167077117e-05,0.05360950902104378,0.053024355322122574,1.0110355646073659,1.009195023173319,0.0,0.0,0.6911877147778216,0.9248945246196778,0.7470879723132571,0.0017690343083813787,0.008934836834669113,0.008263781666755676,4096,0.2426787167787552,0.0,0.676261305809021
400,D0,train,train,scene_0092,128,23680,0,200680,0.0022475579753518105,-0.00014204790932126343,0.05280240625143051,0.05243854597210884,1.0069387942128525,1.0101043693167118,0.0,0.0,55656,0.003866505576297641,-0.0003836489631794393,0.03748907893896103,0.037250760942697525,1.0063976678659023,1.0263307301795126,0.0,0.0,145024,0.0016262525459751487,-4.9328395107295364e-05,0.053158778697252274,0.05279667675495148,1.0068584230022932,1.0113163387252355,0.0,0.0,0.6371588046462804,0.9267674906082944,0.686425800680169,0.0024414730723947287,0.009336077608168125,0.00865237321704626,4096,0.24445980787277222,0.0,0.7370238304138184
400,D0,train,train,scene_0099,128,25472,0,200699,0.0026075385976582766,-0.0003591498825699091,0.05612325295805931,0.05544103682041168,1.012305255759511,1.0253794143399164,0.0,0.0,77958,0.0037389653734862804,-0.001372280064970255,0.04386776313185692,0.0436473973095417,1.0050487734870515,1.0280691219182476,0.0,0.0,122741,0.0018889211351051927,0.0002843320253305137,0.051388178020715714,0.05100555345416069,1.0075016256200198,1.0111535687162418,0.0,0.0,0.4966484961211142,0.878163283202729,0.5658573804940001,0.0019615080673247576,0.0100361043587327,0.008813338354229927,4096,0.24270713329315186,0.0,0.6473433971405029
400,D0,validation_test_seen,train,scene_0100,128,128,0,199556,0.0036986484192311764,-8.297929889522493e-05,0.05372748523950577,0.052054379135370255,1.0321415053243552,1.0274909660472586,0.0,0.0,57517,0.006473160348832607,-0.002287693088874221,0.03906701132655144,0.037038180977106094,1.054776727580099,1.0944620391574884,0.0,0.0,142039,0.0025751430075615644,0.0008097930694930255,0.05420704931020737,0.053139571100473404,1.0200881976957554,1.0143651133302578,0.0,0.0,0.6016505775487756,1.0425359240636698,0.575974796945132,0.0021558362059295177,0.005813529249280691,0.006060813087970018,4096,0.24466338753700256,0.0,1.0472941398620605
400,D0,validation_test_seen,train,scene_0101,128,384,0,200668,0.004124427679926157,-0.0011198213323950768,0.059045229107141495,0.05655544623732567,1.044023750769605,1.070478911367218,0.0,0.0,66409,0.007851677015423775,-0.005059755407273769,0.055967990309000015,0.053048230707645416,1.0550397169218653,1.0387385890775855,0.0,0.0,134259,0.002280805492773652,0.0008290020050480962,0.04943201318383217,0.04894638806581497,1.0099215720956614,1.0222607106900312,0.0,0.0,0.6734162130800052,0.9556917684043157,0.7011804835466479,0.0017362216021865606,0.0050209034234285355,0.0047984360717237,4096,0.24397864937782288,0.0,0.8851736783981323
400,D0,validation_test_seen,train,scene_0102,128,640,0,200285,0.002978897886350751,0.0006356784724630415,0.05196012184023857,0.05198422446846962,0.9995363472577018,1.0130683193456633,0.0,0.0,48268,0.005103697068989277,0.000897544960025698,0.03793378546833992,0.03879689425230026,0.9777531474981617,0.9735714564087594,0.0,0.0,152017,0.002304237335920334,0.0005525314481928945,0.05052380636334419,0.050269003957509995,1.0050687776915088,1.0099519473078775,0.0,0.0,0.38252377128757675,0.7197191919824123,0.530602541665249,0.002420044969767332,0.008749539032578468,0.006297211162745953,4096,0.24469363689422607,0.0,1.2359492778778076
400,D0,validation_test_seen,train,scene_0103,128,896,0,200682,0.002735178917646408,0.0005799191421829164,0.053627196699380875,0.05294144153594971,1.0129530882336384,0.9968470674900258,0.0,0.0,54316,0.0046985759399831295,0.0003755053039640188,0.03723902627825737,0.03799759969115257,0.9800362807371795,1.005708686400943,0.0,0.0,146366,0.002006567781791091,0.0006557765300385654,0.05355295538902283,0.052473071962594986,1.0205797637919432,1.02420448795006,0.0,0.0,0.7567057187828437,0.9769788058496953,0.7748175538409453,0.0024516056291759014,0.011807683855295181,0.011535856872797012,4096,0.24449996650218964,0.0,1.0247408151626587
400,D0,validation_test_seen,train,scene_0104,128,1152,0,200697,0.002452845685184002,0.0003285122220404446,0.04899245500564575,0.0484677329659462,1.0108262138043103,1.0222865547823736,0.0,0.0,52465,0.00517042214050889,0.00019410766253713518,0.029859421774744987,0.0303192138671875,0.9848349599545483,0.9773081606941253,0.0,0.0,148232,0.001490990398451686,0.0003760831896215677,0.052762746810913086,0.05203025043010712,1.014078278977149,1.0241236646480152,0.0,0.0,0.5994073298036475,0.8551561307551522,0.6994937903241857,0.0019035876030102372,0.007778441533446312,0.006651781965047121,4096,0.2450929582118988,0.0,0.7929020524024963
400,D0,validation_test_seen,train,scene_0105,128,1408,0,200704,0.0031448740046471357,-0.0005094329244457185,0.05054737627506256,0.05086847394704819,0.9936876881284099,0.9852764583073391,0.0,0.0,55002,0.005555318668484688,0.002052023308351636,0.037285659462213516,0.03774315118789673,0.9878788147972679,0.9898345074480748,0.0,0.0,145702,0.002234939020127058,-0.0014763737563043833,0.05050784721970558,0.05001714453101158,1.0098106897803762,1.0164083353595486,0.0,0.0,0.6964253053757349,0.8747616520448611,0.7961245787568598,0.0020633607637137175,0.01031164824962616,0.00902023445814848,4096,0.2445155531167984,0.0,1.0209585428237915
400,D0,validation_test_seen,train,scene_0106,128,1664,0,200309,0.0041010575369000435,0.0004245068703312427,0.057079244405031204,0.057935118675231934,0.9852270213685326,1.0102942341015237,0.0,0.0,98174,0.005191856063902378,0.0005482819397002459,0.04012283682823181,0.040384773164987564,0.9935139827160687,0.9915014454125998,0.0,0.0,102135,0.0030525631736963987,0.0003055320994462818,0.052423860877752304,0.053902383893728256,0.9725703594317656,1.011477518578123,0.0,0.0,0.8082275723397031,1.0677791535138077,0.7535963839236203,0.0016288142651319504,0.005968934390693903,0.006373503711074591,4096,0.2423289269208908,0.0,1.0066267251968384
400,D0,validation_test_seen,train,scene_0107,128,1920,0,199994,0.0053192744962871075,0.0010695010423660278,0.057133257389068604,0.058338407427072525,0.9793420819807183,0.9364770972896893,0.0,0.0,66108,0.01039912085980177,0.001003023236989975,0.045237891376018524,0.04761239513754845,0.9501284538475713,0.9871532127398963,0.0,0.0,133886,0.002811033045873046,0.0011023252736777067,0.05064946413040161,0.05165746808052063,0.980486772047213,1.0085380581872951,0.0,0.0,0.6943987064799209,1.4254263775648117,0.481313809083975,0.003668712917715311,0.010132870636880398,0.014443661086261272,4096,0.24211128056049347,0.0,1.129567265510559
400,D0,validation_test_seen,train,scene_0108,128,2176,0,199879,0.004951809998601675,-0.0016966515686362982,0.05499832704663277,0.05443450063467026,1.0103578871008032,1.0336243312547257,0.0,0.0,82022,0.0075532905757427216,-0.005115444306284189,0.038560498505830765,0.037817005068063736,1.0196602939981332,1.0392203513267542,0.0,0.0,117857,0.0031413219403475523,0.0006826402386650443,0.051795754581689835,0.05369402468204498,0.9646465298215964,1.01164804393389,0.0,0.0,0.6998614156434694,1.09593211212747,0.6386780227176415,0.0020338573958724737,0.007075968664139509,0.007754781283438206,4096,0.24305450916290283,0.0,1.0923569202423096
400,D0,validation_test_seen,train,scene_0109,128,2432,0,199635,0.005583257880061865,-0.001044409815222025,0.05517386645078659,0.054467979818582535,1.0129596624393848,1.0529921018742083,0.0,0.0,90009,0.007239427883177996,-0.004250303842127323,0.051345955580472946,0.04967711120843887,1.0335938288567508,1.0457861073647188,0.0,0.0,109626,0.004223450552672148,0.0015878061531111598,0.04850739613175392,0.05085480585694313,0.953840946088899,1.0222730712146177,0.0,0.0,0.7396315660036893,1.0240861338084413,0.7204448729596862,0.0018603127682581544,0.008185934275388718,0.008383101783692837,4096,0.24157771468162537,0.0,0.8902055621147156
400,D0,validation_test_seen,train,scene_0110,128,2688,0,200090,0.0041902330704033375,-0.0006883739843033254,0.05214281007647514,0.05254792049527168,0.9922906479461353,0.9902798590579563,0.0,0.0,68702,0.006565243937075138,-0.00352495233528316,0.034331560134887695,0.03589851036667824,0.9563505500427388,0.9787822136821475,0.0,0.0,131388,0.0029483535327017307,0.0007948561105877161,0.051650866866111755,0.053071681410074234,0.9732283864725496,1.005933481217288,0.0,0.0,0.610544699265618,0.8234072840658512,0.7416623720716938,0.001790130976587534,0.0076749287545681,0.0063195922411978245,4096,0.24358466267585754,0.0,0.8674250841140747
400,D0,validation_test_seen,train,scene_0111,128,2944,0,200582,0.004511620383709669,0.0027839476242661476,0.04639148339629173,0.045875683426856995,1.0112434285640042,1.0061863795861978,0.0,0.0,85341,0.007153337821364403,0.004715713206678629,0.031171267852187157,0.02907377853989601,1.0721436778302793,1.0635868348829052,0.0,0.0,115241,0.0025553128216415644,0.0013533906312659383,0.05152151361107826,0.05075240507721901,1.0151541297932396,1.0184104384600459,0.0,0.0,0.4896602980866144,0.8687451206750494,0.5626881108688053,0.0020015849731862545,0.006728209555149078,0.005845099221915007,4096,0.24416664242744446,0.0,1.2095481157302856
400,D0,validation_test_seen,train,scene_0112,128,3200,0,200135,0.005339091643691063,0.0018387369345873594,0.05399641394615173,0.05462484434247017,0.9884955206027043,1.0411020601042076,0.0,0.0,68226,0.006551168393343687,0.001544563565403223,0.04388885200023651,0.04084191843867302,1.0746030959867539,1.066345927463137,0.0,0.0,131909,0.0047121811658144,0.001990889199078083,0.05441160127520561,0.056647252291440964,0.9605338136308309,1.0133313096700252,0.0,0.0,0.7057152127515897,0.982045881704536,0.7186045568174227,0.0026553033385425806,0.00982955377548933,0.00965307280421257,4096,0.24425262212753296,0.0,1.0036522150039673
400,D0,validation_test_seen,train,scene_0113,128,3456,0,200704,0.003762089880183339,-0.0005647103535011411,0.05387856811285019,0.05266651511192322,1.023013730799374,1.014222352283244,0.0,0.0,67285,0.006861044093966484,-0.0029463516548275948,0.03770175576210022,0.037633322179317474,1.0018184305509004,0.9916912091626395,0.0,0.0,133419,0.002199245151132345,0.0006363835418596864,0.05308673158288002,0.0523630753159523,1.0138199726154598,1.0136238626612877,0.0,0.0,0.5134369542087975,0.7911178004344405,0.6496676514308322,0.0027389288879930973,0.010529140010476112,0.008329790085554123,4096,0.24366536736488342,0.0,0.9402328133583069
400,D0,validation_test_seen,train,scene_0114,128,3712,0,199834,0.004059961065649986,0.0003979073080699891,0.05569159984588623,0.057798922061920166,0.9635404581805807,0.9776804411504075,0.0,0.0,58958,0.007660428993403912,0.0010828491067513824,0.054843660444021225,0.0569305457174778,0.9633433116237301,0.9424626487845679,0.0,0.0,140876,0.0025531291030347347,0.00011125238233944401,0.05105064809322357,0.053133003413677216,0.9608086276576336,1.008914206146812,0.0,0.0,0.5748556992923268,1.1698130275350378,0.49116983337752174,0.0032950029708445072,0.010604345239698887,0.012405101209878922,4096,0.24348130822181702,0.0,1.0248396396636963
400,D0,validation_test_seen,train,scene_0115,128,3968,0,200648,0.0038936720229685307,0.00021228533296380192,0.05557161942124367,0.05591801553964615,0.9938052859161841,0.991759902065985,0.0,0.0,51118,0.009765286929905415,-0.00021282574743963778,0.05343054234981537,0.05734998360276222,0.9316575000248462,0.9313636070376717,0.0,0.0,149530,0.0018864152953028679,0.00035761293838731945,0.05071792006492615,0.04989656060934067,1.016461243932547,1.019165955459408,0.0,0.0,0.2911041552706746,0.8208376154031369,0.3565468362825245,0.0027533643878996372,0.011162856593728065,0.00916289258748293,4096,0.2433537244796753,0.0,1.045877456665039
400,D0,validation_test_seen,train,scene_0116,128,4224,0,200682,0.005346628837287426,0.0030975008849054575,0.06032220274209976,0.06261704117059708,0.9633512158096845,0.9632237792728264,0.0,0.0,68868,0.00945044681429863,0.007826607674360275,0.04345851019024849,0.046667635440826416,0.9312344578793363,0.989244423342404,0.0,0.0,131814,0.0032025331165641546,0.0006267156568355858,0.05286378785967827,0.051975592970848083,1.0170886917890163,1.0183715205789061,0.0,0.0,0.3679269705419001,0.9634973242758307,0.38411569869097273,0.0025189355947077274,0.010103420354425907,0.009734618477523327,4096,0.24196594953536987,0.0,1.130680799484253
400,D0,validation_test_seen,train,scene_0117,128,4480,0,200501,0.003647950477898121,0.0017453046748414636,0.05402826890349388,0.0538739413022995,1.0028646057344943,0.9796053413352883,0.0,0.0,53935,0.007095577195286751,0.0019300406565889716,0.039268895983695984,0.03975345194339752,0.9878109714750943,1.037505353949312,0.0,0.0,146566,0.002379253739491105,0.0016773235984146595,0.05353584885597229,0.05313188582658768,1.0076030244946146,1.0178098636126844,0.0,0.0,0.9212512613217937,1.2821482844692405,0.7154812860822944,0.0019188906298950315,0.0057647996582090855,0.007391327992081642,4096,0.24461735785007477,0.0,1.0541924238204956
400,D0,validation_test_seen,train,scene_0118,128,4736,0,200491,0.004240448586642742,-0.000646626518573612,0.05885333940386772,0.057867057621479034,1.0170439248672392,1.0077595421729033,0.0,0.0,65199,0.007528362795710564,-0.0038669102359563112,0.04805056378245354,0.04918580502271652,0.9769193319141839,0.9841006648979873,0.0,0.0,135292,0.0026559585239738226,0.0009052706300280988,0.05285171419382095,0.05246668681502342,1.0073385113901892,1.0201009638549878,0.0,0.0,0.4965668378468355,0.8819502190994964,0.559213189597781,0.002065581502392888,0.005581997334957123,0.0049230437725782394,4096,0.24365974962711334,0.0,1.0424273014068604
400,D0,validation_test_seen,train,scene_0119,128,4992,0,199640,0.005588212050497532,0.002174034947529435,0.054840993136167526,0.056304823607206345,0.9740016862276172,0.9628079547276059,0.0,0.0,70329,0.009591465815901756,0.0035977785009890795,0.039575397968292236,0.04295191913843155,0.9213883514900235,0.9076097113335109,0.0,0.0,129311,0.003410942619666457,0.0013996969209983945,0.05161724239587784,0.051717229187488556,0.9980666637949949,1.0147199009746177,0.0,0.0,0.4071011562430327,0.9533005993230943,0.42487709947414176,0.002987668849527836,0.010213229805231094,0.009736278094351292,4096,0.24342985451221466,0.0,1.1655644178390503
400,D0,validation_test_seen,train,scene_0120,128,5248,0,200686,0.0044019343331456184,0.001916619366966188,0.050981421023607254,0.0505831353366375,1.0078738829516818,1.0110018918437271,0.0,0.0,62231,0.008931909687817097,0.0025970772840082645,0.033094823360443115,0.03299010917544365,1.0031741084711963,0.987662125346846,0.0,0.0,138455,0.0023658578284084797,0.001610775594599545,0.0529557503759861,0.052198220044374466,1.0145125701789763,1.0148539586087715,0.0,0.0,0.6455688551996172,1.098436479486322,0.5878555673066596,0.0029510040767490864,0.009270037524402142,0.010182547383010387,4096,0.2445105016231537,0.0,1.305129051208496
400,D0,validation_test_seen,train,scene_0121,128,5504,0,199742,0.004641534294933081,0.0026954205241054296,0.05261019617319107,0.05205470323562622,1.0106713304089048,1.0112425448816322,0.0,0.0,68418,0.008657391183078289,0.00507715530693531,0.042696334421634674,0.03979155048727989,1.073000018817647,1.1009758443688753,0.0,0.0,131324,0.0025493286084383726,0.0014545692829415202,0.052020102739334106,0.05136334151029587,1.0127865752057152,1.01911901049736,0.0,0.0,0.5700058353207321,1.3714936073974802,0.4159488072566547,0.003027180442586541,0.008635847829282284,0.011844010092318058,4096,0.2439068704843521,0.0,1.0412909984588623
400,D0,validation_test_seen,train,scene_0122,128,5760,0,200023,0.004118373151868582,0.0015545134665444493,0.06364601850509644,0.06293501704931259,1.0112973903737366,1.029484854922459,0.0,0.0,78065,0.005934329237788916,0.0010057382751256227,0.0470903180539608,0.04501315951347351,1.0461455841566853,1.0285914714510438,0.0,0.0,121958,0.0029559845570474863,0.0019057829631492496,0.056338343769311905,0.056563809514045715,0.9960139575698518,1.0114185459061191,0.0,0.0,0.7350919175020204,0.9719834832354918,0.7554749393038939,0.0018573079723864794,0.007186685223132372,0.0069853393360972404,4096,0.24233002960681915,0.0,1.227040410041809
400,D0,validation_test_seen,train,scene_0123,128,6016,0,200684,0.003976345527917147,0.00017340840713586658,0.06100519374012947,0.05883701890707016,1.0368505215480721,1.051947904313041,0.0,0.0,72385,0.006373448297381401,-0.002107641426846385,0.049362920224666595,0.04689929634332657,1.0525300819719139,1.048117393272378,0.0,0.0,128299,0.0026239242870360613,0.0014603539602831006,0.05294390022754669,0.051957398653030396,1.0189867391380412,1.016752958234989,0.0,0.0,0.8824467534274983,0.9796481737360886,0.8995303477345997,0.002212308580055833,0.012482126243412495,0.012228092178702354,4096,0.2418113648891449,0.0,0.9481796622276306
400,D0,validation_test_seen,train,scene_0124,128,6272,0,200223,0.0044908467680215836,0.0004219049005769193,0.050223276019096375,0.04967567324638367,1.011023560163879,1.0251391558263232,0.0,0.0,71991,0.007909169420599937,-0.00040464161429554224,0.035710450261831284,0.034191593527793884,1.0444219346724142,1.0734811812506475,0.0,0.0,128232,0.0025717581156641245,0.0008859382942318916,0.05098562687635422,0.05110533535480499,0.9976576128965854,1.0071118065436162,0.0,0.0,0.5939188753159944,0.8219180643001837,0.7220746967140423,0.00212273420765996,0.008394596166908741,0.006899670232087374,4096,0.24398569762706757,0.0,1.1217938661575317
400,D0,validation_test_seen,train,scene_0125,128,6528,0,200704,0.006863590329885483,0.003876848379150033,0.06054404005408287,0.0626876950263977,0.9658042145047422,0.9553604583905011,0.0,0.0,61232,0.016421271488070488,0.008906519040465355,0.05548188090324402,0.055785808712244034,0.9945518794830466,1.0440623009769132,0.0,0.0,139472,0.0026675087865442038,0.00166868616361171,0.050735633820295334,0.05128074064850807,0.989370145178888,1.0055843869906185,0.0,0.0,0.6125353954215008,1.3861155685632907,0.4408673442274131,0.004402405582368374,0.011862926185131073,0.016443386673927307,4096,0.2417035847902298,0.0,1.6188135147094727
400,D0,validation_test_seen,train,scene_0126,128,6784,0,200700,0.003176302881911397,0.001988588832318783,0.05131670460104942,0.05136072263121605,0.9991429631844807,0.9949099622205908,0.0,0.0,60523,0.006127726752310991,0.0037415768019855022,0.03330777958035469,0.03332030400633812,0.9996241202967102,0.9655203526626461,0.0,0.0,140177,0.0019019924802705646,0.0012317170621827245,0.053868748247623444,0.053400807082653046,1.0087628107239301,1.0114742887478776,0.0,0.0,0.7467438293970106,1.0403139689591328,0.719082975535382,0.001902592135593295,0.007858054712414742,0.008174844086170197,4096,0.24489018321037292,0.0,1.0173652172088623
400,D0,validation_test_seen,train,scene_0127,128,7040,0,200161,0.003656688379123807,0.0014108158648014069,0.051069192588329315,0.05238356813788414,0.9749086288643966,1.012115854536448,0.0,0.0,42698,0.008289232850074768,0.00518576567992568,0.033584725111722946,0.03676766902208328,0.9134309028824045,0.8897846794009405,0.0,0.0,157463,0.002400517463684082,0.0003871923836413771,0.052672866731882095,0.05304429680109024,0.9929977378981766,1.013117653123525,0.0,0.0,0.5844359147024221,0.8293837629541938,0.701106607691565,0.0022888362873345613,0.009289361536502838,0.007704445626586676,4096,0.24479316174983978,0.0,1.0681838989257812
400,D0,validation_test_seen,train,scene_0128,128,7296,0,200671,0.0034848605282604694,0.0016507608816027641,0.0575534924864769,0.05794762074947357,0.9931985427891747,0.9718628826202946,0.0,0.0,61355,0.0052919043228030205,0.003621062496677041,0.05045938491821289,0.050289787352085114,1.003372405712126,1.0161887850593199,0.0,0.0,139316,0.0026890358421951532,0.0007830368704162538,0.051988862454891205,0.051738664507865906,1.0048358021878834,0.9793610148216886,0.0,0.0,0.44423327792111894,0.876033326624772,0.5070391192621039,0.0018473363015800714,0.007903825491666794,0.006924014538526535,4096,0.2437826544046402,0.0,0.9330633878707886
400,D0,validation_test_seen,train,scene_0129,128,7552,0,200043,0.0034419954754412174,0.0011246566427871585,0.05502209812402725,0.05616459250450134,0.9796581025602114,1.0272972387868768,0.0,0.0,59425,0.004646320827305317,0.001385090290568769,0.04477556422352791,0.04574619233608246,0.9787823190742596,0.9602432799463135,0.0,0.0,140618,0.002933049574494362,0.0010145977139472961,0.055028289556503296,0.056242913007736206,0.9784039732958739,1.020011669961261,0.0,0.0,0.7602970692249841,1.1629397692891097,0.6529881453096688,0.0013943671947345138,0.00458768755197525,0.005335204303264618,4096,0.24463941156864166,0.0,1.0545297861099243
400,D0,validation_test_seen,train,scene_0100,192,192,0,198401,0.004985043313354254,0.0004191302869003266,0.08827004581689835,0.08828484266996384,0.9998323964497416,0.9942152628123111,0.0,0.0,54212,0.00789841078221798,-0.001531291170977056,0.05467384681105614,0.05435025691986084,1.0059537877009934,1.0332930942879774,0.0,0.0,144189,0.003889678744599223,0.0011524473084136844,0.08732815831899643,0.08812298625707626,0.9909804697748085,0.9859039368320894,0.0,0.0,0.7192432405521156,1.120606820498636,0.6173111898520064,0.0026073972694575787,0.007397410459816456,0.008289588615298271,4096,0.24071434140205383,0.0,1.2763935327529907
400,D0,validation_test_seen,train,scene_0129,192,7616,0,199019,0.003652020823210478,0.0011722856434062123,0.08512496948242188,0.08601099997758865,0.9896986374370994,0.9863910113651483,0.0,0.0,57613,0.0054295058362185955,0.0017924780258908868,0.057936277240514755,0.05941979959607124,0.9750331982665492,0.9396540609115558,0.0,0.0,141406,0.002927820198237896,0.0009196009486913681,0.08601950854063034,0.08663759380578995,0.9928658537476799,0.9895224936516752,0.0,0.0,0.7528657135568121,1.1092105100193195,0.6586041266962792,0.001764706801623106,0.00579006876796484,0.006422405131161213,4096,0.2413165271282196,0.0,0.9882451891899109
400,D0,train,eval,scene_0000,128,128,0,199291,0.0022372130770236254,-0.00030875648371875286,0.05040609464049339,0.05072623863816261,0.9936887889529351,1.0107101148898718,0.0,0.0,97957,0.002287615556269884,-0.000640968035440892,0.0446573905646801,0.04420310631394386,1.0102772019574773,1.0286042254087369,0.0,0.0,101334,0.0021884904708713293,1.2384025467326865e-05,0.05266245827078819,0.05377337336540222,0.9793407959165011,1.0026480908424233,0.0,0.0,0.793454040218275,0.9405793762416365,0.8425589820129613,0.0013381681637838483,0.008893096819519997,0.0083646634593606,4096,0.24377861618995667,0.0,0.6362611651420593
400,D0,train,eval,scene_0006,128,1664,0,200073,0.002493922132998705,-0.0005179218715056777,0.06499932706356049,0.06395228207111359,1.0163722850622063,1.0344196618969441,0.0,0.0,62719,0.003937238361686468,-0.0016058559995144606,0.05548185110092163,0.05385834351181984,1.0301440312352996,1.0197992968825063,0.0,0.0,137354,0.001834870083257556,-2.1146082872292027e-05,0.05335827171802521,0.0529913492500782,1.006924195611918,1.0073592124658401,0.0,0.0,0.5285695530737611,1.0327159111568325,0.5114119673352928,0.002093813382089138,0.008401311933994293,0.008676168508827686,4096,0.24187122285366058,0.0,0.763577938079834
400,D0,train,eval,scene_0013,128,3456,0,200704,0.0035542454570531845,-0.0020869288127869368,0.07108955085277557,0.0688348039984703,1.0327559130458972,1.024290063788682,0.0,0.0,89703,0.0055479491129517555,-0.004505356773734093,0.048301812261343,0.04699346423149109,1.0278410636723216,1.0241017641756658,0.0,0.0,111001,0.0019430775428190827,-0.00013252983626443893,0.05201762914657593,0.05120379477739334,1.0158940245097206,1.010356007768606,0.0,0.0,0.7402906506791398,1.0019107774625842,0.7367535706666418,0.0018814142094925046,0.00777825340628624,0.007793115917593241,4096,0.23697027564048767,0.0,0.9186233282089233
400,D0,train,eval,scene_0019,128,4992,0,200704,0.0024148705415427685,-0.0006311413599178195,0.056526098400354385,0.055892203003168106,1.0113413922358785,1.0207356134321668,0.0,0.0,58792,0.004177551716566086,-0.0024047058541327715,0.04401516541838646,0.04431021586060524,0.9933412546861208,1.0010519663607702,0.0,0.0,141912,0.0016846185317263007,0.00010361972090322524,0.052579253911972046,0.05229644477367401,1.0054078081124245,1.0128697389012187,0.0,0.0,0.40728171957020587,0.7958483794199472,0.5115350660549871,0.0024282701779156923,0.011479240842163563,0.009135735221207142,4096,0.24304287135601044,0.0,0.7363907694816589
400,D0,train,eval,scene_0026,128,6784,0,200606,0.0023022345267236233,-0.0009891761001199484,0.05545377731323242,0.05439907684922218,1.019388205188363,1.0259820127224348,0.0,0.0,73365,0.0030537170823663473,-0.0021353070624172688,0.04100997373461723,0.03955148905515671,1.036875594681823,1.0329015201586254,0.0,0.0,127241,0.0018689421704038978,-0.00032833669683896005,0.054561492055654526,0.05409681051969528,1.008589813918698,1.0060510390977182,0.0,0.0,0.8575899957135242,1.0095059140635152,0.8479244730030688,0.0015222711954265833,0.00924619846045971,0.009334092028439045,4096,0.24395698308944702,0.0,0.7079001665115356
400,D0,train,eval,scene_0033,128,8576,0,199769,0.002727551618590951,-0.00018281993106938899,0.0680292397737503,0.06836948543787003,0.995023428040439,0.9946404007157124,0.0,0.0,68040,0.003623599885031581,-0.00021191820269450545,0.06260199099779129,0.06265620142221451,0.9991347955478833,1.0001056499413488,0.0,0.0,131729,0.0022647292353212833,-0.00016779021825641394,0.056456420570611954,0.05706477537751198,0.9893392236651165,1.0148537117809748,0.0,0.0,0.5619464868108897,1.0434905088724213,0.5375600813216393,0.0024108407087624073,0.010004051961004734,0.010439133271574974,4096,0.24149273335933685,0.0,0.7072640657424927
400,D0,train,eval,scene_0039,128,10112,0,200702,0.0024995252024382353,-0.00044633992365561426,0.056796424090862274,0.0558958500623703,1.0161116438427376,1.0235599113832834,0.0,0.0,79754,0.0036309966817498207,-0.0008670322713442147,0.051969803869724274,0.05079520866274834,1.023124133907483,1.0377123235828278,0.0,0.0,120948,0.0017534251092001796,-0.0001689322234597057,0.051776785403490067,0.051167383790016174,1.0119099623301984,1.0125010512461043,0.0,0.0,0.7947794517011597,0.9396159950021743,0.8458455440110481,0.0019348711939528584,0.010834875516593456,0.010180622339248657,4096,0.24214377999305725,0.0,0.5898658633232117
400,D0,train,eval,scene_0046,128,11904,0,200574,0.0020810773130506277,-0.0005013702902942896,0.05328322947025299,0.053314391523599625,0.9994155039107435,1.0030761764658944,0.0,0.0,61885,0.003169223666191101,-0.00122410012409091,0.02914959192276001,0.02987593784928322,0.9756879288547377,0.9957480955044139,0.0,0.0,138689,0.0015955310082063079,-0.00017887797730509192,0.05496460571885109,0.05511162057518959,0.9973324163796286,1.0097761470931885,0.0,0.0,0.6709489767351956,0.90340364378164,0.7427772958091461,0.001528571592643857,0.00677051255479455,0.006116505712270737,4096,0.24386973679065704,0.0,0.7386195063591003
400,D0,train,eval,scene_0052,128,13440,0,200635,0.002296166494488716,-0.0008867820724844933,0.05387070029973984,0.053535621613264084,1.0062589856319653,1.0157236713450801,0.0,0.0,91160,0.002945969346910715,-0.0017750131664797664,0.03321417421102524,0.03297131881117821,1.007365656231036,1.0170534534357247,0.0,0.0,109475,0.0017550744814798236,-0.0001471507566748187,0.05507028475403786,0.05531821399927139,0.9955181263582226,1.0026464853001547,0.0,0.0,0.5914038653530022,0.8228767059861002,0.7160139268673359,0.0013663319405168295,0.006577382795512676,0.005412375088781118,4096,0.24294759333133698,0.0,0.6703803539276123
400,D0,train,eval,scene_0059,128,15232,0,199735,0.0028634516056627035,-0.0004791510582435876,0.06727176159620285,0.06833288073539734,0.9844713243789118,0.9882839615069876,0.0,0.0,85876,0.003141879802569747,-0.0006390055059455335,0.05052446573972702,0.05037938058376312,1.0028798519212174,0.9826398861725593,0.0,0.0,113859,0.002653452567756176,-0.00035858392948284745,0.05984842777252197,0.06215624138712883,0.962870766264114,0.9980311481773599,0.0,0.0,0.7455096167471844,0.9249767759141377,0.8049672980467271,0.0016909207915887237,0.009780775755643845,0.009046990424394608,4096,0.24061156809329987,0.0,0.7139699459075928
400,D0,train,eval,scene_0066,128,17024,0,200531,0.0023239008150994778,-0.000562580768018961,0.047546662390232086,0.04653300344944,1.0217836560215474,1.0171703050507224,0.0,0.0,53207,0.003299152944236994,-0.0012402837164700031,0.03871900215744972,0.03818947449326515,1.013865801276683,1.02789449017605,0.0,0.0,147324,0.0019716820679605007,-0.00031782404403202236,0.048638638108968735,0.047568727284669876,1.0224918951036064,1.0193250576058295,0.0,0.0,0.47076168185071576,0.8135130940797203,0.5721051293845066,0.002123115351423621,0.009781885892152786,0.007957692258059978,4096,0.24463388323783875,0.0,0.7351179718971252
400,D0,train,eval,scene_0072,128,18560,0,200356,0.002369822934269905,0.0005244891508482397,0.05595530569553375,0.05605534091591835,0.9982154203551336,1.0111920597783075,0.0,0.0,66762,0.0033238702453672886,0.00029707414796575904,0.04070495441555977,0.04116056486964226,0.9889308988949633,0.9784465188284687,0.0,0.0,133594,0.0018930492224171758,0.0006381370476447046,0.05387962982058525,0.05397564545273781,0.9982211304497205,1.0135090781397236,0.0,0.0,0.7962373886859272,1.0141237262106313,0.7847023892119637,0.002381059806793928,0.011699389666318893,0.01186462864279747,4096,0.2438252717256546,0.0,0.7198851108551025
400,D0,train,eval,scene_0079,128,20352,0,200683,0.0025790154468268156,-1.5323304978664964e-05,0.06133466958999634,0.06036735698580742,1.0160237693430298,1.008420412335591,0.0,0.0,98725,0.003197241574525833,-0.00030649310792796314,0.04070214927196503,0.039067342877388,1.041845855749848,1.031433455409788,0.0,0.0,101958,0.0019803934264928102,0.000266613787971437,0.057722222059965134,0.05715063586831093,1.010001396886839,1.0081590623338739,0.0,0.0,0.7206264806198485,0.955356663292499,0.754183288515028,0.0011713794665411115,0.005860729143023491,0.0055990866385400295,4096,0.2402907758951187,0.0,0.6819086670875549
400,D0,train,eval,scene_0085,128,21888,0,200633,0.0030162688344717026,-0.0003489707305561751,0.050948455929756165,0.050385165959596634,1.0111796787691685,1.0239289223477732,0.0,0.0,90883,0.003934614360332489,-0.0007141256355680525,0.03840341046452522,0.038099657744169235,1.007972583963762,1.0159918236464114,0.0,0.0,109750,0.0022557955235242844,-4.658913167077117e-05,0.05360950902104378,0.053024355322122574,1.0110355646073659,1.009195023173319,0.0,0.0,0.6911877147778216,0.9248945246196778,0.7470879723132571,0.0017690343083813787,0.008934836834669113,0.008263781666755676,4096,0.2426787167787552,0.0,0.7773364782333374
400,D0,train,eval,scene_0092,128,23680,0,200680,0.0022475579753518105,-0.00014204790932126343,0.05280240625143051,0.05243854597210884,1.0069387942128525,1.0101043693167118,0.0,0.0,55656,0.003866505576297641,-0.0003836489631794393,0.03748907893896103,0.037250760942697525,1.0063976678659023,1.0263307301795126,0.0,0.0,145024,0.0016262525459751487,-4.9328395107295364e-05,0.053158778697252274,0.05279667675495148,1.0068584230022932,1.0113163387252355,0.0,0.0,0.6371588046462804,0.9267674906082944,0.686425800680169,0.0024414730723947287,0.009336077608168125,0.00865237321704626,4096,0.24445980787277222,0.0,0.8096823692321777
400,D0,train,eval,scene_0099,128,25472,0,200699,0.0026075385976582766,-0.0003591498825699091,0.05612325295805931,0.05544103682041168,1.012305255759511,1.0253794143399164,0.0,0.0,77958,0.0037389653734862804,-0.001372280064970255,0.04386776313185692,0.0436473973095417,1.0050487734870515,1.0280691219182476,0.0,0.0,122741,0.0018889211351051927,0.0002843320253305137,0.051388178020715714,0.05100555345416069,1.0075016256200198,1.0111535687162418,0.0,0.0,0.4966484961211142,0.878163283202729,0.5658573804940001,0.0019615080673247576,0.0100361043587327,0.008813338354229927,4096,0.24270713329315186,0.0,0.7529670000076294
400,D0,validation_test_seen,eval,scene_0100,128,128,0,199556,0.0036986484192311764,-8.297929889522493e-05,0.05372748523950577,0.052054379135370255,1.0321415053243552,1.0274909660472586,0.0,0.0,57517,0.006473160348832607,-0.002287693088874221,0.03906701132655144,0.037038180977106094,1.054776727580099,1.0944620391574884,0.0,0.0,142039,0.0025751430075615644,0.0008097930694930255,0.05420704931020737,0.053139571100473404,1.0200881976957554,1.0143651133302578,0.0,0.0,0.6016505775487756,1.0425359240636698,0.575974796945132,0.0021558362059295177,0.005813529249280691,0.006060813087970018,4096,0.24466338753700256,0.0,1.1041545867919922
400,D0,validation_test_seen,eval,scene_0101,128,384,0,200668,0.004124427679926157,-0.0011198213323950768,0.059045229107141495,0.05655544623732567,1.044023750769605,1.070478911367218,0.0,0.0,66409,0.007851677015423775,-0.005059755407273769,0.055967990309000015,0.053048230707645416,1.0550397169218653,1.0387385890775855,0.0,0.0,134259,0.002280805492773652,0.0008290020050480962,0.04943201318383217,0.04894638806581497,1.0099215720956614,1.0222607106900312,0.0,0.0,0.6734162130800052,0.9556917684043157,0.7011804835466479,0.0017362216021865606,0.0050209034234285355,0.0047984360717237,4096,0.24397864937782288,0.0,0.9954963326454163
400,D0,validation_test_seen,eval,scene_0102,128,640,0,200285,0.002978897886350751,0.0006356784724630415,0.05196012184023857,0.05198422446846962,0.9995363472577018,1.0130683193456633,0.0,0.0,48268,0.005103697068989277,0.000897544960025698,0.03793378546833992,0.03879689425230026,0.9777531474981617,0.9735714564087594,0.0,0.0,152017,0.002304237335920334,0.0005525314481928945,0.05052380636334419,0.050269003957509995,1.0050687776915088,1.0099519473078775,0.0,0.0,0.38252377128757675,0.7197191919824123,0.530602541665249,0.002420044969767332,0.008749539032578468,0.006297211162745953,4096,0.24469363689422607,0.0,1.3241121768951416
400,D0,validation_test_seen,eval,scene_0103,128,896,0,200682,0.002735178917646408,0.0005799191421829164,0.053627196699380875,0.05294144153594971,1.0129530882336384,0.9968470674900258,0.0,0.0,54316,0.0046985759399831295,0.0003755053039640188,0.03723902627825737,0.03799759969115257,0.9800362807371795,1.005708686400943,0.0,0.0,146366,0.002006567781791091,0.0006557765300385654,0.05355295538902283,0.052473071962594986,1.0205797637919432,1.02420448795006,0.0,0.0,0.7567057187828437,0.9769788058496953,0.7748175538409453,0.0024516056291759014,0.011807683855295181,0.011535856872797012,4096,0.24449996650218964,0.0,1.1329582929611206
400,D0,validation_test_seen,eval,scene_0104,128,1152,0,200697,0.002452845685184002,0.0003285122220404446,0.04899245500564575,0.0484677329659462,1.0108262138043103,1.0222865547823736,0.0,0.0,52465,0.00517042214050889,0.00019410766253713518,0.029859421774744987,0.0303192138671875,0.9848349599545483,0.9773081606941253,0.0,0.0,148232,0.001490990398451686,0.0003760831896215677,0.052762746810913086,0.05203025043010712,1.014078278977149,1.0241236646480152,0.0,0.0,0.5994073298036475,0.8551561307551522,0.6994937903241857,0.0019035876030102372,0.007778441533446312,0.006651781965047121,4096,0.2450929582118988,0.0,0.8834431767463684
400,D0,validation_test_seen,eval,scene_0105,128,1408,0,200704,0.0031448740046471357,-0.0005094329244457185,0.05054737627506256,0.05086847394704819,0.9936876881284099,0.9852764583073391,0.0,0.0,55002,0.005555318668484688,0.002052023308351636,0.037285659462213516,0.03774315118789673,0.9878788147972679,0.9898345074480748,0.0,0.0,145702,0.002234939020127058,-0.0014763737563043833,0.05050784721970558,0.05001714453101158,1.0098106897803762,1.0164083353595486,0.0,0.0,0.6964253053757349,0.8747616520448611,0.7961245787568598,0.0020633607637137175,0.01031164824962616,0.00902023445814848,4096,0.2445155531167984,0.0,1.10910165309906
400,D0,validation_test_seen,eval,scene_0106,128,1664,0,200309,0.0041010575369000435,0.0004245068703312427,0.057079244405031204,0.057935118675231934,0.9852270213685326,1.0102942341015237,0.0,0.0,98174,0.005191856063902378,0.0005482819397002459,0.04012283682823181,0.040384773164987564,0.9935139827160687,0.9915014454125998,0.0,0.0,102135,0.0030525631736963987,0.0003055320994462818,0.052423860877752304,0.053902383893728256,0.9725703594317656,1.011477518578123,0.0,0.0,0.8082275723397031,1.0677791535138077,0.7535963839236203,0.0016288142651319504,0.005968934390693903,0.006373503711074591,4096,0.2423289269208908,0.0,1.0688471794128418
400,D0,validation_test_seen,eval,scene_0107,128,1920,0,199994,0.0053192744962871075,0.0010695010423660278,0.057133257389068604,0.058338407427072525,0.9793420819807183,0.9364770972896893,0.0,0.0,66108,0.01039912085980177,0.001003023236989975,0.045237891376018524,0.04761239513754845,0.9501284538475713,0.9871532127398963,0.0,0.0,133886,0.002811033045873046,0.0011023252736777067,0.05064946413040161,0.05165746808052063,0.980486772047213,1.0085380581872951,0.0,0.0,0.6943987064799209,1.4254263775648117,0.481313809083975,0.003668712917715311,0.010132870636880398,0.014443661086261272,4096,0.24211128056049347,0.0,1.2254390716552734
400,D0,validation_test_seen,eval,scene_0108,128,2176,0,199879,0.004951809998601675,-0.0016966515686362982,0.05499832704663277,0.05443450063467026,1.0103578871008032,1.0336243312547257,0.0,0.0,82022,0.0075532905757427216,-0.005115444306284189,0.038560498505830765,0.037817005068063736,1.0196602939981332,1.0392203513267542,0.0,0.0,117857,0.0031413219403475523,0.0006826402386650443,0.051795754581689835,0.05369402468204498,0.9646465298215964,1.01164804393389,0.0,0.0,0.6998614156434694,1.09593211212747,0.6386780227176415,0.0020338573958724737,0.007075968664139509,0.007754781283438206,4096,0.24305450916290283,0.0,1.1770718097686768
400,D0,validation_test_seen,eval,scene_0109,128,2432,0,199635,0.005583257880061865,-0.001044409815222025,0.05517386645078659,0.054467979818582535,1.0129596624393848,1.0529921018742083,0.0,0.0,90009,0.007239427883177996,-0.004250303842127323,0.051345955580472946,0.04967711120843887,1.0335938288567508,1.0457861073647188,0.0,0.0,109626,0.004223450552672148,0.0015878061531111598,0.04850739613175392,0.05085480585694313,0.953840946088899,1.0222730712146177,0.0,0.0,0.7396315660036893,1.0240861338084413,0.7204448729596862,0.0018603127682581544,0.008185934275388718,0.008383101783692837,4096,0.24157771468162537,0.0,0.9589892625808716
400,D0,validation_test_seen,eval,scene_0110,128,2688,0,200090,0.0041902330704033375,-0.0006883739843033254,0.05214281007647514,0.05254792049527168,0.9922906479461353,0.9902798590579563,0.0,0.0,68702,0.006565243937075138,-0.00352495233528316,0.034331560134887695,0.03589851036667824,0.9563505500427388,0.9787822136821475,0.0,0.0,131388,0.0029483535327017307,0.0007948561105877161,0.051650866866111755,0.053071681410074234,0.9732283864725496,1.005933481217288,0.0,0.0,0.610544699265618,0.8234072840658512,0.7416623720716938,0.001790130976587534,0.0076749287545681,0.0063195922411978245,4096,0.24358466267585754,0.0,0.9475055932998657
400,D0,validation_test_seen,eval,scene_0111,128,2944,0,200582,0.004511620383709669,0.0027839476242661476,0.04639148339629173,0.045875683426856995,1.0112434285640042,1.0061863795861978,0.0,0.0,85341,0.007153337821364403,0.004715713206678629,0.031171267852187157,0.02907377853989601,1.0721436778302793,1.0635868348829052,0.0,0.0,115241,0.0025553128216415644,0.0013533906312659383,0.05152151361107826,0.05075240507721901,1.0151541297932396,1.0184104384600459,0.0,0.0,0.4896602980866144,0.8687451206750494,0.5626881108688053,0.0020015849731862545,0.006728209555149078,0.005845099221915007,4096,0.24416664242744446,0.0,1.2799168825149536
400,D0,validation_test_seen,eval,scene_0112,128,3200,0,200135,0.005339091643691063,0.0018387369345873594,0.05399641394615173,0.05462484434247017,0.9884955206027043,1.0411020601042076,0.0,0.0,68226,0.006551168393343687,0.001544563565403223,0.04388885200023651,0.04084191843867302,1.0746030959867539,1.066345927463137,0.0,0.0,131909,0.0047121811658144,0.001990889199078083,0.05441160127520561,0.056647252291440964,0.9605338136308309,1.0133313096700252,0.0,0.0,0.7057152127515897,0.982045881704536,0.7186045568174227,0.0026553033385425806,0.00982955377548933,0.00965307280421257,4096,0.24425262212753296,0.0,1.062345027923584
400,D0,validation_test_seen,eval,scene_0113,128,3456,0,200704,0.003762089880183339,-0.0005647103535011411,0.05387856811285019,0.05266651511192322,1.023013730799374,1.014222352283244,0.0,0.0,67285,0.006861044093966484,-0.0029463516548275948,0.03770175576210022,0.037633322179317474,1.0018184305509004,0.9916912091626395,0.0,0.0,133419,0.002199245151132345,0.0006363835418596864,0.05308673158288002,0.0523630753159523,1.0138199726154598,1.0136238626612877,0.0,0.0,0.5134369542087975,0.7911178004344405,0.6496676514308322,0.0027389288879930973,0.010529140010476112,0.008329790085554123,4096,0.24366536736488342,0.0,1.0351064205169678
400,D0,validation_test_seen,eval,scene_0114,128,3712,0,199834,0.004059961065649986,0.0003979073080699891,0.05569159984588623,0.057798922061920166,0.9635404581805807,0.9776804411504075,0.0,0.0,58958,0.007660428993403912,0.0010828491067513824,0.054843660444021225,0.0569305457174778,0.9633433116237301,0.9424626487845679,0.0,0.0,140876,0.0025531291030347347,0.00011125238233944401,0.05105064809322357,0.053133003413677216,0.9608086276576336,1.008914206146812,0.0,0.0,0.5748556992923268,1.1698130275350378,0.49116983337752174,0.0032950029708445072,0.010604345239698887,0.012405101209878922,4096,0.24348130822181702,0.0,1.1073555946350098
400,D0,validation_test_seen,eval,scene_0115,128,3968,0,200648,0.0038936720229685307,0.00021228533296380192,0.05557161942124367,0.05591801553964615,0.9938052859161841,0.991759902065985,0.0,0.0,51118,0.009765286929905415,-0.00021282574743963778,0.05343054234981537,0.05734998360276222,0.9316575000248462,0.9313636070376717,0.0,0.0,149530,0.0018864152953028679,0.00035761293838731945,0.05071792006492615,0.04989656060934067,1.016461243932547,1.019165955459408,0.0,0.0,0.2911041552706746,0.8208376154031369,0.3565468362825245,0.0027533643878996372,0.011162856593728065,0.00916289258748293,4096,0.2433537244796753,0.0,1.1589925289154053
400,D0,validation_test_seen,eval,scene_0116,128,4224,0,200682,0.005346628837287426,0.0030975008849054575,0.06032220274209976,0.06261704117059708,0.9633512158096845,0.9632237792728264,0.0,0.0,68868,0.00945044681429863,0.007826607674360275,0.04345851019024849,0.046667635440826416,0.9312344578793363,0.989244423342404,0.0,0.0,131814,0.0032025331165641546,0.0006267156568355858,0.05286378785967827,0.051975592970848083,1.0170886917890163,1.0183715205789061,0.0,0.0,0.3679269705419001,0.9634973242758307,0.38411569869097273,0.0025189355947077274,0.010103420354425907,0.009734618477523327,4096,0.24196594953536987,0.0,1.2345268726348877
400,D0,validation_test_seen,eval,scene_0117,128,4480,0,200501,0.003647950477898121,0.0017453046748414636,0.05402826890349388,0.0538739413022995,1.0028646057344943,0.9796053413352883,0.0,0.0,53935,0.007095577195286751,0.0019300406565889716,0.039268895983695984,0.03975345194339752,0.9878109714750943,1.037505353949312,0.0,0.0,146566,0.002379253739491105,0.0016773235984146595,0.05353584885597229,0.05313188582658768,1.0076030244946146,1.0178098636126844,0.0,0.0,0.9212512613217937,1.2821482844692405,0.7154812860822944,0.0019188906298950315,0.0057647996582090855,0.007391327992081642,4096,0.24461735785007477,0.0,1.1424075365066528
400,D0,validation_test_seen,eval,scene_0118,128,4736,0,200491,0.004240448586642742,-0.000646626518573612,0.05885333940386772,0.057867057621479034,1.0170439248672392,1.0077595421729033,0.0,0.0,65199,0.007528362795710564,-0.0038669102359563112,0.04805056378245354,0.04918580502271652,0.9769193319141839,0.9841006648979873,0.0,0.0,135292,0.0026559585239738226,0.0009052706300280988,0.05285171419382095,0.05246668681502342,1.0073385113901892,1.0201009638549878,0.0,0.0,0.4965668378468355,0.8819502190994964,0.559213189597781,0.002065581502392888,0.005581997334957123,0.0049230437725782394,4096,0.24365974962711334,0.0,1.124558448791504
400,D0,validation_test_seen,eval,scene_0119,128,4992,0,199640,0.005588212050497532,0.002174034947529435,0.054840993136167526,0.056304823607206345,0.9740016862276172,0.9628079547276059,0.0,0.0,70329,0.009591465815901756,0.0035977785009890795,0.039575397968292236,0.04295191913843155,0.9213883514900235,0.9076097113335109,0.0,0.0,129311,0.003410942619666457,0.0013996969209983945,0.05161724239587784,0.051717229187488556,0.9980666637949949,1.0147199009746177,0.0,0.0,0.4071011562430327,0.9533005993230943,0.42487709947414176,0.002987668849527836,0.010213229805231094,0.009736278094351292,4096,0.24342985451221466,0.0,1.2519208192825317
400,D0,validation_test_seen,eval,scene_0120,128,5248,0,200686,0.0044019343331456184,0.001916619366966188,0.050981421023607254,0.0505831353366375,1.0078738829516818,1.0110018918437271,0.0,0.0,62231,0.008931909687817097,0.0025970772840082645,0.033094823360443115,0.03299010917544365,1.0031741084711963,0.987662125346846,0.0,0.0,138455,0.0023658578284084797,0.001610775594599545,0.0529557503759861,0.052198220044374466,1.0145125701789763,1.0148539586087715,0.0,0.0,0.6455688551996172,1.098436479486322,0.5878555673066596,0.0029510040767490864,0.009270037524402142,0.010182547383010387,4096,0.2445105016231537,0.0,1.3682502508163452
400,D0,validation_test_seen,eval,scene_0121,128,5504,0,199742,0.004641534294933081,0.0026954205241054296,0.05261019617319107,0.05205470323562622,1.0106713304089048,1.0112425448816322,0.0,0.0,68418,0.008657391183078289,0.00507715530693531,0.042696334421634674,0.03979155048727989,1.073000018817647,1.1009758443688753,0.0,0.0,131324,0.0025493286084383726,0.0014545692829415202,0.052020102739334106,0.05136334151029587,1.0127865752057152,1.01911901049736,0.0,0.0,0.5700058353207321,1.3714936073974802,0.4159488072566547,0.003027180442586541,0.008635847829282284,0.011844010092318058,4096,0.2439068704843521,0.0,1.1354562044143677
400,D0,validation_test_seen,eval,scene_0122,128,5760,0,200023,0.004118373151868582,0.0015545134665444493,0.06364601850509644,0.06293501704931259,1.0112973903737366,1.029484854922459,0.0,0.0,78065,0.005934329237788916,0.0010057382751256227,0.0470903180539608,0.04501315951347351,1.0461455841566853,1.0285914714510438,0.0,0.0,121958,0.0029559845570474863,0.0019057829631492496,0.056338343769311905,0.056563809514045715,0.9960139575698518,1.0114185459061191,0.0,0.0,0.7350919175020204,0.9719834832354918,0.7554749393038939,0.0018573079723864794,0.007186685223132372,0.0069853393360972404,4096,0.24233002960681915,0.0,1.2984708547592163
400,D0,validation_test_seen,eval,scene_0123,128,6016,0,200684,0.003976345527917147,0.00017340840713586658,0.06100519374012947,0.05883701890707016,1.0368505215480721,1.051947904313041,0.0,0.0,72385,0.006373448297381401,-0.002107641426846385,0.049362920224666595,0.04689929634332657,1.0525300819719139,1.048117393272378,0.0,0.0,128299,0.0026239242870360613,0.0014603539602831006,0.05294390022754669,0.051957398653030396,1.0189867391380412,1.016752958234989,0.0,0.0,0.8824467534274983,0.9796481737360886,0.8995303477345997,0.002212308580055833,0.012482126243412495,0.012228092178702354,4096,0.2418113648891449,0.0,0.9979534149169922
400,D0,validation_test_seen,eval,scene_0124,128,6272,0,200223,0.0044908467680215836,0.0004219049005769193,0.050223276019096375,0.04967567324638367,1.011023560163879,1.0251391558263232,0.0,0.0,71991,0.007909169420599937,-0.00040464161429554224,0.035710450261831284,0.034191593527793884,1.0444219346724142,1.0734811812506475,0.0,0.0,128232,0.0025717581156641245,0.0008859382942318916,0.05098562687635422,0.05110533535480499,0.9976576128965854,1.0071118065436162,0.0,0.0,0.5939188753159944,0.8219180643001837,0.7220746967140423,0.00212273420765996,0.008394596166908741,0.006899670232087374,4096,0.24398569762706757,0.0,1.2068246603012085
400,D0,validation_test_seen,eval,scene_0125,128,6528,0,200704,0.006863590329885483,0.003876848379150033,0.06054404005408287,0.0626876950263977,0.9658042145047422,0.9553604583905011,0.0,0.0,61232,0.016421271488070488,0.008906519040465355,0.05548188090324402,0.055785808712244034,0.9945518794830466,1.0440623009769132,0.0,0.0,139472,0.0026675087865442038,0.00166868616361171,0.050735633820295334,0.05128074064850807,0.989370145178888,1.0055843869906185,0.0,0.0,0.6125353954215008,1.3861155685632907,0.4408673442274131,0.004402405582368374,0.011862926185131073,0.016443386673927307,4096,0.2417035847902298,0.0,1.6642698049545288
400,D0,validation_test_seen,eval,scene_0126,128,6784,0,200700,0.003176302881911397,0.001988588832318783,0.05131670460104942,0.05136072263121605,0.9991429631844807,0.9949099622205908,0.0,0.0,60523,0.006127726752310991,0.0037415768019855022,0.03330777958035469,0.03332030400633812,0.9996241202967102,0.9655203526626461,0.0,0.0,140177,0.0019019924802705646,0.0012317170621827245,0.053868748247623444,0.053400807082653046,1.0087628107239301,1.0114742887478776,0.0,0.0,0.7467438293970106,1.0403139689591328,0.719082975535382,0.001902592135593295,0.007858054712414742,0.008174844086170197,4096,0.24489018321037292,0.0,1.1112878322601318
400,D0,validation_test_seen,eval,scene_0127,128,7040,0,200161,0.003656688379123807,0.0014108158648014069,0.051069192588329315,0.05238356813788414,0.9749086288643966,1.012115854536448,0.0,0.0,42698,0.008289232850074768,0.00518576567992568,0.033584725111722946,0.03676766902208328,0.9134309028824045,0.8897846794009405,0.0,0.0,157463,0.002400517463684082,0.0003871923836413771,0.052672866731882095,0.05304429680109024,0.9929977378981766,1.013117653123525,0.0,0.0,0.5844359147024221,0.8293837629541938,0.701106607691565,0.0022888362873345613,0.009289361536502838,0.007704445626586676,4096,0.24479316174983978,0.0,1.178084135055542
400,D0,validation_test_seen,eval,scene_0128,128,7296,0,200671,0.0034848605282604694,0.0016507608816027641,0.0575534924864769,0.05794762074947357,0.9931985427891747,0.9718628826202946,0.0,0.0,61355,0.0052919043228030205,0.003621062496677041,0.05045938491821289,0.050289787352085114,1.003372405712126,1.0161887850593199,0.0,0.0,139316,0.0026890358421951532,0.0007830368704162538,0.051988862454891205,0.051738664507865906,1.0048358021878834,0.9793610148216886,0.0,0.0,0.44423327792111894,0.876033326624772,0.5070391192621039,0.0018473363015800714,0.007903825491666794,0.006924014538526535,4096,0.2437826544046402,0.0,1.0263755321502686
400,D0,validation_test_seen,eval,scene_0129,128,7552,0,200043,0.0034419954754412174,0.0011246566427871585,0.05502209812402725,0.05616459250450134,0.9796581025602114,1.0272972387868768,0.0,0.0,59425,0.004646320827305317,0.001385090290568769,0.04477556422352791,0.04574619233608246,0.9787823190742596,0.9602432799463135,0.0,0.0,140618,0.002933049574494362,0.0010145977139472961,0.055028289556503296,0.056242913007736206,0.9784039732958739,1.020011669961261,0.0,0.0,0.7602970692249841,1.1629397692891097,0.6529881453096688,0.0013943671947345138,0.00458768755197525,0.005335204303264618,4096,0.24463941156864166,0.0,1.1266677379608154
400,D0,validation_test_seen,eval,scene_0100,192,192,0,198401,0.004985043313354254,0.0004191302869003266,0.08827004581689835,0.08828484266996384,0.9998323964497416,0.9942152628123111,0.0,0.0,54212,0.00789841078221798,-0.001531291170977056,0.05467384681105614,0.05435025691986084,1.0059537877009934,1.0332930942879774,0.0,0.0,144189,0.003889678744599223,0.0011524473084136844,0.08732815831899643,0.08812298625707626,0.9909804697748085,0.9859039368320894,0.0,0.0,0.7192432405521156,1.120606820498636,0.6173111898520064,0.0026073972694575787,0.007397410459816456,0.008289588615298271,4096,0.24071434140205383,0.0,1.3535892963409424
400,D0,validation_test_seen,eval,scene_0129,192,7616,0,199019,0.003652020823210478,0.0011722856434062123,0.08512496948242188,0.08601099997758865,0.9896986374370994,0.9863910113651483,0.0,0.0,57613,0.0054295058362185955,0.0017924780258908868,0.057936277240514755,0.05941979959607124,0.9750331982665492,0.9396540609115558,0.0,0.0,141406,0.002927820198237896,0.0009196009486913681,0.08601950854063034,0.08663759380578995,0.9928658537476799,0.9895224936516752,0.0,0.0,0.7528657135568121,1.1092105100193195,0.6586041266962792,0.001764706801623106,0.00579006876796484,0.006422405131161213,4096,0.2413165271282196,0.0,1.0551129579544067
500,D0,train,train,scene_0000,128,128,0,199291,0.003012200118973851,-0.0017662598984315991,0.04975346103310585,0.05072623863816261,0.980822989616957,1.0003853287740871,0.0,0.0,97957,0.003517524339258671,-0.002691547153517604,0.04354146867990494,0.04420310631394386,0.9850318746981316,0.9979066371363692,0.0,0.0,101334,0.0025237160734832287,-0.0008718080935068429,0.05206848680973053,0.05377337336540222,0.9682949673979611,0.9898554936580649,0.0,0.0,0.7600545385636571,0.9010238886404598,0.8425269260582241,0.0013390261447057128,0.008893096819519997,0.008012892678380013,4096,0.24366500973701477,0.0,0.6050169467926025
500,D0,train,train,scene_0006,128,1664,0,200073,0.0022522222716361284,-0.0007611630717292428,0.06335416436195374,0.06395228207111359,0.990647437592692,0.9795793300321228,0.0,0.0,62719,0.0034099139738827944,-0.0007041925564408302,0.052817508578300476,0.05385834351181984,0.9806745832557784,0.9603914721276111,0.0,0.0,137354,0.0017235934501513839,-0.0007871770649217069,0.05245795473456383,0.0529913492500782,0.9899343095983995,0.9863595563689324,0.0,0.0,0.5706723574074376,1.1968404272772823,0.4769075014462943,0.0022718938998878,0.008401311933994293,0.010055029764771461,4096,0.24205195903778076,0.0,0.6647250652313232
500,D0,train,train,scene_0013,128,3456,0,200704,0.004067822825163603,-0.0030318291392177343,0.07057403773069382,0.0688348039984703,1.0252667783039255,1.007002634707472,0.0,0.0,89703,0.006964728236198425,-0.0054403264075517654,0.04770270362496376,0.04699346423149109,1.0150922985796267,1.0332237067516647,0.0,0.0,111001,0.001726752263493836,-0.0010854564607143402,0.0512043833732605,0.05120379477739334,1.0000114951610464,0.9957332671948412,0.0,0.0,0.7680751366197514,1.0058385964475356,0.7634429395505045,0.0019218591041862965,0.00777825340628624,0.007823667488992214,4096,0.23687362670898438,0.0,0.846921980381012
500,D0,train,train,scene_0019,128,4992,0,200704,0.001885611447505653,-0.0006034605903550982,0.05567387118935585,0.055892203003168106,0.9960936981889964,0.9946331894543176,0.0,0.0,58792,0.0034479484893381596,-0.0010830488754436374,0.04365577921271324,0.04431021586060524,0.9852305696286657,0.9665890078678124,0.0,0.0,141912,0.0012383584398776293,-0.0004047745023854077,0.051985859870910645,0.05229644477367401,0.9940610704206089,0.995871871085277,0.0,0.0,0.4302476986228066,0.8111660791833936,0.5303830810583341,0.002378035569563508,0.011479240842163563,0.009311570785939693,4096,0.24314187467098236,0.0,0.6126415729522705
500,D0,train,train,scene_0026,128,6784,0,200606,0.002445271937176585,-0.0017887302674353123,0.05439043790102005,0.05439907684922218,0.9998411931102053,0.9982956579423006,0.0,0.0,73365,0.0031744756270200014,-0.002598409540951252,0.03988072648644447,0.03955148905515671,1.0083242739819132,1.004921468485249,0.0,0.0,127241,0.002024825429543853,-0.0013218829408288002,0.05352231115102768,0.05409681051969528,0.9893801619143805,0.9856569044274751,0.0,0.0,0.8300709191162337,0.9795916208955855,0.8457110584105838,0.001504615880548954,0.00924619846045971,0.009057498537003994,4096,0.24398604035377502,0.0,0.6068191528320312
500,D0,train,train,scene_0033,128,8576,0,199769,0.002592631848528981,-0.00021222399664111435,0.06677750498056412,0.06836948543787003,0.9767150440417955,0.9810218798519927,0.0,0.0,68040,0.003788754576817155,0.0010474451119080186,0.061373379081487656,0.06265620142221451,0.9795260116060589,0.9725329926546454,0.0,0.0,131729,0.0019748166669160128,-0.0008628619252704084,0.05572943016886711,0.05706477537751198,0.9765994836602634,0.9955278873252692,0.0,0.0,0.570798467045157,1.1621941413932846,0.4897485193654448,0.002655584132298827,0.010004051961004734,0.0116266505792737,4096,0.2416577935218811,0.0,0.61440509557724
500,D0,train,train,scene_0039,128,10112,0,200702,0.002402014099061489,-0.0010745434556156397,0.05668756365776062,0.0558958500623703,1.0141640854286482,1.031141589850332,0.0,0.0,79754,0.003698822809383273,-0.001742999884299934,0.05209039896726608,0.05079520866274834,1.025498277074066,1.0453919866945205,0.0,0.0,120948,0.0015468890778720379,-0.0006337583181448281,0.0513470433652401,0.051167383790016174,1.0035112128453005,0.999612161631436,0.0,0.0,0.7756851840877048,0.9236430491378657,0.8398034771654574,0.0018928020726889372,0.010834875516593456,0.010007557459175587,4096,0.2420702576637268,0.0,0.5399185419082642
500,D0,train,train,scene_0046,128,11904,0,200574,0.0019516914617270231,-0.00088685960508883,0.0525544248521328,0.053314391523599625,0.9857455623191268,0.9897195447666449,0.0,0.0,61885,0.0030222877394407988,-0.000951557420194149,0.029288286343216896,0.02987593784928322,0.9803302741814874,1.0000738717282434,0.0,0.0,138689,0.0014739761827513576,-0.0008579904097132385,0.054164040833711624,0.05511162057518959,0.9828061717004825,0.9888413016705088,0.0,0.0,0.719748385422065,0.9625558261199699,0.7477458541230518,0.0015905745094642043,0.00677051255479455,0.006516996305435896,4096,0.24390250444412231,0.0,0.6325132846832275
500,D0,train,train,scene_0052,128,13440,0,200635,0.0029371974524110556,-0.0021243803203105927,0.05356565862894058,0.053535621613264084,1.0005610659738573,0.9971660193858624,0.0,0.0,91160,0.004382092505693436,-0.00350022129714489,0.032136883586645126,0.03297131881117821,0.9746920883173716,0.9740177723988538,0.0,0.0,109475,0.0017340308986604214,-0.0009787154849618673,0.054647862911224365,0.05531821399927139,0.9878819101416424,0.9868544146903717,0.0,0.0,0.5952524553702441,0.840241031002019,0.7063443771392521,0.0013987200800329447,0.006577382795512676,0.005526586901396513,4096,0.24281935393810272,0.0,0.6042516231536865
500,D0,train,train,scene_0059,128,15232,0,199735,0.003524751402437687,-0.0016940220957621932,0.06697509437799454,0.06833288073539734,0.9801298241375115,0.9824544338338054,0.0,0.0,85876,0.0044772811233997345,-0.0024155399296432734,0.05036870390176773,0.05037938058376312,0.9997880743694806,0.9927158594362168,0.0,0.0,113859,0.00280632427893579,-0.0011498307576403022,0.05881912261247635,0.06215624138712883,0.9463108016157565,0.9795339637379711,0.0,0.0,0.7590226993932118,0.9709645603687211,0.7806744693791116,0.0017732237465679646,0.009780775755643845,0.009496786631643772,4096,0.2404804676771164,0.0,0.6223382949829102
500,D0,train,train,scene_0066,128,17024,0,200531,0.0021560005843639374,-0.0007921570795588195,0.04650111496448517,0.04653300344944,0.9993147125138939,1.0002384185679714,0.0,0.0,53207,0.0035563341807574034,-0.0003903103352058679,0.03867800533771515,0.03818947449326515,1.012792290308581,1.012915700294418,0.0,0.0,147324,0.001650261110626161,-0.0009372864733450115,0.04745717719197273,0.047568727284669876,0.9976549699967884,0.9943350927664014,0.0,0.0,0.48740066175259367,0.7889433430890718,0.6127082183852638,0.0021050795912742615,0.009781885892152786,0.007717353757470846,4096,0.24470657110214233,0.0,0.6357384920120239
500,D0,train,train,scene_0072,128,18560,0,200356,0.00229258113540709,-0.00077859713928774,0.055576059967279434,0.05605534091591835,0.9914498611406569,0.9933787334307367,0.0,0.0,66762,0.0035317663569003344,-0.001220280071720481,0.04117584601044655,0.04116056486964226,1.0003712568292658,1.0220265180684094,0.0,0.0,133594,0.0016733133234083652,-0.0005578715354204178,0.05299767479300499,0.05397564545273781,0.9818812604920278,0.9929746911636512,0.0,0.0,0.8040151917291515,1.0024085098984854,0.8014113947066154,0.0023750050459057093,0.011699389666318893,0.01172756776213646,4096,0.243722066283226,0.0,0.653065025806427
500,D0,train,train,scene_0079,128,20352,0,200683,0.002732799854129553,-0.001228658715263009,0.061194777488708496,0.06036735698580742,1.0137064225471326,1.0053457532702956,0.0,0.0,98725,0.0036029198672622442,-0.00215903134085238,0.04007910564541817,0.039067342877388,1.0258979160985062,1.025166971756847,0.0,0.0,101958,0.0018902705051004887,-0.0003277873620390892,0.05708226189017296,0.05715063586831093,0.9988036182432769,0.9930274183276138,0.0,0.0,0.7785619967874234,1.0318347950312337,0.7544604067497024,0.0011897825170308352,0.005860729143023491,0.006047304254025221,4096,0.2401193231344223,0.0,0.6213144659996033
500,D0,train,train,scene_0085,128,21888,0,200633,0.00282537960447371,-0.00021157314768061042,0.05018181726336479,0.050385165959596634,0.9959641157797335,1.007737949021761,0.0,0.0,90883,0.003540064673870802,0.0003116742300335318,0.03862239420413971,0.038099657744169235,1.0137202403097827,1.0147193398010206,0.0,0.0,109750,0.0022335550747811794,-0.0006448696367442608,0.05265757068991661,0.053024355322122574,0.9930827139721408,0.9959712496194163,0.0,0.0,0.7169839017559032,0.9338827072910704,0.7678639951236742,0.0017427514540031552,0.008934836834669113,0.008344089612364769,4096,0.24277512729167938,0.0,0.6745080947875977
500,D0,train,train,scene_0092,128,23680,0,200680,0.002340159611776471,-0.0010914193699136376,0.05213282257318497,0.05243854597210884,0.9941698726908544,0.9973943690186884,0.0,0.0,55656,0.003998974338173866,-0.0014623013557866216,0.037231069058179855,0.037250760942697525,0.9994713696037523,1.009880597859692,0.0,0.0,145024,0.0017035548808053136,-0.0009490855736657977,0.052266959100961685,0.05279667675495148,0.9899668371846887,0.9905840559568383,0.0,0.0,0.6324012070920336,0.919527854503405,0.6868602400796313,0.002443197648972273,0.009336077608168125,0.008584783412516117,4096,0.2444296032190323,0.0,0.7270510196685791
500,D0,train,train,scene_0099,128,25472,0,200699,0.002354016061872244,-0.0007740519940853119,0.05526121333241463,0.05544103682041168,0.9967564912507039,0.9929418176536601,0.0,0.0,77958,0.0033376365900039673,-0.0011654453119263053,0.04304689168930054,0.0436473973095417,0.9862418916760957,0.9975847957081416,0.0,0.0,122741,0.0017292773118242621,-0.0005254615098237991,0.05073581635951996,0.05100555345416069,0.9947116132190753,0.9937544880873844,0.0,0.0,0.5028602778287441,0.9612927951775141,0.5236922024762749,0.002078232355415821,0.0100361043587327,0.00964763481169939,4096,0.24274955689907074,0.0,0.6285898685455322
500,D0,validation_test_seen,train,scene_0100,128,128,0,199556,0.0031374760437756777,-0.00012343165872152895,0.051747214049100876,0.052054379135370255,0.9940991499395165,0.9878315730554625,0.0,0.0,57517,0.00550926523283124,-0.0001059724745573476,0.03625044226646423,0.037038180977106094,0.9787317117131434,1.0098924384616594,0.0,0.0,142039,0.00217704800888896,-0.00013050153211224824,0.05294281244277954,0.053139571100473404,0.9962973231883667,0.9875674674747466,0.0,0.0,0.5476724796517833,0.9355332898285781,0.5842288025960218,0.0018858070252463222,0.005813529249280691,0.005438750144094229,4096,0.24486827850341797,0.0,1.0699331760406494
500,D0,validation_test_seen,train,scene_0101,128,384,0,200668,0.002960304031148553,-0.0008562006405554712,0.05582783743739128,0.05655544623732567,0.9871345936007454,0.9901453093021045,0.0,0.0,66409,0.004444656893610954,-0.0017653197282925248,0.050887830555438995,0.053048230707645416,0.9592747934589445,0.9439572246390939,0.0,0.0,134259,0.0022260930854827166,-0.0004065198008902371,0.04831898212432861,0.04894638806581497,0.9871817724191879,0.9948352783232526,0.0,0.0,0.6267044384250783,0.8772634764282378,0.7109459902210183,0.0014890696620568633,0.0050209034234285355,0.0044046551920473576,4096,0.24437472224235535,0.0,0.8818535804748535
500,D0,validation_test_seen,train,scene_0102,128,640,0,200285,0.003103261347860098,-0.0005814717151224613,0.05095047876238823,0.05198422446846962,0.980114242029168,0.9960288402444478,0.0,0.0,48268,0.006119495257735252,-0.00032021396327763796,0.03773843124508858,0.03879689425230026,0.9727178417857782,0.9558306708654822,0.0,0.0,152017,0.0021455553360283375,-0.0006644255481660366,0.049197930842638016,0.050269003957509995,0.9786931701336811,0.9839787191165863,0.0,0.0,0.4209997220484005,0.7501459326308556,0.5606095997135618,0.0023989444598555565,0.008749539032578468,0.006563431117683649,4096,0.2446717768907547,0.0,1.2190475463867188
500,D0,validation_test_seen,train,scene_0103,128,896,0,200682,0.0028663119301199913,-0.0005103437579236925,0.05208522826433182,0.05294144153594971,0.9838271636212157,0.9664712449651275,0.0,0.0,54316,0.004241159185767174,0.0011006466811522841,0.0359615683555603,0.03799759969115257,0.9464168433758635,0.9693860772794795,0.0,0.0,146366,0.002356110140681267,-0.0011081775883212686,0.052333228290081024,0.052473071962594986,0.9973349440525676,0.9986242926948302,0.0,0.0,0.7345135775628883,0.9549703574677065,0.7694279074662442,0.002415220020338893,0.011807683855295181,0.011275988072156906,4096,0.24455006420612335,0.0,0.999404788017273
500,D0,validation_test_seen,train,scene_0104,128,1152,0,200697,0.002163368510082364,-0.0003634174936451018,0.048229921609163284,0.0484677329659462,0.9950934087024453,1.0008398462116996,0.0,0.0,52465,0.004772675223648548,-0.0003571596753317863,0.029551994055509567,0.0303192138671875,0.9746952604035607,0.9715878677665087,0.0,0.0,148232,0.001239834469743073,-0.00036563226603902876,0.051888104528188705,0.05203025043010712,0.9972680142658672,1.0002998478864982,0.0,0.0,0.611998807896372,0.8431797125444113,0.7246569988396796,0.0018708925927057862,0.007778441533446312,0.006558624096214771,4096,0.2450973391532898,0.0,0.7629454731941223
500,D0,validation_test_seen,train,scene_0105,128,1408,0,200704,0.003613704349845648,-0.0010498956544324756,0.04960513487458229,0.05086847394704819,0.9751645965675916,0.9685227820909472,0.0,0.0,55002,0.005409020930528641,0.0024157424923032522,0.037001993507146835,0.03774315118789673,0.9803631213233842,0.977003157727333,0.0,0.0,145702,0.0029359792824834585,-0.0023581620771437883,0.049558546394109726,0.05001714453101158,0.9908311811639404,0.9937043112447442,0.0,0.0,0.619894198725246,0.8564636822383718,0.7237858911482499,0.002196319866925478,0.01031164824962616,0.008831552229821682,4096,0.2445511519908905,0.0,1.0449953079223633
500,D0,validation_test_seen,train,scene_0106,128,1664,0,200309,0.004271737299859524,0.0001018083785311319,0.05594753473997116,0.057935118675231934,0.965692934083684,0.9817550163699916,0.0,0.0,98174,0.0056516812182962894,0.0003941408358514309,0.03804543614387512,0.040384773164987564,0.9420737857916067,0.9116252184576898,0.0,0.0,102135,0.0029453097376972437,-0.00017918695812113583,0.0517166405916214,0.053902383893728256,0.9594499696633793,0.9962374568470432,0.0,0.0,0.8113474955885767,1.100155646012085,0.734089897368995,0.0016285445308312774,0.005968934390693903,0.006566756870597601,4096,0.24241386353969574,0.0,0.9979329109191895
500,D0,validation_test_seen,train,scene_0107,128,1920,0,199994,0.004828555975109339,-0.0011934004724025726,0.057733118534088135,0.058338407427072525,0.9896245214828491,0.9861518530799573,0.0,0.0,66108,0.00957338884472847,-0.003511920338496566,0.04700437933206558,0.04761239513754845,0.987229884072701,1.0279414642675135,0.0,0.0,133886,0.0024857320822775364,-4.860056287725456e-05,0.049443118274211884,0.05165746808052063,0.9571339849088781,0.986792842180034,0.0,0.0,0.582997495416247,1.1488254643552023,0.49997865003814423,0.0034004184417426586,0.010132870636880398,0.011640899814665318,4096,0.2417294830083847,0.0,1.0717060565948486
500,D0,validation_test_seen,train,scene_0108,128,2176,0,199879,0.00507304398342967,-0.0026166716124862432,0.05399424955248833,0.05443450063467026,0.9919122784805795,1.0093805918383407,0.0,0.0,82022,0.008382569067180157,-0.005934051238000393,0.03705505281686783,0.037817005068063736,0.9798515971895572,0.9741090484345268,0.0,0.0,117857,0.002769795712083578,-0.00030795703059993684,0.0508398711681366,0.05369402468204498,0.9468441129006521,0.9913996993817742,0.0,0.0,0.6762371746247953,1.0043753007052667,0.6748263255124504,0.0020522908307611942,0.007075968664139509,0.007106928154826164,4096,0.24304786324501038,0.0,1.1075677871704102
500,D0,validation_test_seen,train,scene_0109,128,2432,0,199635,0.006352080963551998,-0.0029911522287875414,0.0560598187148571,0.054467979818582535,1.0292252237291806,1.1035613602528327,0.0,0.0,90009,0.009676694869995117,-0.00758194038644433,0.05266904458403587,0.04967711120843887,1.060227603876627,1.0678065178654212,0.0,0.0,109626,0.0036223907954990864,0.0007781384629197419,0.04804251343011856,0.05085480585694313,0.9446995740238263,1.021682284032333,0.0,0.0,0.7407978009551777,1.0040807410592998,0.7370822191460038,0.0018085644114762545,0.008185934275388718,0.008219338953495026,4096,0.2411898523569107,0.0,0.9048773646354675
500,D0,validation_test_seen,train,scene_0110,128,2688,0,200090,0.004306366667151451,-0.0019005369395017624,0.05174357816576958,0.05254792049527168,0.9846931653637087,1.0196202420406795,0.0,0.0,68702,0.007493991870433092,-0.00472875265404582,0.03528628498315811,0.03589851036667824,0.9829456604949155,0.9658023260955223,0.0,0.0,131388,0.0026395763270556927,-0.0004216803063172847,0.05069844424724579,0.053071681410074234,0.9552824199314335,0.9869743716140132,0.0,0.0,0.5627532509989788,0.8155276758875132,0.6905136482502873,0.0017709190724417567,0.0076749287545681,0.006259116809815168,4096,0.24347728490829468,0.0,0.8132491111755371
500,D0,validation_test_seen,train,scene_0111,128,2944,0,200582,0.00383359519764781,0.0012116447323933244,0.04561419412493706,0.045875683426856995,0.994300045636664,0.9990046439528473,0.0,0.0,85341,0.006093483418226242,0.0022923671640455723,0.02974834479391575,0.02907377853989601,1.0232018777020702,1.0111159688899498,0.0,0.0,115241,0.0021600485779345036,0.0004113222530577332,0.050556741654872894,0.05075240507721901,0.996144745809614,1.0000579603863369,0.0,0.0,0.5043088701873382,0.9415867980000997,0.5345979814485493,0.0021777707152068615,0.006728209555149078,0.006335193291306496,4096,0.24404491484165192,0.0,1.1680904626846313
500,D0,validation_test_seen,train,scene_0112,128,3200,0,200135,0.004288440570235252,0.000840495340526104,0.05237393081188202,0.05462484434247017,0.9587932275563833,1.0035606325468562,0.0,0.0,68226,0.006067220121622086,0.001385301467962563,0.041736554354429245,0.04084191843867302,1.0219048455595832,1.0110007818142261,0.0,0.0,131909,0.0033684202935546637,0.0005587104824371636,0.05315687507390976,0.056647252291440964,0.9383839978755937,0.9885146581051761,0.0,0.0,0.6664179924930983,0.9615485594021755,0.6930561675846189,0.0026669660583138466,0.00982955377548933,0.009451593272387981,4096,0.24431797862052917,0.0,1.0306519269943237
500,D0,validation_test_seen,train,scene_0113,128,3456,0,200704,0.003240349004045129,-0.0010780051816254854,0.052817754447460175,0.05266651511192322,1.0028716412167304,0.9882478296815012,0.0,0.0,67285,0.00609230063855648,-0.002170710125938058,0.037265878170728683,0.037633322179317474,0.9902362059124631,0.9932438375216097,0.0,0.0,133419,0.0018020716961473227,-0.0005269394023343921,0.05222942307591438,0.0523630753159523,0.9974475861237814,0.9923830058744582,0.0,0.0,0.5743028753818533,0.8247470407970295,0.6973276853927216,0.002563951537013054,0.010529140010476112,0.008683877065777779,4096,0.24371813237667084,0.0,0.9317263960838318
500,D0,validation_test_seen,train,scene_0114,128,3712,0,199834,0.004123212303966284,7.786766946082935e-05,0.05472638085484505,0.057798922061920166,0.9468408562397843,0.9662631411580483,0.0,0.0,58958,0.007939253933727741,0.0012988761300221086,0.05363951623439789,0.0569305457174778,0.9421922020664988,0.9191718692880719,0.0,0.0,140876,0.002526161726564169,-0.00043313641799613833,0.05028505623340607,0.053133003413677216,0.9463996575142213,0.9904475274212422,0.0,0.0,0.591640560381851,1.1183311144443482,0.5288328693100806,0.0032699876464903355,0.010604345239698887,0.011859169229865074,4096,0.2435503453016281,0.0,1.046250820159912
500,D0,validation_test_seen,train,scene_0115,128,3968,0,200648,0.0034523410722613335,-0.0009421036811545491,0.054730650037527084,0.05591801553964615,0.9787659577926685,0.9832006098564913,0.0,0.0,51118,0.008926508948206902,-0.001349023194052279,0.05302824825048447,0.05734998360276222,0.9246427796350826,0.9265181091701755,0.0,0.0,149530,0.0015809533651918173,-0.0008029951713979244,0.04962940514087677,0.04989656060934067,0.9946458139558845,0.9921585189633609,0.0,0.0,0.2886922271110094,0.815457350084173,0.35562191674877186,0.0026957751251757145,0.011162856593728065,0.009102833457291126,4096,0.243307426571846,0.0,1.0323588848114014
500,D0,validation_test_seen,train,scene_0116,128,4224,0,200682,0.005046232603490353,0.0023356000892817974,0.059445738792419434,0.06261704117059708,0.9493540046145332,0.9541821893561938,0.0,0.0,68868,0.009614457376301289,0.007781136780977249,0.04304635897278786,0.046667635440826416,0.9224028294163251,0.9691574536323826,0.0,0.0,131814,0.00265950127504766,-0.0005094941589049995,0.052024733275175095,0.051975592970848083,1.0009454496142944,0.9993181712006469,0.0,0.0,0.3681248357436249,0.9445689321023758,0.3929618430874379,0.0025826655328273773,0.010103420354425907,0.009543376974761486,4096,0.2419693022966385,0.0,1.1438204050064087
500,D0,validation_test_seen,train,scene_0117,128,4480,0,200501,0.003528953529894352,0.0004432793939486146,0.05293571203947067,0.0538739413022995,0.9825847294601262,0.9635644791256568,0.0,0.0,53935,0.008096321485936642,0.0018227342516183853,0.039362646639347076,0.03975345194339752,0.9901692737373627,1.0515954461074357,0.0,0.0,146566,0.0018482021987438202,-6.434793613152578e-05,0.05237264931201935,0.05313188582658768,0.985710341299642,0.9942425900516693,0.0,0.0,0.9435978600091304,1.3296381778949327,0.7062722658606244,0.0020889458246529102,0.0057647996582090855,0.007665097713470459,4096,0.2446032613515854,0.0,1.1141979694366455
500,D0,validation_test_seen,train,scene_0118,128,4736,0,200491,0.0043212538585066795,-0.0007941882940940559,0.05626323074102402,0.057867057621479034,0.9722842849390063,0.9473174183642233,0.0,0.0,65199,0.008767316117882729,-0.0016376841813325882,0.043984487652778625,0.04918580502271652,0.8942516572101308,0.8920631311177688,0.0,0.0,135292,0.0021786377765238285,-0.00038769643288105726,0.05165723338723183,0.05246668681502342,0.984572049867654,0.9953416375794036,0.0,0.0,0.494583399648703,0.8311919466419648,0.5922579123124815,0.001996980980038643,0.005581997334957123,0.004639711230993271,4096,0.24394206702709198,0.0,1.1008245944976807
500,D0,validation_test_seen,train,scene_0119,128,4992,0,199640,0.004565650597214699,0.0020251639652997255,0.05410439148545265,0.056304823607206345,0.9609192964158036,0.9660775889104937,0.0,0.0,70329,0.008172750473022461,0.004541468340903521,0.04056026414036751,0.04295191913843155,0.9443178548004834,0.9203975960291724,0.0,0.0,129311,0.0026038389187306166,0.0006566093070432544,0.05063339322805405,0.051717229187488556,0.9790430389163867,0.9965231296691166,0.0,0.0,0.43399089859738765,0.916042880909019,0.47153328171314574,0.0028127979021519423,0.010213229805231094,0.00935575645416975,4096,0.24349230527877808,0.0,1.2139641046524048
500,D0,validation_test_seen,train,scene_0120,128,5248,0,200686,0.0036497609689831734,0.0013976392801851034,0.05002134293317795,0.0505831353366375,0.9888936816644373,0.994856077912951,0.0,0.0,62231,0.007907475344836712,0.0028481902554631233,0.03271216154098511,0.03299010917544365,0.9915748191986756,0.9663239495183057,0.0,0.0,138455,0.0017360575729981065,0.0007456638850271702,0.05197748914361,0.052198220044374466,0.9957712944890301,0.9895679863029316,0.0,0.0,0.6798499845866384,1.1302055019743054,0.6023684751567103,0.0029693013057112694,0.009270037524402142,0.01047704741358757,4096,0.2445514053106308,0.0,1.2357571125030518
500,D0,validation_test_seen,train,scene_0121,128,5504,0,199742,0.004330412484705448,0.0022709937766194344,0.05160663649439812,0.05205470323562622,0.9913923869818271,0.9962823510442562,0.0,0.0,68418,0.008319580927491188,0.005214712116867304,0.041954927146434784,0.03979155048727989,1.0543677397000766,1.08226313513173,0.0,0.0,131324,0.0022521105129271746,0.0007373571279458702,0.05101971700787544,0.05136334151029587,0.9933099270351882,0.9989881496958734,0.0,0.0,0.6166385796125352,1.3122436890082696,0.47024627900252985,0.002884509740397334,0.008635847829282284,0.011332336813211441,4096,0.2439623326063156,0.0,1.0095068216323853
500,D0,validation_test_seen,train,scene_0122,128,5760,0,200023,0.004085730295628309,0.0004172801855020225,0.06329973042011261,0.06293501704931259,1.0057950786048766,1.0172056610385967,0.0,0.0,78065,0.006620343774557114,-0.00010111847950611264,0.04736656695604324,0.04501315951347351,1.0522826539617887,1.0354566340800169,0.0,0.0,121958,0.0024633309803903103,0.0007491057040169835,0.05556999891996384,0.056563809514045715,0.9824302747177045,0.9925385828764773,0.0,0.0,0.7318511529713737,0.9646662483933269,0.7580585479613391,0.0019141007214784622,0.007186685223132372,0.006932752672582865,4096,0.24223586916923523,0.0,1.138523817062378
500,D0,validation_test_seen,train,scene_0123,128,6016,0,200684,0.00409736530855298,-0.0015790094621479511,0.06105927377939224,0.05883701890707016,1.0377696714347817,1.0582888858847603,0.0,0.0,72385,0.007872451096773148,-0.004662803839892149,0.04990333318710327,0.04689929634332657,1.0640529192972457,1.0467346817528331,0.0,0.0,128299,0.0019675004296004772,0.00016083617811091244,0.052167076617479324,0.051957398653030396,1.0040355747186103,0.995535125986771,0.0,0.0,0.8903610794149345,0.9811614643477998,0.9064665670635675,0.0021808671299368143,0.012482126243412495,0.012246981263160706,4096,0.2415674775838852,0.0,0.967779278755188
500,D0,validation_test_seen,train,scene_0124,128,6272,0,200223,0.0050205965526402,-0.0009144393843598664,0.05020544305443764,0.04967567324638367,1.010664572283226,1.0302761554848967,0.0,0.0,71991,0.009831440635025501,-0.0026203065644949675,0.03695449233055115,0.034191593527793884,1.08080637717313,1.0901741733047798,0.0,0.0,128232,0.002319730119779706,4.3255295167909935e-05,0.05004209280014038,0.05110533535480499,0.9791950772403132,0.9874104460575992,0.0,0.0,0.6434964262174893,0.8793224682311641,0.7311400917450964,0.0022690040059387684,0.008394596166908741,0.007381557021290064,4096,0.24382776021957397,0.0,1.1168044805526733
500,D0,validation_test_seen,train,scene_0125,128,6528,0,200704,0.006512210238724947,0.0032658774871379137,0.060360897332429886,0.0626876950263977,0.9628827046043404,0.9634661304300741,0.0,0.0,61232,0.01607632264494896,0.008198515512049198,0.056097012013196945,0.055785808712244034,1.0055785388459306,1.0402066041598872,0.0,0.0,139472,0.0023133037611842155,0.001100315130315721,0.050064314156770706,0.05128074064850807,0.9762790771670972,0.9882134867862192,0.0,0.0,0.602285802894189,1.2934284157604343,0.4646238787646828,0.004122138023376465,0.011862926185131073,0.015343845821917057,4096,0.24164223670959473,0.0,1.5300453901290894
500,D0,validation_test_seen,train,scene_0126,128,6784,0,200700,0.002591511933133006,0.0007264527957886457,0.05031827092170715,0.05136072263121605,0.979703328611749,0.9744983524283428,0.0,0.0,60523,0.005301009863615036,0.003227574983611703,0.032307811081409454,0.03332030400633812,0.9696133347181926,0.9339282496767541,0.0,0.0,140177,0.001421655761078,-0.00035343473427928984,0.052988260984420776,0.053400807082653046,0.9922745343980712,0.9895312413697462,0.0,0.0,0.70683469470452,0.9908652090033069,0.7147859853175732,0.0018602554919198155,0.007858054712414742,0.0077862730249762535,4096,0.24486446380615234,0.0,0.9580462574958801
500,D0,validation_test_seen,train,scene_0127,128,7040,0,200161,0.003379661589860916,0.0007095591863617301,0.05009695515036583,0.05238356813788414,0.9563486591539644,0.9910043283854085,0.0,0.0,42698,0.008049890398979187,0.005898082163184881,0.03402306139469147,0.03676766902208328,0.9253526889141828,0.9120897223526563,0.0,0.0,157463,0.002113272435963154,-0.000697371840942651,0.05163450166583061,0.05304429680109024,0.9734223051245982,0.9887343195485512,0.0,0.0,0.5915715616748838,0.8345387220213074,0.7056176852706797,0.0023072680924087763,0.009289361536502838,0.007752331905066967,4096,0.2448195219039917,0.0,1.02681565284729
500,D0,validation_test_seen,train,scene_0128,128,7296,0,200671,0.0035029235295951366,0.0006281347014009953,0.056043840944767,0.05794762074947357,0.9671465406157531,0.9392198714433373,0.0,0.0,61355,0.005880165845155716,0.003957158420234919,0.048648420721292496,0.050289787352085114,0.9673618299615943,0.9863419628748791,0.0,0.0,139316,0.002455982146784663,-0.0008379729115404189,0.05099314823746681,0.051738664507865906,0.9855907322407645,0.9569975854274821,0.0,0.0,0.4515312444225215,0.9038672185597457,0.4994892895458019,0.0019571930170059204,0.007903825491666794,0.0071440087631344795,4096,0.24384284019470215,0.0,1.0039576292037964
500,D0,validation_test_seen,train,scene_0129,128,7552,0,200043,0.0031220430973917246,-0.0002856802602764219,0.05428732931613922,0.05616459250450134,0.9665756822109647,1.0092430304274196,0.0,0.0,59425,0.005036697722971439,0.0001698250271147117,0.044076696038246155,0.04574619233608246,0.9635052402706863,0.9509918783388904,0.0,0.0,140618,0.0023129123728722334,-0.0004781763127539307,0.054280348122119904,0.056242913007736206,0.9651055612047272,0.99515653472735,0.0,0.0,0.7708939706899302,1.1478268742620776,0.6700603196143612,0.0014006518758833408,0.00458768755197525,0.005265871062874794,4096,0.24458149075508118,0.0,1.0544965267181396
500,D0,validation_test_seen,train,scene_0100,192,192,0,198401,0.004725748207420111,-0.00014012481551617384,0.0880635529756546,0.08828484266996384,0.9974934576806521,0.9884107283676917,0.0,0.0,54212,0.007149634882807732,-0.0012619137996807694,0.053318534046411514,0.05435025691986084,0.9810171481807235,1.0028612001287887,0.0,0.0,144189,0.0038144185673445463,0.0002816439955495298,0.08765672147274017,0.08812298625707626,0.9947089311865138,0.9893734685672237,0.0,0.0,0.6621656610207489,1.0151569154323687,0.6268025584391991,0.0023463722318410873,0.007397410459816456,0.007509532384574413,4096,0.2407071888446808,0.0,1.282813310623169
500,D0,validation_test_seen,train,scene_0129,192,7616,0,199019,0.0039368849247694016,-0.0001611126062925905,0.08525072038173676,0.08601099997758865,0.9911606701927661,0.9861858825963827,0.0,0.0,57613,0.0055718147195875645,0.00019005777721758932,0.05771126225590706,0.05941979959607124,0.9712463294763931,0.9328374854243113,0.0,0.0,141406,0.003270765533670783,-0.0003041898598894477,0.08616643399000168,0.08663759380578995,0.9945617162816821,0.9889312887578112,0.0,0.0,0.7467746789984749,1.1187767199144159,0.645918135778047,0.0017896562349051237,0.00579006876796484,0.006477794144302607,4096,0.24119220674037933,0.0,1.0361651182174683
500,D0,train,eval,scene_0000,128,128,0,199291,0.003012200118973851,-0.0017662598984315991,0.04975346103310585,0.05072623863816261,0.980822989616957,1.0003853287740871,0.0,0.0,97957,0.003517524339258671,-0.002691547153517604,0.04354146867990494,0.04420310631394386,0.9850318746981316,0.9979066371363692,0.0,0.0,101334,0.0025237160734832287,-0.0008718080935068429,0.05206848680973053,0.05377337336540222,0.9682949673979611,0.9898554936580649,0.0,0.0,0.7600545385636571,0.9010238886404598,0.8425269260582241,0.0013390261447057128,0.008893096819519997,0.008012892678380013,4096,0.24366500973701477,0.0,0.6472285985946655
500,D0,train,eval,scene_0006,128,1664,0,200073,0.0022522222716361284,-0.0007611630717292428,0.06335416436195374,0.06395228207111359,0.990647437592692,0.9795793300321228,0.0,0.0,62719,0.0034099139738827944,-0.0007041925564408302,0.052817508578300476,0.05385834351181984,0.9806745832557784,0.9603914721276111,0.0,0.0,137354,0.0017235934501513839,-0.0007871770649217069,0.05245795473456383,0.0529913492500782,0.9899343095983995,0.9863595563689324,0.0,0.0,0.5706723574074376,1.1968404272772823,0.4769075014462943,0.0022718938998878,0.008401311933994293,0.010055029764771461,4096,0.24205195903778076,0.0,0.7535671591758728
500,D0,train,eval,scene_0013,128,3456,0,200704,0.004067822825163603,-0.0030318291392177343,0.07057403773069382,0.0688348039984703,1.0252667783039255,1.007002634707472,0.0,0.0,89703,0.006964728236198425,-0.0054403264075517654,0.04770270362496376,0.04699346423149109,1.0150922985796267,1.0332237067516647,0.0,0.0,111001,0.001726752263493836,-0.0010854564607143402,0.0512043833732605,0.05120379477739334,1.0000114951610464,0.9957332671948412,0.0,0.0,0.7680751366197514,1.0058385964475356,0.7634429395505045,0.0019218591041862965,0.00777825340628624,0.007823667488992214,4096,0.23687362670898438,0.0,0.9570258259773254
500,D0,train,eval,scene_0019,128,4992,0,200704,0.001885611447505653,-0.0006034605903550982,0.05567387118935585,0.055892203003168106,0.9960936981889964,0.9946331894543176,0.0,0.0,58792,0.0034479484893381596,-0.0010830488754436374,0.04365577921271324,0.04431021586060524,0.9852305696286657,0.9665890078678124,0.0,0.0,141912,0.0012383584398776293,-0.0004047745023854077,0.051985859870910645,0.05229644477367401,0.9940610704206089,0.995871871085277,0.0,0.0,0.4302476986228066,0.8111660791833936,0.5303830810583341,0.002378035569563508,0.011479240842163563,0.009311570785939693,4096,0.24314187467098236,0.0,0.7194551825523376
500,D0,train,eval,scene_0026,128,6784,0,200606,0.002445271937176585,-0.0017887302674353123,0.05439043790102005,0.05439907684922218,0.9998411931102053,0.9982956579423006,0.0,0.0,73365,0.0031744756270200014,-0.002598409540951252,0.03988072648644447,0.03955148905515671,1.0083242739819132,1.004921468485249,0.0,0.0,127241,0.002024825429543853,-0.0013218829408288002,0.05352231115102768,0.05409681051969528,0.9893801619143805,0.9856569044274751,0.0,0.0,0.8300709191162337,0.9795916208955855,0.8457110584105838,0.001504615880548954,0.00924619846045971,0.009057498537003994,4096,0.24398604035377502,0.0,0.696715235710144
500,D0,train,eval,scene_0033,128,8576,0,199769,0.002592631848528981,-0.00021222399664111435,0.06677750498056412,0.06836948543787003,0.9767150440417955,0.9810218798519927,0.0,0.0,68040,0.003788754576817155,0.0010474451119080186,0.061373379081487656,0.06265620142221451,0.9795260116060589,0.9725329926546454,0.0,0.0,131729,0.0019748166669160128,-0.0008628619252704084,0.05572943016886711,0.05706477537751198,0.9765994836602634,0.9955278873252692,0.0,0.0,0.570798467045157,1.1621941413932846,0.4897485193654448,0.002655584132298827,0.010004051961004734,0.0116266505792737,4096,0.2416577935218811,0.0,0.6998705863952637
500,D0,train,eval,scene_0039,128,10112,0,200702,0.002402014099061489,-0.0010745434556156397,0.05668756365776062,0.0558958500623703,1.0141640854286482,1.031141589850332,0.0,0.0,79754,0.003698822809383273,-0.001742999884299934,0.05209039896726608,0.05079520866274834,1.025498277074066,1.0453919866945205,0.0,0.0,120948,0.0015468890778720379,-0.0006337583181448281,0.0513470433652401,0.051167383790016174,1.0035112128453005,0.999612161631436,0.0,0.0,0.7756851840877048,0.9236430491378657,0.8398034771654574,0.0018928020726889372,0.010834875516593456,0.010007557459175587,4096,0.2420702576637268,0.0,0.6049526333808899
500,D0,train,eval,scene_0046,128,11904,0,200574,0.0019516914617270231,-0.00088685960508883,0.0525544248521328,0.053314391523599625,0.9857455623191268,0.9897195447666449,0.0,0.0,61885,0.0030222877394407988,-0.000951557420194149,0.029288286343216896,0.02987593784928322,0.9803302741814874,1.0000738717282434,0.0,0.0,138689,0.0014739761827513576,-0.0008579904097132385,0.054164040833711624,0.05511162057518959,0.9828061717004825,0.9888413016705088,0.0,0.0,0.719748385422065,0.9625558261199699,0.7477458541230518,0.0015905745094642043,0.00677051255479455,0.006516996305435896,4096,0.24390250444412231,0.0,0.7209848165512085
500,D0,train,eval,scene_0052,128,13440,0,200635,0.0029371974524110556,-0.0021243803203105927,0.05356565862894058,0.053535621613264084,1.0005610659738573,0.9971660193858624,0.0,0.0,91160,0.004382092505693436,-0.00350022129714489,0.032136883586645126,0.03297131881117821,0.9746920883173716,0.9740177723988538,0.0,0.0,109475,0.0017340308986604214,-0.0009787154849618673,0.054647862911224365,0.05531821399927139,0.9878819101416424,0.9868544146903717,0.0,0.0,0.5952524553702441,0.840241031002019,0.7063443771392521,0.0013987200800329447,0.006577382795512676,0.005526586901396513,4096,0.24281935393810272,0.0,0.6915218830108643
500,D0,train,eval,scene_0059,128,15232,0,199735,0.003524751402437687,-0.0016940220957621932,0.06697509437799454,0.06833288073539734,0.9801298241375115,0.9824544338338054,0.0,0.0,85876,0.0044772811233997345,-0.0024155399296432734,0.05036870390176773,0.05037938058376312,0.9997880743694806,0.9927158594362168,0.0,0.0,113859,0.00280632427893579,-0.0011498307576403022,0.05881912261247635,0.06215624138712883,0.9463108016157565,0.9795339637379711,0.0,0.0,0.7590226993932118,0.9709645603687211,0.7806744693791116,0.0017732237465679646,0.009780775755643845,0.009496786631643772,4096,0.2404804676771164,0.0,0.7340785264968872
500,D0,train,eval,scene_0066,128,17024,0,200531,0.0021560005843639374,-0.0007921570795588195,0.04650111496448517,0.04653300344944,0.9993147125138939,1.0002384185679714,0.0,0.0,53207,0.0035563341807574034,-0.0003903103352058679,0.03867800533771515,0.03818947449326515,1.012792290308581,1.012915700294418,0.0,0.0,147324,0.001650261110626161,-0.0009372864733450115,0.04745717719197273,0.047568727284669876,0.9976549699967884,0.9943350927664014,0.0,0.0,0.48740066175259367,0.7889433430890718,0.6127082183852638,0.0021050795912742615,0.009781885892152786,0.007717353757470846,4096,0.24470657110214233,0.0,0.73122239112854
500,D0,train,eval,scene_0072,128,18560,0,200356,0.00229258113540709,-0.00077859713928774,0.055576059967279434,0.05605534091591835,0.9914498611406569,0.9933787334307367,0.0,0.0,66762,0.0035317663569003344,-0.001220280071720481,0.04117584601044655,0.04116056486964226,1.0003712568292658,1.0220265180684094,0.0,0.0,133594,0.0016733133234083652,-0.0005578715354204178,0.05299767479300499,0.05397564545273781,0.9818812604920278,0.9929746911636512,0.0,0.0,0.8040151917291515,1.0024085098984854,0.8014113947066154,0.0023750050459057093,0.011699389666318893,0.01172756776213646,4096,0.243722066283226,0.0,0.7355518341064453
500,D0,train,eval,scene_0079,128,20352,0,200683,0.002732799854129553,-0.001228658715263009,0.061194777488708496,0.06036735698580742,1.0137064225471326,1.0053457532702956,0.0,0.0,98725,0.0036029198672622442,-0.00215903134085238,0.04007910564541817,0.039067342877388,1.0258979160985062,1.025166971756847,0.0,0.0,101958,0.0018902705051004887,-0.0003277873620390892,0.05708226189017296,0.05715063586831093,0.9988036182432769,0.9930274183276138,0.0,0.0,0.7785619967874234,1.0318347950312337,0.7544604067497024,0.0011897825170308352,0.005860729143023491,0.006047304254025221,4096,0.2401193231344223,0.0,0.7020163536071777
500,D0,train,eval,scene_0085,128,21888,0,200633,0.00282537960447371,-0.00021157314768061042,0.05018181726336479,0.050385165959596634,0.9959641157797335,1.007737949021761,0.0,0.0,90883,0.003540064673870802,0.0003116742300335318,0.03862239420413971,0.038099657744169235,1.0137202403097827,1.0147193398010206,0.0,0.0,109750,0.0022335550747811794,-0.0006448696367442608,0.05265757068991661,0.053024355322122574,0.9930827139721408,0.9959712496194163,0.0,0.0,0.7169839017559032,0.9338827072910704,0.7678639951236742,0.0017427514540031552,0.008934836834669113,0.008344089612364769,4096,0.24277512729167938,0.0,0.7691118717193604
500,D0,train,eval,scene_0092,128,23680,0,200680,0.002340159611776471,-0.0010914193699136376,0.05213282257318497,0.05243854597210884,0.9941698726908544,0.9973943690186884,0.0,0.0,55656,0.003998974338173866,-0.0014623013557866216,0.037231069058179855,0.037250760942697525,0.9994713696037523,1.009880597859692,0.0,0.0,145024,0.0017035548808053136,-0.0009490855736657977,0.052266959100961685,0.05279667675495148,0.9899668371846887,0.9905840559568383,0.0,0.0,0.6324012070920336,0.919527854503405,0.6868602400796313,0.002443197648972273,0.009336077608168125,0.008584783412516117,4096,0.2444296032190323,0.0,0.812690019607544
500,D0,train,eval,scene_0099,128,25472,0,200699,0.002354016061872244,-0.0007740519940853119,0.05526121333241463,0.05544103682041168,0.9967564912507039,0.9929418176536601,0.0,0.0,77958,0.0033376365900039673,-0.0011654453119263053,0.04304689168930054,0.0436473973095417,0.9862418916760957,0.9975847957081416,0.0,0.0,122741,0.0017292773118242621,-0.0005254615098237991,0.05073581635951996,0.05100555345416069,0.9947116132190753,0.9937544880873844,0.0,0.0,0.5028602778287441,0.9612927951775141,0.5236922024762749,0.002078232355415821,0.0100361043587327,0.00964763481169939,4096,0.24274955689907074,0.0,0.7375806570053101
500,D0,validation_test_seen,eval,scene_0100,128,128,0,199556,0.0031374760437756777,-0.00012343165872152895,0.051747214049100876,0.052054379135370255,0.9940991499395165,0.9878315730554625,0.0,0.0,57517,0.00550926523283124,-0.0001059724745573476,0.03625044226646423,0.037038180977106094,0.9787317117131434,1.0098924384616594,0.0,0.0,142039,0.00217704800888896,-0.00013050153211224824,0.05294281244277954,0.053139571100473404,0.9962973231883667,0.9875674674747466,0.0,0.0,0.5476724796517833,0.9355332898285781,0.5842288025960218,0.0018858070252463222,0.005813529249280691,0.005438750144094229,4096,0.24486827850341797,0.0,1.126461148262024
500,D0,validation_test_seen,eval,scene_0101,128,384,0,200668,0.002960304031148553,-0.0008562006405554712,0.05582783743739128,0.05655544623732567,0.9871345936007454,0.9901453093021045,0.0,0.0,66409,0.004444656893610954,-0.0017653197282925248,0.050887830555438995,0.053048230707645416,0.9592747934589445,0.9439572246390939,0.0,0.0,134259,0.0022260930854827166,-0.0004065198008902371,0.04831898212432861,0.04894638806581497,0.9871817724191879,0.9948352783232526,0.0,0.0,0.6267044384250783,0.8772634764282378,0.7109459902210183,0.0014890696620568633,0.0050209034234285355,0.0044046551920473576,4096,0.24437472224235535,0.0,0.9677673578262329
500,D0,validation_test_seen,eval,scene_0102,128,640,0,200285,0.003103261347860098,-0.0005814717151224613,0.05095047876238823,0.05198422446846962,0.980114242029168,0.9960288402444478,0.0,0.0,48268,0.006119495257735252,-0.00032021396327763796,0.03773843124508858,0.03879689425230026,0.9727178417857782,0.9558306708654822,0.0,0.0,152017,0.0021455553360283375,-0.0006644255481660366,0.049197930842638016,0.050269003957509995,0.9786931701336811,0.9839787191165863,0.0,0.0,0.4209997220484005,0.7501459326308556,0.5606095997135618,0.0023989444598555565,0.008749539032578468,0.006563431117683649,4096,0.2446717768907547,0.0,1.3197431564331055
500,D0,validation_test_seen,eval,scene_0103,128,896,0,200682,0.0028663119301199913,-0.0005103437579236925,0.05208522826433182,0.05294144153594971,0.9838271636212157,0.9664712449651275,0.0,0.0,54316,0.004241159185767174,0.0011006466811522841,0.0359615683555603,0.03799759969115257,0.9464168433758635,0.9693860772794795,0.0,0.0,146366,0.002356110140681267,-0.0011081775883212686,0.052333228290081024,0.052473071962594986,0.9973349440525676,0.9986242926948302,0.0,0.0,0.7345135775628883,0.9549703574677065,0.7694279074662442,0.002415220020338893,0.011807683855295181,0.011275988072156906,4096,0.24455006420612335,0.0,1.1092679500579834
500,D0,validation_test_seen,eval,scene_0104,128,1152,0,200697,0.002163368510082364,-0.0003634174936451018,0.048229921609163284,0.0484677329659462,0.9950934087024453,1.0008398462116996,0.0,0.0,52465,0.004772675223648548,-0.0003571596753317863,0.029551994055509567,0.0303192138671875,0.9746952604035607,0.9715878677665087,0.0,0.0,148232,0.001239834469743073,-0.00036563226603902876,0.051888104528188705,0.05203025043010712,0.9972680142658672,1.0002998478864982,0.0,0.0,0.611998807896372,0.8431797125444113,0.7246569988396796,0.0018708925927057862,0.007778441533446312,0.006558624096214771,4096,0.2450973391532898,0.0,0.8677985072135925
500,D0,validation_test_seen,eval,scene_0105,128,1408,0,200704,0.003613704349845648,-0.0010498956544324756,0.04960513487458229,0.05086847394704819,0.9751645965675916,0.9685227820909472,0.0,0.0,55002,0.005409020930528641,0.0024157424923032522,0.037001993507146835,0.03774315118789673,0.9803631213233842,0.977003157727333,0.0,0.0,145702,0.0029359792824834585,-0.0023581620771437883,0.049558546394109726,0.05001714453101158,0.9908311811639404,0.9937043112447442,0.0,0.0,0.619894198725246,0.8564636822383718,0.7237858911482499,0.002196319866925478,0.01031164824962616,0.008831552229821682,4096,0.2445511519908905,0.0,1.1366503238677979
500,D0,validation_test_seen,eval,scene_0106,128,1664,0,200309,0.004271737299859524,0.0001018083785311319,0.05594753473997116,0.057935118675231934,0.965692934083684,0.9817550163699916,0.0,0.0,98174,0.0056516812182962894,0.0003941408358514309,0.03804543614387512,0.040384773164987564,0.9420737857916067,0.9116252184576898,0.0,0.0,102135,0.0029453097376972437,-0.00017918695812113583,0.0517166405916214,0.053902383893728256,0.9594499696633793,0.9962374568470432,0.0,0.0,0.8113474955885767,1.100155646012085,0.734089897368995,0.0016285445308312774,0.005968934390693903,0.006566756870597601,4096,0.24241386353969574,0.0,1.0651562213897705
500,D0,validation_test_seen,eval,scene_0107,128,1920,0,199994,0.004828555975109339,-0.0011934004724025726,0.057733118534088135,0.058338407427072525,0.9896245214828491,0.9861518530799573,0.0,0.0,66108,0.00957338884472847,-0.003511920338496566,0.04700437933206558,0.04761239513754845,0.987229884072701,1.0279414642675135,0.0,0.0,133886,0.0024857320822775364,-4.860056287725456e-05,0.049443118274211884,0.05165746808052063,0.9571339849088781,0.986792842180034,0.0,0.0,0.582997495416247,1.1488254643552023,0.49997865003814423,0.0034004184417426586,0.010132870636880398,0.011640899814665318,4096,0.2417294830083847,0.0,1.1848057508468628
500,D0,validation_test_seen,eval,scene_0108,128,2176,0,199879,0.00507304398342967,-0.0026166716124862432,0.05399424955248833,0.05443450063467026,0.9919122784805795,1.0093805918383407,0.0,0.0,82022,0.008382569067180157,-0.005934051238000393,0.03705505281686783,0.037817005068063736,0.9798515971895572,0.9741090484345268,0.0,0.0,117857,0.002769795712083578,-0.00030795703059993684,0.0508398711681366,0.05369402468204498,0.9468441129006521,0.9913996993817742,0.0,0.0,0.6762371746247953,1.0043753007052667,0.6748263255124504,0.0020522908307611942,0.007075968664139509,0.007106928154826164,4096,0.24304786324501038,0.0,1.1877467632293701
500,D0,validation_test_seen,eval,scene_0109,128,2432,0,199635,0.006352080963551998,-0.0029911522287875414,0.0560598187148571,0.054467979818582535,1.0292252237291806,1.1035613602528327,0.0,0.0,90009,0.009676694869995117,-0.00758194038644433,0.05266904458403587,0.04967711120843887,1.060227603876627,1.0678065178654212,0.0,0.0,109626,0.0036223907954990864,0.0007781384629197419,0.04804251343011856,0.05085480585694313,0.9446995740238263,1.021682284032333,0.0,0.0,0.7407978009551777,1.0040807410592998,0.7370822191460038,0.0018085644114762545,0.008185934275388718,0.008219338953495026,4096,0.2411898523569107,0.0,0.9919309616088867
500,D0,validation_test_seen,eval,scene_0110,128,2688,0,200090,0.004306366667151451,-0.0019005369395017624,0.05174357816576958,0.05254792049527168,0.9846931653637087,1.0196202420406795,0.0,0.0,68702,0.007493991870433092,-0.00472875265404582,0.03528628498315811,0.03589851036667824,0.9829456604949155,0.9658023260955223,0.0,0.0,131388,0.0026395763270556927,-0.0004216803063172847,0.05069844424724579,0.053071681410074234,0.9552824199314335,0.9869743716140132,0.0,0.0,0.5627532509989788,0.8155276758875132,0.6905136482502873,0.0017709190724417567,0.0076749287545681,0.006259116809815168,4096,0.24347728490829468,0.0,0.9126285314559937
500,D0,validation_test_seen,eval,scene_0111,128,2944,0,200582,0.00383359519764781,0.0012116447323933244,0.04561419412493706,0.045875683426856995,0.994300045636664,0.9990046439528473,0.0,0.0,85341,0.006093483418226242,0.0022923671640455723,0.02974834479391575,0.02907377853989601,1.0232018777020702,1.0111159688899498,0.0,0.0,115241,0.0021600485779345036,0.0004113222530577332,0.050556741654872894,0.05075240507721901,0.996144745809614,1.0000579603863369,0.0,0.0,0.5043088701873382,0.9415867980000997,0.5345979814485493,0.0021777707152068615,0.006728209555149078,0.006335193291306496,4096,0.24404491484165192,0.0,1.25041663646698
500,D0,validation_test_seen,eval,scene_0112,128,3200,0,200135,0.004288440570235252,0.000840495340526104,0.05237393081188202,0.05462484434247017,0.9587932275563833,1.0035606325468562,0.0,0.0,68226,0.006067220121622086,0.001385301467962563,0.041736554354429245,0.04084191843867302,1.0219048455595832,1.0110007818142261,0.0,0.0,131909,0.0033684202935546637,0.0005587104824371636,0.05315687507390976,0.056647252291440964,0.9383839978755937,0.9885146581051761,0.0,0.0,0.6664179924930983,0.9615485594021755,0.6930561675846189,0.0026669660583138466,0.00982955377548933,0.009451593272387981,4096,0.24431797862052917,0.0,1.1008989810943604
500,D0,validation_test_seen,eval,scene_0113,128,3456,0,200704,0.003240349004045129,-0.0010780051816254854,0.052817754447460175,0.05266651511192322,1.0028716412167304,0.9882478296815012,0.0,0.0,67285,0.00609230063855648,-0.002170710125938058,0.037265878170728683,0.037633322179317474,0.9902362059124631,0.9932438375216097,0.0,0.0,133419,0.0018020716961473227,-0.0005269394023343921,0.05222942307591438,0.0523630753159523,0.9974475861237814,0.9923830058744582,0.0,0.0,0.5743028753818533,0.8247470407970295,0.6973276853927216,0.002563951537013054,0.010529140010476112,0.008683877065777779,4096,0.24371813237667084,0.0,1.0203741788864136
500,D0,validation_test_seen,eval,scene_0114,128,3712,0,199834,0.004123212303966284,7.786766946082935e-05,0.05472638085484505,0.057798922061920166,0.9468408562397843,0.9662631411580483,0.0,0.0,58958,0.007939253933727741,0.0012988761300221086,0.05363951623439789,0.0569305457174778,0.9421922020664988,0.9191718692880719,0.0,0.0,140876,0.002526161726564169,-0.00043313641799613833,0.05028505623340607,0.053133003413677216,0.9463996575142213,0.9904475274212422,0.0,0.0,0.591640560381851,1.1183311144443482,0.5288328693100806,0.0032699876464903355,0.010604345239698887,0.011859169229865074,4096,0.2435503453016281,0.0,1.1380181312561035
500,D0,validation_test_seen,eval,scene_0115,128,3968,0,200648,0.0034523410722613335,-0.0009421036811545491,0.054730650037527084,0.05591801553964615,0.9787659577926685,0.9832006098564913,0.0,0.0,51118,0.008926508948206902,-0.001349023194052279,0.05302824825048447,0.05734998360276222,0.9246427796350826,0.9265181091701755,0.0,0.0,149530,0.0015809533651918173,-0.0008029951713979244,0.04962940514087677,0.04989656060934067,0.9946458139558845,0.9921585189633609,0.0,0.0,0.2886922271110094,0.815457350084173,0.35562191674877186,0.0026957751251757145,0.011162856593728065,0.009102833457291126,4096,0.243307426571846,0.0,1.1486011743545532
500,D0,validation_test_seen,eval,scene_0116,128,4224,0,200682,0.005046232603490353,0.0023356000892817974,0.059445738792419434,0.06261704117059708,0.9493540046145332,0.9541821893561938,0.0,0.0,68868,0.009614457376301289,0.007781136780977249,0.04304635897278786,0.046667635440826416,0.9224028294163251,0.9691574536323826,0.0,0.0,131814,0.00265950127504766,-0.0005094941589049995,0.052024733275175095,0.051975592970848083,1.0009454496142944,0.9993181712006469,0.0,0.0,0.3681248357436249,0.9445689321023758,0.3929618430874379,0.0025826655328273773,0.010103420354425907,0.009543376974761486,4096,0.2419693022966385,0.0,1.2393245697021484
500,D0,validation_test_seen,eval,scene_0117,128,4480,0,200501,0.003528953529894352,0.0004432793939486146,0.05293571203947067,0.0538739413022995,0.9825847294601262,0.9635644791256568,0.0,0.0,53935,0.008096321485936642,0.0018227342516183853,0.039362646639347076,0.03975345194339752,0.9901692737373627,1.0515954461074357,0.0,0.0,146566,0.0018482021987438202,-6.434793613152578e-05,0.05237264931201935,0.05313188582658768,0.985710341299642,0.9942425900516693,0.0,0.0,0.9435978600091304,1.3296381778949327,0.7062722658606244,0.0020889458246529102,0.0057647996582090855,0.007665097713470459,4096,0.2446032613515854,0.0,1.2147002220153809
500,D0,validation_test_seen,eval,scene_0118,128,4736,0,200491,0.0043212538585066795,-0.0007941882940940559,0.05626323074102402,0.057867057621479034,0.9722842849390063,0.9473174183642233,0.0,0.0,65199,0.008767316117882729,-0.0016376841813325882,0.043984487652778625,0.04918580502271652,0.8942516572101308,0.8920631311177688,0.0,0.0,135292,0.0021786377765238285,-0.00038769643288105726,0.05165723338723183,0.05246668681502342,0.984572049867654,0.9953416375794036,0.0,0.0,0.494583399648703,0.8311919466419648,0.5922579123124815,0.001996980980038643,0.005581997334957123,0.004639711230993271,4096,0.24394206702709198,0.0,1.1875250339508057
500,D0,validation_test_seen,eval,scene_0119,128,4992,0,199640,0.004565650597214699,0.0020251639652997255,0.05410439148545265,0.056304823607206345,0.9609192964158036,0.9660775889104937,0.0,0.0,70329,0.008172750473022461,0.004541468340903521,0.04056026414036751,0.04295191913843155,0.9443178548004834,0.9203975960291724,0.0,0.0,129311,0.0026038389187306166,0.0006566093070432544,0.05063339322805405,0.051717229187488556,0.9790430389163867,0.9965231296691166,0.0,0.0,0.43399089859738765,0.916042880909019,0.47153328171314574,0.0028127979021519423,0.010213229805231094,0.00935575645416975,4096,0.24349230527877808,0.0,1.3110663890838623
500,D0,validation_test_seen,eval,scene_0120,128,5248,0,200686,0.0036497609689831734,0.0013976392801851034,0.05002134293317795,0.0505831353366375,0.9888936816644373,0.994856077912951,0.0,0.0,62231,0.007907475344836712,0.0028481902554631233,0.03271216154098511,0.03299010917544365,0.9915748191986756,0.9663239495183057,0.0,0.0,138455,0.0017360575729981065,0.0007456638850271702,0.05197748914361,0.052198220044374466,0.9957712944890301,0.9895679863029316,0.0,0.0,0.6798499845866384,1.1302055019743054,0.6023684751567103,0.0029693013057112694,0.009270037524402142,0.01047704741358757,4096,0.2445514053106308,0.0,1.3163645267486572
500,D0,validation_test_seen,eval,scene_0121,128,5504,0,199742,0.004330412484705448,0.0022709937766194344,0.05160663649439812,0.05205470323562622,0.9913923869818271,0.9962823510442562,0.0,0.0,68418,0.008319580927491188,0.005214712116867304,0.041954927146434784,0.03979155048727989,1.0543677397000766,1.08226313513173,0.0,0.0,131324,0.0022521105129271746,0.0007373571279458702,0.05101971700787544,0.05136334151029587,0.9933099270351882,0.9989881496958734,0.0,0.0,0.6166385796125352,1.3122436890082696,0.47024627900252985,0.002884509740397334,0.008635847829282284,0.011332336813211441,4096,0.2439623326063156,0.0,1.0854729413986206
500,D0,validation_test_seen,eval,scene_0122,128,5760,0,200023,0.004085730295628309,0.0004172801855020225,0.06329973042011261,0.06293501704931259,1.0057950786048766,1.0172056610385967,0.0,0.0,78065,0.006620343774557114,-0.00010111847950611264,0.04736656695604324,0.04501315951347351,1.0522826539617887,1.0354566340800169,0.0,0.0,121958,0.0024633309803903103,0.0007491057040169835,0.05556999891996384,0.056563809514045715,0.9824302747177045,0.9925385828764773,0.0,0.0,0.7318511529713737,0.9646662483933269,0.7580585479613391,0.0019141007214784622,0.007186685223132372,0.006932752672582865,4096,0.24223586916923523,0.0,1.2178095579147339
500,D0,validation_test_seen,eval,scene_0123,128,6016,0,200684,0.00409736530855298,-0.0015790094621479511,0.06105927377939224,0.05883701890707016,1.0377696714347817,1.0582888858847603,0.0,0.0,72385,0.007872451096773148,-0.004662803839892149,0.04990333318710327,0.04689929634332657,1.0640529192972457,1.0467346817528331,0.0,0.0,128299,0.0019675004296004772,0.00016083617811091244,0.052167076617479324,0.051957398653030396,1.0040355747186103,0.995535125986771,0.0,0.0,0.8903610794149345,0.9811614643477998,0.9064665670635675,0.0021808671299368143,0.012482126243412495,0.012246981263160706,4096,0.2415674775838852,0.0,1.0327801704406738
500,D0,validation_test_seen,eval,scene_0124,128,6272,0,200223,0.0050205965526402,-0.0009144393843598664,0.05020544305443764,0.04967567324638367,1.010664572283226,1.0302761554848967,0.0,0.0,71991,0.009831440635025501,-0.0026203065644949675,0.03695449233055115,0.034191593527793884,1.08080637717313,1.0901741733047798,0.0,0.0,128232,0.002319730119779706,4.3255295167909935e-05,0.05004209280014038,0.05110533535480499,0.9791950772403132,0.9874104460575992,0.0,0.0,0.6434964262174893,0.8793224682311641,0.7311400917450964,0.0022690040059387684,0.008394596166908741,0.007381557021290064,4096,0.24382776021957397,0.0,1.1950889825820923
500,D0,validation_test_seen,eval,scene_0125,128,6528,0,200704,0.006512210238724947,0.0032658774871379137,0.060360897332429886,0.0626876950263977,0.9628827046043404,0.9634661304300741,0.0,0.0,61232,0.01607632264494896,0.008198515512049198,0.056097012013196945,0.055785808712244034,1.0055785388459306,1.0402066041598872,0.0,0.0,139472,0.0023133037611842155,0.001100315130315721,0.050064314156770706,0.05128074064850807,0.9762790771670972,0.9882134867862192,0.0,0.0,0.602285802894189,1.2934284157604343,0.4646238787646828,0.004122138023376465,0.011862926185131073,0.015343845821917057,4096,0.24164223670959473,0.0,1.607435941696167
500,D0,validation_test_seen,eval,scene_0126,128,6784,0,200700,0.002591511933133006,0.0007264527957886457,0.05031827092170715,0.05136072263121605,0.979703328611749,0.9744983524283428,0.0,0.0,60523,0.005301009863615036,0.003227574983611703,0.032307811081409454,0.03332030400633812,0.9696133347181926,0.9339282496767541,0.0,0.0,140177,0.001421655761078,-0.00035343473427928984,0.052988260984420776,0.053400807082653046,0.9922745343980712,0.9895312413697462,0.0,0.0,0.70683469470452,0.9908652090033069,0.7147859853175732,0.0018602554919198155,0.007858054712414742,0.0077862730249762535,4096,0.24486446380615234,0.0,1.0574239492416382
500,D0,validation_test_seen,eval,scene_0127,128,7040,0,200161,0.003379661589860916,0.0007095591863617301,0.05009695515036583,0.05238356813788414,0.9563486591539644,0.9910043283854085,0.0,0.0,42698,0.008049890398979187,0.005898082163184881,0.03402306139469147,0.03676766902208328,0.9253526889141828,0.9120897223526563,0.0,0.0,157463,0.002113272435963154,-0.000697371840942651,0.05163450166583061,0.05304429680109024,0.9734223051245982,0.9887343195485512,0.0,0.0,0.5915715616748838,0.8345387220213074,0.7056176852706797,0.0023072680924087763,0.009289361536502838,0.007752331905066967,4096,0.2448195219039917,0.0,1.1218452453613281
500,D0,validation_test_seen,eval,scene_0128,128,7296,0,200671,0.0035029235295951366,0.0006281347014009953,0.056043840944767,0.05794762074947357,0.9671465406157531,0.9392198714433373,0.0,0.0,61355,0.005880165845155716,0.003957158420234919,0.048648420721292496,0.050289787352085114,0.9673618299615943,0.9863419628748791,0.0,0.0,139316,0.002455982146784663,-0.0008379729115404189,0.05099314823746681,0.051738664507865906,0.9855907322407645,0.9569975854274821,0.0,0.0,0.4515312444225215,0.9038672185597457,0.4994892895458019,0.0019571930170059204,0.007903825491666794,0.0071440087631344795,4096,0.24384284019470215,0.0,1.1002049446105957
500,D0,validation_test_seen,eval,scene_0129,128,7552,0,200043,0.0031220430973917246,-0.0002856802602764219,0.05428732931613922,0.05616459250450134,0.9665756822109647,1.0092430304274196,0.0,0.0,59425,0.005036697722971439,0.0001698250271147117,0.044076696038246155,0.04574619233608246,0.9635052402706863,0.9509918783388904,0.0,0.0,140618,0.0023129123728722334,-0.0004781763127539307,0.054280348122119904,0.056242913007736206,0.9651055612047272,0.99515653472735,0.0,0.0,0.7708939706899302,1.1478268742620776,0.6700603196143612,0.0014006518758833408,0.00458768755197525,0.005265871062874794,4096,0.24458149075508118,0.0,1.1327943801879883
500,D0,validation_test_seen,eval,scene_0100,192,192,0,198401,0.004725748207420111,-0.00014012481551617384,0.0880635529756546,0.08828484266996384,0.9974934576806521,0.9884107283676917,0.0,0.0,54212,0.007149634882807732,-0.0012619137996807694,0.053318534046411514,0.05435025691986084,0.9810171481807235,1.0028612001287887,0.0,0.0,144189,0.0038144185673445463,0.0002816439955495298,0.08765672147274017,0.08812298625707626,0.9947089311865138,0.9893734685672237,0.0,0.0,0.6621656610207489,1.0151569154323687,0.6268025584391991,0.0023463722318410873,0.007397410459816456,0.007509532384574413,4096,0.2407071888446808,0.0,1.398881435394287
500,D0,validation_test_seen,eval,scene_0129,192,7616,0,199019,0.0039368849247694016,-0.0001611126062925905,0.08525072038173676,0.08601099997758865,0.9911606701927661,0.9861858825963827,0.0,0.0,57613,0.0055718147195875645,0.00019005777721758932,0.05771126225590706,0.05941979959607124,0.9712463294763931,0.9328374854243113,0.0,0.0,141406,0.003270765533670783,-0.0003041898598894477,0.08616643399000168,0.08663759380578995,0.9945617162816821,0.9889312887578112,0.0,0.0,0.7467746789984749,1.1187767199144159,0.645918135778047,0.0017896562349051237,0.00579006876796484,0.006477794144302607,4096,0.24119220674037933,0.0,1.1179542541503906
0,D1,train,train,scene_0000,128,128,0,199291,0.0019101175712421536,-0.00017515274521429092,0.04983876273036003,0.05072623863816261,0.982504598574062,0.99402348767053,0.0,0.0,97957,0.0018345427233725786,-0.0004080461512785405,0.043639831244945526,0.04420310631394386,0.9872571157104257,0.9969699642632197,0.0,0.0,101334,0.0019831738900393248,4.9979411414824426e-05,0.052469320595264435,0.05377337336540222,0.9757490986984124,0.9958924173016275,0.0,0.0,0.7659206823486099,0.9269646000739353,0.8251162196186771,0.0013063499936833978,0.008893096819519997,0.00824358593672514,4096,0.2438516765832901,0.0,0.5471495985984802
0,D1,train,train,scene_0006,128,1664,0,200073,0.0018496711272746325,-0.0004723304882645607,0.06372245401144028,0.06395228207111359,0.9964062570993519,0.9944966965712279,0.0,0.0,62719,0.0029492578469216824,-0.0007841666811145842,0.05397443100810051,0.05385834351181984,1.0021554227016878,0.9909237959279783,0.0,0.0,137354,0.001347574288956821,-0.0003299388336017728,0.05232429876923561,0.0529913492500782,0.9874120872504184,0.987699092244848,0.0,0.0,0.6175548885846734,1.1774884600547177,0.5249867176019407,0.002156961476430297,0.008401311933994293,0.009892447851598263,4096,0.24204128980636597,0.0,0.6106597781181335
0,D1,train,train,scene_0013,128,3456,0,200704,0.002080730628222227,-2.5342731532873586e-05,0.06899235397577286,0.0688348039984703,1.0022888127538803,0.9977459553759029,0.0,0.0,89703,0.0031046944204717875,-0.00038132088957354426,0.047260552644729614,0.04699346423149109,1.0056835225409824,0.9986305124660871,0.0,0.0,111001,0.0012532371329143643,0.00026233322569169104,0.050843384116888046,0.05120379477739334,0.9929612509761793,0.9940771380167653,0.0,0.0,0.7709486798577994,1.1078599962930307,0.6953009807096833,0.0018728780560195446,0.00777825340628624,0.008617215789854527,4096,0.2376280426979065,0.0,0.6794101595878601
0,D1,train,train,scene_0019,128,4992,0,200704,0.001724730827845633,-0.00019597030768636614,0.05603909119963646,0.055892203003168106,1.0026280623875217,1.0030284316046696,0.0,0.0,58792,0.003359090769663453,-0.001280751544982195,0.04443421587347984,0.04431021586060524,1.0027984520153252,0.9998841226567232,0.0,0.0,141912,0.0010476401075720787,0.00025343819288536906,0.05199946090579033,0.05229644477367401,0.9943211461282129,0.9994179423379742,0.0,0.0,0.44061176769396926,0.8052066808802814,0.5470966615243803,0.0022441542241722345,0.011479240842163563,0.009243161417543888,4096,0.24315088987350464,0.0,0.573624312877655
0,D1,train,train,scene_0026,128,6784,0,200606,0.0016340408474206924,-0.0005065575242042542,0.05428134277462959,0.05439907684922218,0.9978357339607267,0.9980014915184352,0.0,0.0,73365,0.0020465650595724583,-0.0007621520198881626,0.040074460208415985,0.03955148905515671,1.0132225401812298,1.0061724448717178,0.0,0.0,127241,0.0013961863005533814,-0.0003591860586311668,0.05355484411120415,0.05409681051969528,0.9899815459860832,0.9899622679290643,0.0,0.0,0.8502879726346065,0.9902098402200638,0.8572079369919855,0.001395947765558958,0.00924619846045971,0.009155676700174809,4096,0.24413801729679108,0.0,0.585644006729126
0,D1,train,train,scene_0033,128,8576,0,199769,0.0021637340541929007,-7.048700354062021e-05,0.06779144704341888,0.06836948543787003,0.9915453745080994,1.0009133461276192,0.0,0.0,68040,0.0029201291035860777,-0.0001627116434974596,0.06258748471736908,0.06265620142221451,0.998903273685834,0.9884690433666173,0.0,0.0,131729,0.0017730448162183166,-2.2851594621897675e-05,0.055986907333135605,0.05706477537751198,0.981111499392651,0.9975301326948317,0.0,0.0,0.6069724699549033,1.2024358371512178,0.5034364642451656,0.002527839271351695,0.010004051961004734,0.01202923059463501,4096,0.24153903126716614,0.0,0.5778198838233948
0,D1,train,train,scene_0039,128,10112,0,200702,0.001738628838211298,0.00020578176190610975,0.055774785578250885,0.0558958500623703,0.997834106038564,1.0051936414559073,0.0,0.0,79754,0.002594761783257127,0.00018672893929760903,0.05063064768910408,0.05079520866274834,0.9967603051945932,1.0021664132870955,0.0,0.0,120948,0.001174088683910668,0.00021834534709341824,0.05104410648345947,0.051167383790016174,0.9975907053004193,0.9972243020338244,0.0,0.0,0.7801814999789354,0.9408934730943533,0.8291836624855179,0.0019271279452368617,0.010834875516593456,0.010194463655352592,4096,0.2423471361398697,0.0,0.45922067761421204
0,D1,train,train,scene_0046,128,11904,0,200574,0.001537717180326581,-1.9039709513890557e-05,0.05253611132502556,0.053314391523599625,0.9854020616885487,0.9927734175591821,0.0,0.0,61885,0.0024483748711645603,-1.0504918463993818e-05,0.028931908309459686,0.02987593784928322,0.9684016768080744,0.9855379447046335,0.0,0.0,138689,0.001131368917413056,-2.2847998479846865e-05,0.05425198748707771,0.05511162057518959,0.9844019631587667,0.9940077604446269,0.0,0.0,0.6893862685419081,0.9264392022732455,0.7441369145257529,0.0014486969448626041,0.00677051255479455,0.006272468250244856,4096,0.24400392174720764,0.0,0.5950137972831726
0,D1,train,train,scene_0052,128,13440,0,200635,0.0018039719434455037,-0.0007072825101204216,0.05303316190838814,0.053535621613264084,0.9906144789257204,0.9951705511793352,0.0,0.0,91160,0.002319993684068322,-0.0010753509122878313,0.03188004344701767,0.03297131881117821,0.966902283453989,0.9740538190108129,0.0,0.0,109475,0.0013742800801992416,-0.0004007914394605905,0.05466321110725403,0.05531821399927139,0.9881593629898103,0.9920901490510626,0.0,0.0,0.6018930195536774,0.7990929726406464,0.7508109138564816,0.001259590731933713,0.006577382795512676,0.005255940370261669,4096,0.24306021630764008,0.0,0.540127694606781
0,D1,train,train,scene_0059,128,15232,0,199735,0.00222457991912961,-0.0003294798079878092,0.06677894294261932,0.06833288073539734,0.9772592963145332,0.9915627690056386,0.0,0.0,85876,0.0021473634988069534,-0.00035709928488358855,0.04993473365902901,0.05037938058376312,0.9911740295418118,0.9792107020660155,0.0,0.0,113859,0.0022828190121799707,-0.0003086483629886061,0.05937682092189789,0.06215624138712883,0.9552833246798206,0.9888066635725398,0.0,0.0,0.7759727619796084,0.9284681015895215,0.8349167541084462,0.0015585348010063171,0.009780775755643845,0.009081138297915459,4096,0.24069850146770477,0.0,0.5406793355941772
0,D1,train,train,scene_0066,128,17024,0,200531,0.0015762345865368843,0.00010984634718624875,0.04652264341711998,0.04653300344944,0.9997773616239648,1.0000079194978873,0.0,0.0,53207,0.0028052127454429865,-0.00016466868692077696,0.038387030363082886,0.03818947449326515,1.0051730449931322,1.015265276692904,0.0,0.0,147324,0.0011323810322210193,0.00020898922230117023,0.047446127980947495,0.047568727284669876,0.9974226911098819,0.9944084681340233,0.0,0.0,0.5404757787546307,0.8467937451562473,0.6331012693555362,0.0019925152882933617,0.009781885892152786,0.008283239789307117,4096,0.24480469524860382,0.0,0.606839656829834
0,D1,train,train,scene_0072,128,18560,0,200356,0.0018768965965136886,5.318709372659214e-05,0.05541461706161499,0.05605534091591835,0.9885697982773054,0.9905745556602521,0.0,0.0,66762,0.002830896060913801,-3.85916828236077e-05,0.0407201386988163,0.04116056486964226,0.9892998025605136,1.0025465986346935,0.0,0.0,133594,0.0014001465169712901,9.905243496177718e-05,0.053097717463970184,0.05397564545273781,0.9837347384842974,0.9958953185652378,0.0,0.0,0.8204783021905432,0.9606846740248703,0.8535835942901614,0.00216650846414268,0.011699389666318893,0.011239424347877502,4096,0.2438332438468933,0.0,0.59874027967453
0,D1,train,train,scene_0079,128,20352,0,200683,0.001692367484793067,0.0002335279859835282,0.06019514426589012,0.06036735698580742,0.9971472542692603,0.9890893679255744,0.0,0.0,98725,0.0017967320745810866,-2.05855758395046e-05,0.038714949041604996,0.039067342877388,0.9909798361027781,0.9868799511532651,0.0,0.0,101958,0.0015913124661892653,0.00047958383220247924,0.05672008544206619,0.05715063586831093,0.9924663930732665,0.9921333487376492,0.0,0.0,0.7660729253476443,1.0426532399160324,0.7345648185578858,0.001137558720074594,0.005860729143023491,0.006110708229243755,4096,0.2404676079750061,0.0,0.5524994730949402
0,D1,train,train,scene_0085,128,21888,0,200633,0.002129120985046029,7.57534071453847e-05,0.04998651146888733,0.050385165959596634,0.992087859926293,0.9993340534057741,0.0,0.0,90883,0.002631142968311906,-0.00018315915076527745,0.03747858107089996,0.038099657744169235,0.9836986285430787,0.9811869737323872,0.0,0.0,109750,0.001713401172310114,0.0002901566622313112,0.052547551691532135,0.053024355322122574,0.9910078372911116,0.9951675937605214,0.0,0.0,0.7266945908836923,0.9306909278456255,0.7807010445308674,0.001593244494870305,0.008934836834669113,0.008315571583807468,4096,0.24283400177955627,0.0,0.6232005953788757
0,D1,train,train,scene_0092,128,23680,0,200680,0.0017485212301835418,0.00012171767593827099,0.051954250782728195,0.05243854597210884,0.990764519107028,0.9952661673165613,0.0,0.0,55656,0.003177361097186804,0.0005664660129696131,0.0370183140039444,0.037250760942697525,0.9937599411966188,1.0030035234362733,0.0,0.0,145024,0.0012001738650724292,-4.8963855078909546e-05,0.05232902243733406,0.05279667675495148,0.9911423531487035,0.9937156838688976,0.0,0.0,0.6374708917786224,0.932969073783657,0.6820801808949797,0.002414217684417963,0.009336077608168125,0.008710271678864956,4096,0.24457629024982452,0.0,0.6684136390686035
0,D1,train,train,scene_0099,128,25472,0,200699,0.002011359203606844,8.361597429029644e-05,0.055329330265522,0.05544103682041168,0.9979851286827206,1.005494930865473,0.0,0.0,77958,0.002792260842397809,-0.00026376103051006794,0.04314449429512024,0.0436473973095417,0.9884780526349615,1.0053646202272193,0.0,0.0,122741,0.0015153753338381648,0.00030424981378018856,0.05083559453487396,0.05100555345416069,0.9966678350144857,0.9992598077000273,0.0,0.0,0.5324079492934232,0.9099175635904543,0.5853739223717682,0.001866113394498825,0.0100361043587327,0.009132027626037598,4096,0.24285238981246948,0.0,0.601832389831543
0,D1,validation_test_seen,train,scene_0100,128,128,0,199556,0.003027058206498623,0.0004052179865539074,0.052211083471775055,0.052054379135370255,1.0030103968005704,0.9961481976798002,0.0,0.0,57517,0.005371097009629011,-0.00024186614609789103,0.03613379970192909,0.037038180977106094,0.9755824597396936,0.9985686608189732,0.0,0.0,142039,0.002077867742627859,0.0006672470481134951,0.05341482162475586,0.053139571100473404,1.0051797656357073,0.9948360534899902,0.0,0.0,0.5865144145361788,0.9923047526528783,0.5899435414441447,0.0019300282001495361,0.005813529249280691,0.005768792703747749,4096,0.24487215280532837,0.0,1.061164140701294
0,D1,validation_test_seen,train,scene_0101,128,384,0,200668,0.003060603281483054,-0.0003715743077918887,0.056095290929079056,0.05655544623732567,0.9918636428697664,0.9980899267135398,0.0,0.0,66409,0.005210626870393753,-0.0019975106697529554,0.05064500495791435,0.053048230707645416,0.9546973439514788,0.9365083759891004,0.0,0.0,134259,0.0019971297588199377,0.00043266831198707223,0.048492006957530975,0.04894638806581497,0.9907167591677445,1.001303800789133,0.0,0.0,0.6434898848484483,0.9070721222209568,0.7063058616819345,0.0015231732977554202,0.0050209034234285355,0.004554321523755789,4096,0.24439306557178497,0.0,0.8669642806053162
0,D1,validation_test_seen,train,scene_0102,128,640,0,200285,0.0027919174171984196,0.00038256405969150364,0.05101468041539192,0.05198422446846962,0.9813492638778181,0.985918019536188,0.0,0.0,48268,0.005369020625948906,0.0009277173085138202,0.036880362778902054,0.03879689425230026,0.9506009047802949,0.9448119639244204,0.0,0.0,152017,0.001973643433302641,0.00020946857694070786,0.049577727913856506,0.050269003957509995,0.9862484634818348,0.9910297046002211,0.0,0.0,0.4254851628067754,0.7331926270279154,0.5795902971310564,0.002192943822592497,0.008749539032578468,0.006415097508579493,4096,0.24476510286331177,0.0,1.2335841655731201
0,D1,validation_test_seen,train,scene_0103,128,896,0,200682,0.0022784918546676636,0.00048428107402287424,0.05251988023519516,0.05294144153594971,0.992037215298184,0.975359977625336,0.0,0.0,54316,0.0044089192524552345,0.0012331731850281358,0.03653116524219513,0.03799759969115257,0.961407182009476,0.9821455822937204,0.0,0.0,146366,0.0014878963120281696,0.0002063694118987769,0.05251550301909447,0.052473071962594986,1.000808625356063,1.001042881344745,0.0,0.0,0.7790229383669441,0.9975538719226805,0.7812050628213314,0.002372891642153263,0.011807683855295181,0.011778800748288631,4096,0.24460770189762115,0.0,0.9776818156242371
0,D1,validation_test_seen,train,scene_0104,128,1152,0,200697,0.0020704332273453474,0.0002315924211870879,0.04818550497293472,0.0484677329659462,0.994176992078219,1.0035895250605515,0.0,0.0,52465,0.00474515138193965,8.094036456895992e-05,0.029075123369693756,0.0303192138671875,0.9589669276075742,0.9650509327542722,0.0,0.0,148232,0.0011237477883696556,0.00028491398552432656,0.051902007311582565,0.05203025043010712,0.9975352200409486,1.0030805873126027,0.0,0.0,0.6196809689128197,0.9250035739779919,0.6682902387361781,0.0019783424213528633,0.007778441533446312,0.007195086218416691,4096,0.24516166746616364,0.0,0.7318530082702637
0,D1,validation_test_seen,train,scene_0105,128,1408,0,200704,0.003057799767702818,-0.0005212238756939769,0.049757860600948334,0.05086847394704819,0.9781669615790725,0.9740151522978389,0.0,0.0,55002,0.005454352591186762,0.002071890514343977,0.036766767501831055,0.03774315118789673,0.9741308381696869,0.9658650018158317,0.0,0.0,145702,0.0021531092934310436,-0.0015001156134530902,0.04957238584756851,0.05001714453101158,0.9911078753572725,0.9956482446536179,0.0,0.0,0.6963530199449736,0.8686451684458015,0.8016867396037343,0.002064748201519251,0.01031164824962616,0.00895716343075037,4096,0.24459348618984222,0.0,1.0685172080993652
0,D1,validation_test_seen,train,scene_0106,128,1664,0,200309,0.003928613383322954,0.0008622093591839075,0.05603649094700813,0.057935118675231934,0.9672283794071955,0.9876725661079441,0.0,0.0,98174,0.005185937974601984,0.0013610365567728877,0.03853030502796173,0.040384773164987564,0.9540800160137186,0.9368646712158947,0.0,0.0,102135,0.002720050746574998,0.00038272776873782277,0.05180922523140907,0.053902383893728256,0.9611676050089738,0.9978681271415385,0.0,0.0,0.8305270385239263,1.107518542595994,0.7463277556244051,0.0016142168315127492,0.005968934390693903,0.006610705517232418,4096,0.24250483512878418,0.0,0.9718109369277954
0,D1,validation_test_seen,train,scene_0107,128,1920,0,199994,0.005324060097336769,0.0011299493489786983,0.05621854588389397,0.058338407427072525,0.9636626771852052,0.9324634165174418,0.0,0.0,66108,0.011136777698993683,0.0017088463064283133,0.04484191909432411,0.04761239513754845,0.9418118740882359,0.9701207888078376,0.0,0.0,133886,0.0024539518635720015,0.0008441111422143877,0.04967658594250679,0.05165746808052063,0.9616535186175568,0.988594752488597,0.0,0.0,0.7011336910706403,1.3643434101216285,0.5081176875741242,0.00352876796387136,0.010132870636880398,0.01382471527904272,4096,0.24222315847873688,0.0,1.0970416069030762
0,D1,validation_test_seen,train,scene_0108,128,2176,0,199879,0.0046814498491585255,-0.0016862491611391306,0.054210975766181946,0.05443450063467026,0.9958936912090282,1.0088136339715015,0.0,0.0,82022,0.007559514604508877,-0.004797608125954866,0.03659465163946152,0.037817005068063736,0.9676771487746794,0.9643198635204101,0.0,0.0,117857,0.002678475109860301,0.00047908537089824677,0.05162156745791435,0.05369402468204498,0.961402460769091,0.9966436911733639,0.0,0.0,0.6985614053029482,1.065185169293569,0.6560222889277374,0.001943361246958375,0.007075968664139509,0.007537216879427433,4096,0.2431417852640152,0.0,1.1155213117599487
0,D1,validation_test_seen,train,scene_0109,128,2432,0,199635,0.0057701226323843,-0.0014643336180597544,0.0550147220492363,0.054467979818582535,1.010037865044285,1.0678753806607804,0.0,0.0,90009,0.008079594001173973,-0.005220494698733091,0.05015428736805916,0.04967711120843887,1.009605553704967,1.003746522088391,0.0,0.0,109626,0.0038739184383302927,0.0016196822980418801,0.048752304166555405,0.05085480585694313,0.9586567748129418,1.0223405647057688,0.0,0.0,0.7497287804490668,1.0277388680687813,0.7283723421250763,0.0018292712047696114,0.008185934275388718,0.008413002826273441,4096,0.24153348803520203,0.0,0.8615050911903381
0,D1,validation_test_seen,train,scene_0110,128,2688,0,200090,0.004143320024013519,-0.0011498371604830027,0.05167681351304054,0.05254792049527168,0.9834226174124336,1.008884338728572,0.0,0.0,68702,0.007267358247190714,-0.004116660449653864,0.03387812152504921,0.03589851036667824,0.9437194239818821,0.9294818475777431,0.0,0.0,131388,0.002509778831154108,0.00040149741107597947,0.0510244183242321,0.053071681410074234,0.9614245670864779,0.9935649134846647,0.0,0.0,0.6089861762221905,0.8263763801297238,0.7375214920087808,0.0016861502081155777,0.0076749287545681,0.006342379841953516,4096,0.24357672035694122,0.0,0.8065995573997498
0,D1,validation_test_seen,train,scene_0111,128,2944,0,200582,0.004136843141168356,0.002121333498507738,0.0458226315677166,0.045875683426856995,0.9988435734319908,0.9981908111714127,0.0,0.0,85341,0.006580790039151907,0.0035626969765871763,0.03007206879556179,0.02907377853989601,1.0343364469910883,1.0192716729206843,0.0,0.0,115241,0.0023269932717084885,0.001053940854035318,0.05090414732694626,0.05075240507721901,1.0029898533773203,1.0044730208788932,0.0,0.0,0.5033534654900651,0.9020956181585635,0.5570803960710065,0.0020478791557252407,0.006728209555149078,0.006069488357752562,4096,0.24413827061653137,0.0,1.178895354270935
0,D1,validation_test_seen,train,scene_0112,128,3200,0,200135,0.004685110412538052,0.0017223963513970375,0.05296419560909271,0.05462484434247017,0.969599021226202,1.0138865786914508,0.0,0.0,68226,0.006243736948817968,0.0018636060412973166,0.041926659643650055,0.04084191843867302,1.026559506664846,1.022332369393811,0.0,0.0,131909,0.0038789580576121807,0.0016493597067892551,0.05382118374109268,0.056647252291440964,0.9501111097885452,0.9999516452362959,0.0,0.0,0.7029614333913953,0.9987138069296766,0.7038682244571538,0.002693002577871084,0.00982955377548933,0.009816911071538925,4096,0.2443506270647049,0.0,1.0341016054153442
0,D1,validation_test_seen,train,scene_0113,128,3456,0,200704,0.0032117965165525675,-0.00034477602457627654,0.05300666391849518,0.05266651511192322,1.006458540229007,0.993239898851623,0.0,0.0,67285,0.006166729610413313,-0.001843182137235999,0.03711074963212013,0.037633322179317474,0.9861141000332801,0.9802747386542191,0.0,0.0,133419,0.0017215840052813292,0.00041089041042141616,0.052384063601493835,0.0523630753159523,1.000400822247641,0.9966209364330417,0.0,0.0,0.5839368161849039,0.8534851557346294,0.6852032015620318,0.002491212449967861,0.010529140010476112,0.008986464701592922,4096,0.24378426373004913,0.0,0.9254339933395386
0,D1,validation_test_seen,train,scene_0114,128,3712,0,199834,0.004040998872369528,0.0004526459379121661,0.055514395236968994,0.057798922061920166,0.9604745773199066,0.9790055346710347,0.0,0.0,58958,0.00772858364507556,0.0007070195861160755,0.054443784058094025,0.0569305457174778,0.9563193777954542,0.9445851384458953,0.0,0.0,140876,0.002497708424925804,0.0003461880551185459,0.05080406740307808,0.053133003413677216,0.9561678079353664,0.9945890156085531,0.0,0.0,0.6071326614066926,1.2087095849768612,0.502075467999314,0.0032950013410300016,0.010604345239698887,0.012817573733627796,4096,0.24350740015506744,0.0,1.0181719064712524
0,D1,validation_test_seen,train,scene_0115,128,3968,0,200648,0.0036981499288231134,9.167745156446472e-05,0.05414881929755211,0.05591801553964615,0.9683608900455405,0.9639820202424542,0.0,0.0,51118,0.010387076064944267,0.00016914306615944952,0.05086473748087883,0.05734998360276222,0.8869180823694074,0.8893770429739708,0.0,0.0,149530,0.0014114882797002792,6.519527232740074e-05,0.04970725253224373,0.04989656060934067,0.9962059894552832,0.9958423718403159,0.0,0.0,0.29976981925804014,0.8308566992929933,0.36203169671280966,0.0026576644740998745,0.011162856593728065,0.009274734184145927,4096,0.24349544942378998,0.0,1.099267601966858
0,D1,validation_test_seen,train,scene_0116,128,4224,0,200682,0.005710755009204149,0.003895146306604147,0.05909954011440277,0.06261704117059708,0.9438251793691266,0.9463385907009615,0.0,0.0,68868,0.011343266814947128,0.009951330721378326,0.04232168197631836,0.046667635440826416,0.9068743589972834,0.9729182618223875,0.0,0.0,131814,0.0027679740451276302,0.0007310108630917966,0.05216413363814354,0.051975592970848083,1.0036274846811504,1.0055202760500486,0.0,0.0,0.3735705589852108,0.9952679019566363,0.37873731326549825,0.0025481556076556444,0.010103420354425907,0.010055609978735447,4096,0.2422170490026474,0.0,1.2679706811904907
0,D1,validation_test_seen,train,scene_0117,128,4480,0,200501,0.0033193917479366064,0.0010762076126411557,0.05277702957391739,0.0538739413022995,0.979639289388035,0.9634862717599656,0.0,0.0,53935,0.007668747566640377,0.0020746709778904915,0.03787107765674591,0.03975345194339752,0.952648784077121,1.003762234651622,0.0,0.0,146566,0.0017188674537464976,0.0007087817648425698,0.05243981257081032,0.05313188582658768,0.9869744270317046,0.9975365406187676,0.0,0.0,0.9021587114405487,1.2674097742833434,0.708679789977408,0.0019492172868922353,0.0057647996582090855,0.007306363433599472,4096,0.2446841150522232,0.0,1.1432570219039917
0,D1,validation_test_seen,train,scene_0118,128,4736,0,200491,0.004258645232766867,-0.0004572451289277524,0.05609847605228424,0.057867057621479034,0.96943716093596,0.9464403106226419,0.0,0.0,65199,0.008933844044804573,-0.0014616090338677168,0.043489065021276474,0.04918580502271652,0.8841791854619641,0.8839752706040707,0.0,0.0,135292,0.002005605259910226,2.677107295312453e-05,0.05150654539465904,0.05246668681502342,0.9816999799558631,0.9992991454735178,0.0,0.0,0.541266885127506,0.9022386956539149,0.5980166459137837,0.0020049074664711952,0.005581997334957123,0.0050362939946353436,4096,0.24399666488170624,0.0,1.123764991760254
0,D1,validation_test_seen,train,scene_0119,128,4992,0,199640,0.004805318079888821,0.002522251568734646,0.054361116141080856,0.056304823607206345,0.9654788463651858,0.962141518046931,0.0,0.0,70329,0.00837603397667408,0.004553438164293766,0.03986824303865433,0.04295191913843155,0.9282063255465091,0.9055417616356837,0.0,0.0,129311,0.002863295841962099,0.0014175402466207743,0.05106707289814949,0.051717229187488556,0.9874286325939451,1.0006385046906008,0.0,0.0,0.42362029427292947,1.030493950050208,0.40935513978272986,0.0029930234886705875,0.010213229805231094,0.010524671524763107,4096,0.24352367222309113,0.0,1.1992433071136475
0,D1,validation_test_seen,train,scene_0120,128,5248,0,200686,0.0040095108561217785,0.0017974138027057052,0.050163306295871735,0.0505831353366375,0.9917002171183786,0.9958790226850085,0.0,0.0,62231,0.008578717708587646,0.0026324372738599777,0.0325140543282032,0.03299010917544365,0.9855697704815478,0.9739774149981903,0.0,0.0,138455,0.0019558013882488012,0.0014220980228856206,0.052027832716703415,0.052198220044374466,0.9967357636423962,0.992231594064337,0.0,0.0,0.6639847852009835,1.1226593080090304,0.5918315815778573,0.0029997953679412603,0.009270037524402142,0.010407093912363052,4096,0.24458041787147522,0.0,1.2521326541900635
0,D1,validation_test_seen,train,scene_0121,128,5504,0,199742,0.004361330531537533,0.0027603162452578545,0.05202264338731766,0.05205470323562622,0.9993841123603482,0.9993474055070493,0.0,0.0,68418,0.00826294906437397,0.005319562274962664,0.04203243553638458,0.03979155048727989,1.0563156002131917,1.0732037134179508,0.0,0.0,131324,0.002328641014173627,0.001426983973942697,0.051471397280693054,0.05136334151029587,1.0021037527392085,1.0053280848574366,0.0,0.0,0.5466594327113565,1.3525390904087937,0.40456144177806147,0.0029645804315805435,0.008635847829282284,0.011680321767926216,4096,0.24397586286067963,0.0,1.0432748794555664
0,D1,validation_test_seen,train,scene_0122,128,5760,0,200023,0.0038943977560847998,0.0017572203651070595,0.06248520687222481,0.06293501704931259,0.992852783741437,1.004575054755789,0.0,0.0,78065,0.0059538609348237514,0.0021844785660505295,0.045323967933654785,0.04501315951347351,1.0069048345759475,0.9961077751962993,0.0,0.0,121958,0.0025761404540389776,0.0014837338821962476,0.05592787265777588,0.056563809514045715,0.9887571777478685,0.99871559743104,0.0,0.0,0.7200584517612202,0.9400769984933218,0.7657144260949442,0.0018010848434641957,0.007186685223132372,0.006756037473678589,4096,0.24250082671642303,0.0,1.2548787593841553
0,D1,validation_test_seen,train,scene_0123,128,6016,0,200684,0.00332113285548985,0.00044430437264963984,0.05994100496172905,0.05883701890707016,1.018763460065891,1.0276164594842048,0.0,0.0,72385,0.005451783537864685,-0.0006834224914200604,0.048547372221946716,0.04689929634332657,1.0351407378600181,1.040332601628329,0.0,0.0,128299,0.002119040582329035,0.0010805566562339664,0.05228244513273239,0.051957398653030396,1.0062560191258352,1.003318397032581,0.0,0.0,0.9181790692802603,0.9995683667198132,0.9176439468752842,0.0020480260718613863,0.012482126243412495,0.012476738542318344,4096,0.24197621643543243,0.0,0.9418229460716248
0,D1,validation_test_seen,train,scene_0124,128,6272,0,200223,0.0047885579988360405,8.52203811518848e-05,0.049908801913261414,0.04967567324638367,1.0046930147422757,1.0221583239176009,0.0,0.0,71991,0.009224596433341503,-0.0012167425593361259,0.035708535462617874,0.034191593527793884,1.0443659326258334,1.062517899134739,0.0,0.0,128232,0.002298112493008375,0.000816158193629235,0.05027947202324867,0.05110533535480499,0.9838399782366622,0.9934191613100207,0.0,0.0,0.6263719743939976,0.9085395571528404,0.6886488029510002,0.002162075834348798,0.008394596166908741,0.007626822683960199,4096,0.24397727847099304,0.0,1.1373449563980103
0,D1,validation_test_seen,train,scene_0125,128,6528,0,200704,0.006830177735537291,0.00451581459492445,0.05943312495946884,0.0626876950263977,0.9480827925550881,0.9386198082745238,0.0,0.0,61232,0.016325021162629128,0.01060799602419138,0.0539422482252121,0.055785808712244034,0.9669528769128105,1.005593533895489,0.0,0.0,139472,0.0026616838295012712,0.0018411808414384723,0.05017569288611412,0.05128074064850807,0.9784510178983521,0.9909828723840355,0.0,0.0,0.5980034936879124,1.3319955219615442,0.4477804191557464,0.004244028124958277,0.011862926185131073,0.015801364555954933,4096,0.24192343652248383,0.0,1.53933584690094
0,D1,validation_test_seen,train,scene_0126,128,6784,0,200700,0.0027469743508845568,0.0014631443191319704,0.05063742399215698,0.05136072263121605,0.9859172807156055,0.9804935860437717,0.0,0.0,60523,0.005849423352628946,0.003168755676597357,0.03200912103056908,0.03332030400633812,0.9606491292660585,0.9350921807726895,0.0,0.0,140177,0.001407457166351378,0.0007267274195328355,0.053271349519491196,0.053400807082653046,0.9975757377044606,0.9972895787661286,0.0,0.0,0.723783628744242,0.984750973093759,0.7358289704726135,0.0017896227072924376,0.007858054712414742,0.007738227024674416,4096,0.24490688741207123,0.0,0.9960533976554871
0,D1,validation_test_seen,train,scene_0127,128,7040,0,200161,0.003404285991564393,0.001409130753017962,0.05063849315047264,0.05238356813788414,0.9666865956359042,0.9938172251414855,0.0,0.0,42698,0.008700767531991005,0.005128575023263693,0.033293917775154114,0.03676766902208328,0.9055215807985332,0.8816467683371689,0.0,0.0,157463,0.0019680808763951063,0.0004005585506092757,0.05218257009983063,0.05304429680109024,0.9837545833722523,0.9921692385265087,0.0,0.0,0.623935850741104,0.8643702623602719,0.7187273118033697,0.0022080291528254747,0.009289361536502838,0.008029447868466377,4096,0.24483677744865417,0.0,1.062463402748108
0,D1,validation_test_seen,train,scene_0128,128,7296,0,200671,0.0033935310784727335,0.001645113225094974,0.056303296238183975,0.05794762074947357,0.971623951250759,0.9478293276891047,0.0,0.0,61355,0.005972797982394695,0.004235371947288513,0.04836094751954079,0.050289787352085114,0.9616454963501779,0.9782881913194815,0.0,0.0,139316,0.0022576169576495886,0.000504359311889857,0.05117892473936081,0.051738664507865906,0.9891814028477678,0.9627794308652335,0.0,0.0,0.46587886196207984,0.8757664963446196,0.5322503900059731,0.0018941520247608423,0.007903825491666794,0.006921905558556318,4096,0.2439243644475937,0.0,0.9749648571014404
0,D1,validation_test_seen,train,scene_0129,128,7552,0,200043,0.003178983461111784,0.0005130094941705465,0.054412148892879486,0.05616459250450134,0.968798071285189,1.0101069228541626,0.0,0.0,59425,0.005329988431185484,0.0005979122361168265,0.04318457469344139,0.04574619233608246,0.9440036970985106,0.9276399625885747,0.0,0.0,140618,0.00226997141726315,0.0004771297099068761,0.05465000495314598,0.056242913007736206,0.9716780662770593,1.0019004861307452,0.0,0.0,0.780723755784335,1.1940610134973828,0.6528727334077502,0.0013873055577278137,0.00458768755197525,0.005477978847920895,4096,0.24464669823646545,0.0,1.0678129196166992
0,D1,validation_test_seen,train,scene_0100,192,192,0,198401,0.004338705446571112,0.0006942566251382232,0.08795512467622757,0.08828484266996384,0.9962652932965078,0.9887925174032257,0.0,0.0,54212,0.0069869267754256725,-0.0005265913205221295,0.05327458307147026,0.05435025691986084,0.9802084864110826,1.0034748086132252,0.0,0.0,144189,0.0033430312760174274,0.001153269549831748,0.08748117089271545,0.08812298625707626,0.992716822345438,0.9903063353226832,0.0,0.0,0.7058651009799575,1.105422333303831,0.6130983394248232,0.0023996103554964066,0.007397410459816456,0.008177262730896473,4096,0.24079102277755737,0.0,1.2682908773422241
0,D1,validation_test_seen,train,scene_0129,192,7616,0,199019,0.0035299197770655155,0.0008003294933587313,0.08519881218671799,0.08601099997758865,0.990557163722288,0.9874387427477046,0.0,0.0,57613,0.00552263343706727,0.0008219551527872682,0.05673040449619293,0.05941979959607124,0.9547390748847943,0.9235513953604372,0.0,0.0,141406,0.0027180290780961514,0.0007915185415185988,0.0862489864230156,0.08663759380578995,0.9955145639934845,0.9930856462767863,0.0,0.0,0.7332283892346451,1.1143242788086096,0.6368598116610279,0.0017146699829027057,0.00579006876796484,0.0064520142041146755,4096,0.2412756085395813,0.0,0.9851650595664978
0,D1,train,eval,scene_0000,128,128,0,199291,0.0019101175712421536,-0.00017515274521429092,0.04983876273036003,0.05072623863816261,0.982504598574062,0.99402348767053,0.0,0.0,97957,0.0018345427233725786,-0.0004080461512785405,0.043639831244945526,0.04420310631394386,0.9872571157104257,0.9969699642632197,0.0,0.0,101334,0.0019831738900393248,4.9979411414824426e-05,0.052469320595264435,0.05377337336540222,0.9757490986984124,0.9958924173016275,0.0,0.0,0.7659206823486099,0.9269646000739353,0.8251162196186771,0.0013063499936833978,0.008893096819519997,0.00824358593672514,4096,0.2438516765832901,0.0,0.601469874382019
0,D1,train,eval,scene_0006,128,1664,0,200073,0.0018496711272746325,-0.0004723304882645607,0.06372245401144028,0.06395228207111359,0.9964062570993519,0.9944966965712279,0.0,0.0,62719,0.0029492578469216824,-0.0007841666811145842,0.05397443100810051,0.05385834351181984,1.0021554227016878,0.9909237959279783,0.0,0.0,137354,0.001347574288956821,-0.0003299388336017728,0.05232429876923561,0.0529913492500782,0.9874120872504184,0.987699092244848,0.0,0.0,0.6175548885846734,1.1774884600547177,0.5249867176019407,0.002156961476430297,0.008401311933994293,0.009892447851598263,4096,0.24204128980636597,0.0,0.6882173418998718
0,D1,train,eval,scene_0013,128,3456,0,200704,0.002080730628222227,-2.5342731532873586e-05,0.06899235397577286,0.0688348039984703,1.0022888127538803,0.9977459553759029,0.0,0.0,89703,0.0031046944204717875,-0.00038132088957354426,0.047260552644729614,0.04699346423149109,1.0056835225409824,0.9986305124660871,0.0,0.0,111001,0.0012532371329143643,0.00026233322569169104,0.050843384116888046,0.05120379477739334,0.9929612509761793,0.9940771380167653,0.0,0.0,0.7709486798577994,1.1078599962930307,0.6953009807096833,0.0018728780560195446,0.00777825340628624,0.008617215789854527,4096,0.2376280426979065,0.0,0.7728065252304077
0,D1,train,eval,scene_0019,128,4992,0,200704,0.001724730827845633,-0.00019597030768636614,0.05603909119963646,0.055892203003168106,1.0026280623875217,1.0030284316046696,0.0,0.0,58792,0.003359090769663453,-0.001280751544982195,0.04443421587347984,0.04431021586060524,1.0027984520153252,0.9998841226567232,0.0,0.0,141912,0.0010476401075720787,0.00025343819288536906,0.05199946090579033,0.05229644477367401,0.9943211461282129,0.9994179423379742,0.0,0.0,0.44061176769396926,0.8052066808802814,0.5470966615243803,0.0022441542241722345,0.011479240842163563,0.009243161417543888,4096,0.24315088987350464,0.0,0.666562020778656
0,D1,train,eval,scene_0026,128,6784,0,200606,0.0016340408474206924,-0.0005065575242042542,0.05428134277462959,0.05439907684922218,0.9978357339607267,0.9980014915184352,0.0,0.0,73365,0.0020465650595724583,-0.0007621520198881626,0.040074460208415985,0.03955148905515671,1.0132225401812298,1.0061724448717178,0.0,0.0,127241,0.0013961863005533814,-0.0003591860586311668,0.05355484411120415,0.05409681051969528,0.9899815459860832,0.9899622679290643,0.0,0.0,0.8502879726346065,0.9902098402200638,0.8572079369919855,0.001395947765558958,0.00924619846045971,0.009155676700174809,4096,0.24413801729679108,0.0,0.656817615032196
0,D1,train,eval,scene_0033,128,8576,0,199769,0.0021637340541929007,-7.048700354062021e-05,0.06779144704341888,0.06836948543787003,0.9915453745080994,1.0009133461276192,0.0,0.0,68040,0.0029201291035860777,-0.0001627116434974596,0.06258748471736908,0.06265620142221451,0.998903273685834,0.9884690433666173,0.0,0.0,131729,0.0017730448162183166,-2.2851594621897675e-05,0.055986907333135605,0.05706477537751198,0.981111499392651,0.9975301326948317,0.0,0.0,0.6069724699549033,1.2024358371512178,0.5034364642451656,0.002527839271351695,0.010004051961004734,0.01202923059463501,4096,0.24153903126716614,0.0,0.65229731798172
0,D1,train,eval,scene_0039,128,10112,0,200702,0.001738628838211298,0.00020578176190610975,0.055774785578250885,0.0558958500623703,0.997834106038564,1.0051936414559073,0.0,0.0,79754,0.002594761783257127,0.00018672893929760903,0.05063064768910408,0.05079520866274834,0.9967603051945932,1.0021664132870955,0.0,0.0,120948,0.001174088683910668,0.00021834534709341824,0.05104410648345947,0.051167383790016174,0.9975907053004193,0.9972243020338244,0.0,0.0,0.7801814999789354,0.9408934730943533,0.8291836624855179,0.0019271279452368617,0.010834875516593456,0.010194463655352592,4096,0.2423471361398697,0.0,0.5279449820518494
0,D1,train,eval,scene_0046,128,11904,0,200574,0.001537717180326581,-1.9039709513890557e-05,0.05253611132502556,0.053314391523599625,0.9854020616885487,0.9927734175591821,0.0,0.0,61885,0.0024483748711645603,-1.0504918463993818e-05,0.028931908309459686,0.02987593784928322,0.9684016768080744,0.9855379447046335,0.0,0.0,138689,0.001131368917413056,-2.2847998479846865e-05,0.05425198748707771,0.05511162057518959,0.9844019631587667,0.9940077604446269,0.0,0.0,0.6893862685419081,0.9264392022732455,0.7441369145257529,0.0014486969448626041,0.00677051255479455,0.006272468250244856,4096,0.24400392174720764,0.0,0.6799656748771667
0,D1,train,eval,scene_0052,128,13440,0,200635,0.0018039719434455037,-0.0007072825101204216,0.05303316190838814,0.053535621613264084,0.9906144789257204,0.9951705511793352,0.0,0.0,91160,0.002319993684068322,-0.0010753509122878313,0.03188004344701767,0.03297131881117821,0.966902283453989,0.9740538190108129,0.0,0.0,109475,0.0013742800801992416,-0.0004007914394605905,0.05466321110725403,0.05531821399927139,0.9881593629898103,0.9920901490510626,0.0,0.0,0.6018930195536774,0.7990929726406464,0.7508109138564816,0.001259590731933713,0.006577382795512676,0.005255940370261669,4096,0.24306021630764008,0.0,0.6213240027427673
0,D1,train,eval,scene_0059,128,15232,0,199735,0.00222457991912961,-0.0003294798079878092,0.06677894294261932,0.06833288073539734,0.9772592963145332,0.9915627690056386,0.0,0.0,85876,0.0021473634988069534,-0.00035709928488358855,0.04993473365902901,0.05037938058376312,0.9911740295418118,0.9792107020660155,0.0,0.0,113859,0.0022828190121799707,-0.0003086483629886061,0.05937682092189789,0.06215624138712883,0.9552833246798206,0.9888066635725398,0.0,0.0,0.7759727619796084,0.9284681015895215,0.8349167541084462,0.0015585348010063171,0.009780775755643845,0.009081138297915459,4096,0.24069850146770477,0.0,0.6455307006835938
0,D1,train,eval,scene_0066,128,17024,0,200531,0.0015762345865368843,0.00010984634718624875,0.04652264341711998,0.04653300344944,0.9997773616239648,1.0000079194978873,0.0,0.0,53207,0.0028052127454429865,-0.00016466868692077696,0.038387030363082886,0.03818947449326515,1.0051730449931322,1.015265276692904,0.0,0.0,147324,0.0011323810322210193,0.00020898922230117023,0.047446127980947495,0.047568727284669876,0.9974226911098819,0.9944084681340233,0.0,0.0,0.5404757787546307,0.8467937451562473,0.6331012693555362,0.0019925152882933617,0.009781885892152786,0.008283239789307117,4096,0.24480469524860382,0.0,0.7037224173545837
0,D1,train,eval,scene_0072,128,18560,0,200356,0.0018768965965136886,5.318709372659214e-05,0.05541461706161499,0.05605534091591835,0.9885697982773054,0.9905745556602521,0.0,0.0,66762,0.002830896060913801,-3.85916828236077e-05,0.0407201386988163,0.04116056486964226,0.9892998025605136,1.0025465986346935,0.0,0.0,133594,0.0014001465169712901,9.905243496177718e-05,0.053097717463970184,0.05397564545273781,0.9837347384842974,0.9958953185652378,0.0,0.0,0.8204783021905432,0.9606846740248703,0.8535835942901614,0.00216650846414268,0.011699389666318893,0.011239424347877502,4096,0.2438332438468933,0.0,0.6799623966217041
0,D1,train,eval,scene_0079,128,20352,0,200683,0.001692367484793067,0.0002335279859835282,0.06019514426589012,0.06036735698580742,0.9971472542692603,0.9890893679255744,0.0,0.0,98725,0.0017967320745810866,-2.05855758395046e-05,0.038714949041604996,0.039067342877388,0.9909798361027781,0.9868799511532651,0.0,0.0,101958,0.0015913124661892653,0.00047958383220247924,0.05672008544206619,0.05715063586831093,0.9924663930732665,0.9921333487376492,0.0,0.0,0.7660729253476443,1.0426532399160324,0.7345648185578858,0.001137558720074594,0.005860729143023491,0.006110708229243755,4096,0.2404676079750061,0.0,0.6295263171195984
0,D1,train,eval,scene_0085,128,21888,0,200633,0.002129120985046029,7.57534071453847e-05,0.04998651146888733,0.050385165959596634,0.992087859926293,0.9993340534057741,0.0,0.0,90883,0.002631142968311906,-0.00018315915076527745,0.03747858107089996,0.038099657744169235,0.9836986285430787,0.9811869737323872,0.0,0.0,109750,0.001713401172310114,0.0002901566622313112,0.052547551691532135,0.053024355322122574,0.9910078372911116,0.9951675937605214,0.0,0.0,0.7266945908836923,0.9306909278456255,0.7807010445308674,0.001593244494870305,0.008934836834669113,0.008315571583807468,4096,0.24283400177955627,0.0,0.7115769386291504
0,D1,train,eval,scene_0092,128,23680,0,200680,0.0017485212301835418,0.00012171767593827099,0.051954250782728195,0.05243854597210884,0.990764519107028,0.9952661673165613,0.0,0.0,55656,0.003177361097186804,0.0005664660129696131,0.0370183140039444,0.037250760942697525,0.9937599411966188,1.0030035234362733,0.0,0.0,145024,0.0012001738650724292,-4.8963855078909546e-05,0.05232902243733406,0.05279667675495148,0.9911423531487035,0.9937156838688976,0.0,0.0,0.6374708917786224,0.932969073783657,0.6820801808949797,0.002414217684417963,0.009336077608168125,0.008710271678864956,4096,0.24457629024982452,0.0,0.7403474450111389
0,D1,train,eval,scene_0099,128,25472,0,200699,0.002011359203606844,8.361597429029644e-05,0.055329330265522,0.05544103682041168,0.9979851286827206,1.005494930865473,0.0,0.0,77958,0.002792260842397809,-0.00026376103051006794,0.04314449429512024,0.0436473973095417,0.9884780526349615,1.0053646202272193,0.0,0.0,122741,0.0015153753338381648,0.00030424981378018856,0.05083559453487396,0.05100555345416069,0.9966678350144857,0.9992598077000273,0.0,0.0,0.5324079492934232,0.9099175635904543,0.5853739223717682,0.001866113394498825,0.0100361043587327,0.009132027626037598,4096,0.24285238981246948,0.0,0.6922246813774109
0,D1,validation_test_seen,eval,scene_0100,128,128,0,199556,0.003027058206498623,0.0004052179865539074,0.052211083471775055,0.052054379135370255,1.0030103968005704,0.9961481976798002,0.0,0.0,57517,0.005371097009629011,-0.00024186614609789103,0.03613379970192909,0.037038180977106094,0.9755824597396936,0.9985686608189732,0.0,0.0,142039,0.002077867742627859,0.0006672470481134951,0.05341482162475586,0.053139571100473404,1.0051797656357073,0.9948360534899902,0.0,0.0,0.5865144145361788,0.9923047526528783,0.5899435414441447,0.0019300282001495361,0.005813529249280691,0.005768792703747749,4096,0.24487215280532837,0.0,1.1306991577148438
0,D1,validation_test_seen,eval,scene_0101,128,384,0,200668,0.003060603281483054,-0.0003715743077918887,0.056095290929079056,0.05655544623732567,0.9918636428697664,0.9980899267135398,0.0,0.0,66409,0.005210626870393753,-0.0019975106697529554,0.05064500495791435,0.053048230707645416,0.9546973439514788,0.9365083759891004,0.0,0.0,134259,0.0019971297588199377,0.00043266831198707223,0.048492006957530975,0.04894638806581497,0.9907167591677445,1.001303800789133,0.0,0.0,0.6434898848484483,0.9070721222209568,0.7063058616819345,0.0015231732977554202,0.0050209034234285355,0.004554321523755789,4096,0.24439306557178497,0.0,0.9463363885879517
0,D1,validation_test_seen,eval,scene_0102,128,640,0,200285,0.0027919174171984196,0.00038256405969150364,0.05101468041539192,0.05198422446846962,0.9813492638778181,0.985918019536188,0.0,0.0,48268,0.005369020625948906,0.0009277173085138202,0.036880362778902054,0.03879689425230026,0.9506009047802949,0.9448119639244204,0.0,0.0,152017,0.001973643433302641,0.00020946857694070786,0.049577727913856506,0.050269003957509995,0.9862484634818348,0.9910297046002211,0.0,0.0,0.4254851628067754,0.7331926270279154,0.5795902971310564,0.002192943822592497,0.008749539032578468,0.006415097508579493,4096,0.24476510286331177,0.0,1.3161020278930664
0,D1,validation_test_seen,eval,scene_0103,128,896,0,200682,0.0022784918546676636,0.00048428107402287424,0.05251988023519516,0.05294144153594971,0.992037215298184,0.975359977625336,0.0,0.0,54316,0.0044089192524552345,0.0012331731850281358,0.03653116524219513,0.03799759969115257,0.961407182009476,0.9821455822937204,0.0,0.0,146366,0.0014878963120281696,0.0002063694118987769,0.05251550301909447,0.052473071962594986,1.000808625356063,1.001042881344745,0.0,0.0,0.7790229383669441,0.9975538719226805,0.7812050628213314,0.002372891642153263,0.011807683855295181,0.011778800748288631,4096,0.24460770189762115,0.0,1.0857070684432983
0,D1,validation_test_seen,eval,scene_0104,128,1152,0,200697,0.0020704332273453474,0.0002315924211870879,0.04818550497293472,0.0484677329659462,0.994176992078219,1.0035895250605515,0.0,0.0,52465,0.00474515138193965,8.094036456895992e-05,0.029075123369693756,0.0303192138671875,0.9589669276075742,0.9650509327542722,0.0,0.0,148232,0.0011237477883696556,0.00028491398552432656,0.051902007311582565,0.05203025043010712,0.9975352200409486,1.0030805873126027,0.0,0.0,0.6196809689128197,0.9250035739779919,0.6682902387361781,0.0019783424213528633,0.007778441533446312,0.007195086218416691,4096,0.24516166746616364,0.0,0.8137568831443787
0,D1,validation_test_seen,eval,scene_0105,128,1408,0,200704,0.003057799767702818,-0.0005212238756939769,0.049757860600948334,0.05086847394704819,0.9781669615790725,0.9740151522978389,0.0,0.0,55002,0.005454352591186762,0.002071890514343977,0.036766767501831055,0.03774315118789673,0.9741308381696869,0.9658650018158317,0.0,0.0,145702,0.0021531092934310436,-0.0015001156134530902,0.04957238584756851,0.05001714453101158,0.9911078753572725,0.9956482446536179,0.0,0.0,0.6963530199449736,0.8686451684458015,0.8016867396037343,0.002064748201519251,0.01031164824962616,0.00895716343075037,4096,0.24459348618984222,0.0,1.1543391942977905
0,D1,validation_test_seen,eval,scene_0106,128,1664,0,200309,0.003928613383322954,0.0008622093591839075,0.05603649094700813,0.057935118675231934,0.9672283794071955,0.9876725661079441,0.0,0.0,98174,0.005185937974601984,0.0013610365567728877,0.03853030502796173,0.040384773164987564,0.9540800160137186,0.9368646712158947,0.0,0.0,102135,0.002720050746574998,0.00038272776873782277,0.05180922523140907,0.053902383893728256,0.9611676050089738,0.9978681271415385,0.0,0.0,0.8305270385239263,1.107518542595994,0.7463277556244051,0.0016142168315127492,0.005968934390693903,0.006610705517232418,4096,0.24250483512878418,0.0,1.0311676263809204
0,D1,validation_test_seen,eval,scene_0107,128,1920,0,199994,0.005324060097336769,0.0011299493489786983,0.05621854588389397,0.058338407427072525,0.9636626771852052,0.9324634165174418,0.0,0.0,66108,0.011136777698993683,0.0017088463064283133,0.04484191909432411,0.04761239513754845,0.9418118740882359,0.9701207888078376,0.0,0.0,133886,0.0024539518635720015,0.0008441111422143877,0.04967658594250679,0.05165746808052063,0.9616535186175568,0.988594752488597,0.0,0.0,0.7011336910706403,1.3643434101216285,0.5081176875741242,0.00352876796387136,0.010132870636880398,0.01382471527904272,4096,0.24222315847873688,0.0,1.1885610818862915
0,D1,validation_test_seen,eval,scene_0108,128,2176,0,199879,0.0046814498491585255,-0.0016862491611391306,0.054210975766181946,0.05443450063467026,0.9958936912090282,1.0088136339715015,0.0,0.0,82022,0.007559514604508877,-0.004797608125954866,0.03659465163946152,0.037817005068063736,0.9676771487746794,0.9643198635204101,0.0,0.0,117857,0.002678475109860301,0.00047908537089824677,0.05162156745791435,0.05369402468204498,0.961402460769091,0.9966436911733639,0.0,0.0,0.6985614053029482,1.065185169293569,0.6560222889277374,0.001943361246958375,0.007075968664139509,0.007537216879427433,4096,0.2431417852640152,0.0,1.1958688497543335
0,D1,validation_test_seen,eval,scene_0109,128,2432,0,199635,0.0057701226323843,-0.0014643336180597544,0.0550147220492363,0.054467979818582535,1.010037865044285,1.0678753806607804,0.0,0.0,90009,0.008079594001173973,-0.005220494698733091,0.05015428736805916,0.04967711120843887,1.009605553704967,1.003746522088391,0.0,0.0,109626,0.0038739184383302927,0.0016196822980418801,0.048752304166555405,0.05085480585694313,0.9586567748129418,1.0223405647057688,0.0,0.0,0.7497287804490668,1.0277388680687813,0.7283723421250763,0.0018292712047696114,0.008185934275388718,0.008413002826273441,4096,0.24153348803520203,0.0,0.925358772277832
0,D1,validation_test_seen,eval,scene_0110,128,2688,0,200090,0.004143320024013519,-0.0011498371604830027,0.05167681351304054,0.05254792049527168,0.9834226174124336,1.008884338728572,0.0,0.0,68702,0.007267358247190714,-0.004116660449653864,0.03387812152504921,0.03589851036667824,0.9437194239818821,0.9294818475777431,0.0,0.0,131388,0.002509778831154108,0.00040149741107597947,0.0510244183242321,0.053071681410074234,0.9614245670864779,0.9935649134846647,0.0,0.0,0.6089861762221905,0.8263763801297238,0.7375214920087808,0.0016861502081155777,0.0076749287545681,0.006342379841953516,4096,0.24357672035694122,0.0,0.8944991827011108
0,D1,validation_test_seen,eval,scene_0111,128,2944,0,200582,0.004136843141168356,0.002121333498507738,0.0458226315677166,0.045875683426856995,0.9988435734319908,0.9981908111714127,0.0,0.0,85341,0.006580790039151907,0.0035626969765871763,0.03007206879556179,0.02907377853989601,1.0343364469910883,1.0192716729206843,0.0,0.0,115241,0.0023269932717084885,0.001053940854035318,0.05090414732694626,0.05075240507721901,1.0029898533773203,1.0044730208788932,0.0,0.0,0.5033534654900651,0.9020956181585635,0.5570803960710065,0.0020478791557252407,0.006728209555149078,0.006069488357752562,4096,0.24413827061653137,0.0,1.255493402481079
0,D1,validation_test_seen,eval,scene_0112,128,3200,0,200135,0.004685110412538052,0.0017223963513970375,0.05296419560909271,0.05462484434247017,0.969599021226202,1.0138865786914508,0.0,0.0,68226,0.006243736948817968,0.0018636060412973166,0.041926659643650055,0.04084191843867302,1.026559506664846,1.022332369393811,0.0,0.0,131909,0.0038789580576121807,0.0016493597067892551,0.05382118374109268,0.056647252291440964,0.9501111097885452,0.9999516452362959,0.0,0.0,0.7029614333913953,0.9987138069296766,0.7038682244571538,0.002693002577871084,0.00982955377548933,0.009816911071538925,4096,0.2443506270647049,0.0,1.0932554006576538
0,D1,validation_test_seen,eval,scene_0113,128,3456,0,200704,0.0032117965165525675,-0.00034477602457627654,0.05300666391849518,0.05266651511192322,1.006458540229007,0.993239898851623,0.0,0.0,67285,0.006166729610413313,-0.001843182137235999,0.03711074963212013,0.037633322179317474,0.9861141000332801,0.9802747386542191,0.0,0.0,133419,0.0017215840052813292,0.00041089041042141616,0.052384063601493835,0.0523630753159523,1.000400822247641,0.9966209364330417,0.0,0.0,0.5839368161849039,0.8534851557346294,0.6852032015620318,0.002491212449967861,0.010529140010476112,0.008986464701592922,4096,0.24378426373004913,0.0,1.0133583545684814
0,D1,validation_test_seen,eval,scene_0114,128,3712,0,199834,0.004040998872369528,0.0004526459379121661,0.055514395236968994,0.057798922061920166,0.9604745773199066,0.9790055346710347,0.0,0.0,58958,0.00772858364507556,0.0007070195861160755,0.054443784058094025,0.0569305457174778,0.9563193777954542,0.9445851384458953,0.0,0.0,140876,0.002497708424925804,0.0003461880551185459,0.05080406740307808,0.053133003413677216,0.9561678079353664,0.9945890156085531,0.0,0.0,0.6071326614066926,1.2087095849768612,0.502075467999314,0.0032950013410300016,0.010604345239698887,0.012817573733627796,4096,0.24350740015506744,0.0,1.087777853012085
0,D1,validation_test_seen,eval,scene_0115,128,3968,0,200648,0.0036981499288231134,9.167745156446472e-05,0.05414881929755211,0.05591801553964615,0.9683608900455405,0.9639820202424542,0.0,0.0,51118,0.010387076064944267,0.00016914306615944952,0.05086473748087883,0.05734998360276222,0.8869180823694074,0.8893770429739708,0.0,0.0,149530,0.0014114882797002792,6.519527232740074e-05,0.04970725253224373,0.04989656060934067,0.9962059894552832,0.9958423718403159,0.0,0.0,0.29976981925804014,0.8308566992929933,0.36203169671280966,0.0026576644740998745,0.011162856593728065,0.009274734184145927,4096,0.24349544942378998,0.0,1.191872477531433
0,D1,validation_test_seen,eval,scene_0116,128,4224,0,200682,0.005710755009204149,0.003895146306604147,0.05909954011440277,0.06261704117059708,0.9438251793691266,0.9463385907009615,0.0,0.0,68868,0.011343266814947128,0.009951330721378326,0.04232168197631836,0.046667635440826416,0.9068743589972834,0.9729182618223875,0.0,0.0,131814,0.0027679740451276302,0.0007310108630917966,0.05216413363814354,0.051975592970848083,1.0036274846811504,1.0055202760500486,0.0,0.0,0.3735705589852108,0.9952679019566363,0.37873731326549825,0.0025481556076556444,0.010103420354425907,0.010055609978735447,4096,0.2422170490026474,0.0,1.3934729099273682
0,D1,validation_test_seen,eval,scene_0117,128,4480,0,200501,0.0033193917479366064,0.0010762076126411557,0.05277702957391739,0.0538739413022995,0.979639289388035,0.9634862717599656,0.0,0.0,53935,0.007668747566640377,0.0020746709778904915,0.03787107765674591,0.03975345194339752,0.952648784077121,1.003762234651622,0.0,0.0,146566,0.0017188674537464976,0.0007087817648425698,0.05243981257081032,0.05313188582658768,0.9869744270317046,0.9975365406187676,0.0,0.0,0.9021587114405487,1.2674097742833434,0.708679789977408,0.0019492172868922353,0.0057647996582090855,0.007306363433599472,4096,0.2446841150522232,0.0,1.2335582971572876
0,D1,validation_test_seen,eval,scene_0118,128,4736,0,200491,0.004258645232766867,-0.0004572451289277524,0.05609847605228424,0.057867057621479034,0.96943716093596,0.9464403106226419,0.0,0.0,65199,0.008933844044804573,-0.0014616090338677168,0.043489065021276474,0.04918580502271652,0.8841791854619641,0.8839752706040707,0.0,0.0,135292,0.002005605259910226,2.677107295312453e-05,0.05150654539465904,0.05246668681502342,0.9816999799558631,0.9992991454735178,0.0,0.0,0.541266885127506,0.9022386956539149,0.5980166459137837,0.0020049074664711952,0.005581997334957123,0.0050362939946353436,4096,0.24399666488170624,0.0,1.2200515270233154
0,D1,validation_test_seen,eval,scene_0119,128,4992,0,199640,0.004805318079888821,0.002522251568734646,0.054361116141080856,0.056304823607206345,0.9654788463651858,0.962141518046931,0.0,0.0,70329,0.00837603397667408,0.004553438164293766,0.03986824303865433,0.04295191913843155,0.9282063255465091,0.9055417616356837,0.0,0.0,129311,0.002863295841962099,0.0014175402466207743,0.05106707289814949,0.051717229187488556,0.9874286325939451,1.0006385046906008,0.0,0.0,0.42362029427292947,1.030493950050208,0.40935513978272986,0.0029930234886705875,0.010213229805231094,0.010524671524763107,4096,0.24352367222309113,0.0,1.2930423021316528
0,D1,validation_test_seen,eval,scene_0120,128,5248,0,200686,0.0040095108561217785,0.0017974138027057052,0.050163306295871735,0.0505831353366375,0.9917002171183786,0.9958790226850085,0.0,0.0,62231,0.008578717708587646,0.0026324372738599777,0.0325140543282032,0.03299010917544365,0.9855697704815478,0.9739774149981903,0.0,0.0,138455,0.0019558013882488012,0.0014220980228856206,0.052027832716703415,0.052198220044374466,0.9967357636423962,0.992231594064337,0.0,0.0,0.6639847852009835,1.1226593080090304,0.5918315815778573,0.0029997953679412603,0.009270037524402142,0.010407093912363052,4096,0.24458041787147522,0.0,1.317156195640564
0,D1,validation_test_seen,eval,scene_0121,128,5504,0,199742,0.004361330531537533,0.0027603162452578545,0.05202264338731766,0.05205470323562622,0.9993841123603482,0.9993474055070493,0.0,0.0,68418,0.00826294906437397,0.005319562274962664,0.04203243553638458,0.03979155048727989,1.0563156002131917,1.0732037134179508,0.0,0.0,131324,0.002328641014173627,0.001426983973942697,0.051471397280693054,0.05136334151029587,1.0021037527392085,1.0053280848574366,0.0,0.0,0.5466594327113565,1.3525390904087937,0.40456144177806147,0.0029645804315805435,0.008635847829282284,0.011680321767926216,4096,0.24397586286067963,0.0,1.1266337633132935
0,D1,validation_test_seen,eval,scene_0122,128,5760,0,200023,0.0038943977560847998,0.0017572203651070595,0.06248520687222481,0.06293501704931259,0.992852783741437,1.004575054755789,0.0,0.0,78065,0.0059538609348237514,0.0021844785660505295,0.045323967933654785,0.04501315951347351,1.0069048345759475,0.9961077751962993,0.0,0.0,121958,0.0025761404540389776,0.0014837338821962476,0.05592787265777588,0.056563809514045715,0.9887571777478685,0.99871559743104,0.0,0.0,0.7200584517612202,0.9400769984933218,0.7657144260949442,0.0018010848434641957,0.007186685223132372,0.006756037473678589,4096,0.24250082671642303,0.0,1.3143936395645142
0,D1,validation_test_seen,eval,scene_0123,128,6016,0,200684,0.00332113285548985,0.00044430437264963984,0.05994100496172905,0.05883701890707016,1.018763460065891,1.0276164594842048,0.0,0.0,72385,0.005451783537864685,-0.0006834224914200604,0.048547372221946716,0.04689929634332657,1.0351407378600181,1.040332601628329,0.0,0.0,128299,0.002119040582329035,0.0010805566562339664,0.05228244513273239,0.051957398653030396,1.0062560191258352,1.003318397032581,0.0,0.0,0.9181790692802603,0.9995683667198132,0.9176439468752842,0.0020480260718613863,0.012482126243412495,0.012476738542318344,4096,0.24197621643543243,0.0,1.0019111633300781
0,D1,validation_test_seen,eval,scene_0124,128,6272,0,200223,0.0047885579988360405,8.52203811518848e-05,0.049908801913261414,0.04967567324638367,1.0046930147422757,1.0221583239176009,0.0,0.0,71991,0.009224596433341503,-0.0012167425593361259,0.035708535462617874,0.034191593527793884,1.0443659326258334,1.062517899134739,0.0,0.0,128232,0.002298112493008375,0.000816158193629235,0.05027947202324867,0.05110533535480499,0.9838399782366622,0.9934191613100207,0.0,0.0,0.6263719743939976,0.9085395571528404,0.6886488029510002,0.002162075834348798,0.008394596166908741,0.007626822683960199,4096,0.24397727847099304,0.0,1.2178322076797485
0,D1,validation_test_seen,eval,scene_0125,128,6528,0,200704,0.006830177735537291,0.00451581459492445,0.05943312495946884,0.0626876950263977,0.9480827925550881,0.9386198082745238,0.0,0.0,61232,0.016325021162629128,0.01060799602419138,0.0539422482252121,0.055785808712244034,0.9669528769128105,1.005593533895489,0.0,0.0,139472,0.0026616838295012712,0.0018411808414384723,0.05017569288611412,0.05128074064850807,0.9784510178983521,0.9909828723840355,0.0,0.0,0.5980034936879124,1.3319955219615442,0.4477804191557464,0.004244028124958277,0.011862926185131073,0.015801364555954933,4096,0.24192343652248383,0.0,1.6107476949691772
0,D1,validation_test_seen,eval,scene_0126,128,6784,0,200700,0.0027469743508845568,0.0014631443191319704,0.05063742399215698,0.05136072263121605,0.9859172807156055,0.9804935860437717,0.0,0.0,60523,0.005849423352628946,0.003168755676597357,0.03200912103056908,0.03332030400633812,0.9606491292660585,0.9350921807726895,0.0,0.0,140177,0.001407457166351378,0.0007267274195328355,0.053271349519491196,0.053400807082653046,0.9975757377044606,0.9972895787661286,0.0,0.0,0.723783628744242,0.984750973093759,0.7358289704726135,0.0017896227072924376,0.007858054712414742,0.007738227024674416,4096,0.24490688741207123,0.0,1.083396315574646
0,D1,validation_test_seen,eval,scene_0127,128,7040,0,200161,0.003404285991564393,0.001409130753017962,0.05063849315047264,0.05238356813788414,0.9666865956359042,0.9938172251414855,0.0,0.0,42698,0.008700767531991005,0.005128575023263693,0.033293917775154114,0.03676766902208328,0.9055215807985332,0.8816467683371689,0.0,0.0,157463,0.0019680808763951063,0.0004005585506092757,0.05218257009983063,0.05304429680109024,0.9837545833722523,0.9921692385265087,0.0,0.0,0.623935850741104,0.8643702623602719,0.7187273118033697,0.0022080291528254747,0.009289361536502838,0.008029447868466377,4096,0.24483677744865417,0.0,1.158808708190918
0,D1,validation_test_seen,eval,scene_0128,128,7296,0,200671,0.0033935310784727335,0.001645113225094974,0.056303296238183975,0.05794762074947357,0.971623951250759,0.9478293276891047,0.0,0.0,61355,0.005972797982394695,0.004235371947288513,0.04836094751954079,0.050289787352085114,0.9616454963501779,0.9782881913194815,0.0,0.0,139316,0.0022576169576495886,0.000504359311889857,0.05117892473936081,0.051738664507865906,0.9891814028477678,0.9627794308652335,0.0,0.0,0.46587886196207984,0.8757664963446196,0.5322503900059731,0.0018941520247608423,0.007903825491666794,0.006921905558556318,4096,0.2439243644475937,0.0,1.0733357667922974
0,D1,validation_test_seen,eval,scene_0129,128,7552,0,200043,0.003178983461111784,0.0005130094941705465,0.054412148892879486,0.05616459250450134,0.968798071285189,1.0101069228541626,0.0,0.0,59425,0.005329988431185484,0.0005979122361168265,0.04318457469344139,0.04574619233608246,0.9440036970985106,0.9276399625885747,0.0,0.0,140618,0.00226997141726315,0.0004771297099068761,0.05465000495314598,0.056242913007736206,0.9716780662770593,1.0019004861307452,0.0,0.0,0.780723755784335,1.1940610134973828,0.6528727334077502,0.0013873055577278137,0.00458768755197525,0.005477978847920895,4096,0.24464669823646545,0.0,1.1323363780975342
0,D1,validation_test_seen,eval,scene_0100,192,192,0,198401,0.004338705446571112,0.0006942566251382232,0.08795512467622757,0.08828484266996384,0.9962652932965078,0.9887925174032257,0.0,0.0,54212,0.0069869267754256725,-0.0005265913205221295,0.05327458307147026,0.05435025691986084,0.9802084864110826,1.0034748086132252,0.0,0.0,144189,0.0033430312760174274,0.001153269549831748,0.08748117089271545,0.08812298625707626,0.992716822345438,0.9903063353226832,0.0,0.0,0.7058651009799575,1.105422333303831,0.6130983394248232,0.0023996103554964066,0.007397410459816456,0.008177262730896473,4096,0.24079102277755737,0.0,1.3718570470809937
0,D1,validation_test_seen,eval,scene_0129,192,7616,0,199019,0.0035299197770655155,0.0008003294933587313,0.08519881218671799,0.08601099997758865,0.990557163722288,0.9874387427477046,0.0,0.0,57613,0.00552263343706727,0.0008219551527872682,0.05673040449619293,0.05941979959607124,0.9547390748847943,0.9235513953604372,0.0,0.0,141406,0.0027180290780961514,0.0007915185415185988,0.0862489864230156,0.08663759380578995,0.9955145639934845,0.9930856462767863,0.0,0.0,0.7332283892346451,1.1143242788086096,0.6368598116610279,0.0017146699829027057,0.00579006876796484,0.0064520142041146755,4096,0.2412756085395813,0.0,1.0604788064956665
50,D1,train,train,scene_0000,128,128,0,199291,0.00512074725702405,-0.00123451161198318,0.051865946501493454,0.05072623863816261,1.022467817325478,1.0100953464243227,0.0,0.0,97957,0.006301776506006718,-0.0023841275833547115,0.04617751017212868,0.04420310631394386,1.0446666314390214,1.053560967043236,0.0,0.0,101334,0.003979075700044632,-0.00012320710811764002,0.05379081144928932,0.05377337336540222,1.0003242884497612,1.0130365651935136,0.0,0.0,0.7073792690153494,1.0665551702868081,0.6607311878690864,0.00265508727170527,0.008893096819519997,0.009484978392720222,4096,0.24351611733436584,0.0,0.6703992486000061
50,D1,train,train,scene_0006,128,1664,0,200073,0.007771147880703211,0.003533880924805999,0.059291452169418335,0.06395228207111359,0.9271201941392411,0.8924967868462368,0.0,0.0,62719,0.019562046974897385,0.011560143902897835,0.04651591554284096,0.05385834351181984,0.8636714854149292,0.7757362842185374,0.0,0.0,137354,0.0023871527519077063,-0.00013109449355397373,0.053144149482250214,0.0529913492500782,1.0028834938972946,1.009953190750144,0.0,0.0,0.8217368006825061,2.021976002234825,0.405813275964598,0.005990947131067514,0.008401311933994293,0.016987251117825508,4096,0.2430705726146698,0.0,0.9693547487258911
50,D1,train,train,scene_0013,128,3456,0,200704,0.010511050000786781,0.0068803392350673676,0.06303872913122177,0.0688348039984703,0.9157973215500499,0.898835301826596,0.0,0.0,89703,0.0202183835208416,0.015171264298260212,0.04343093931674957,0.04699346423149109,0.9241910556499427,0.9158670386753011,0.0,0.0,111001,0.0026662866584956646,0.00018021192227024585,0.05189041048288345,0.05120379477739334,1.0134094691316367,1.014868159716458,0.0,0.0,1.2060414219478557,2.2528814023647015,0.5386303433078046,0.00554229412227869,0.00777825340628624,0.01752348244190216,4096,0.23957139253616333,0.0,1.117823600769043
50,D1,train,train,scene_0019,128,4992,0,200704,0.006873339880257845,0.003712417557835579,0.054434169083833694,0.055892203003168106,0.9739134648306532,0.9804686213682322,0.0,0.0,58792,0.01633649878203869,0.010823977179825306,0.0437588207423687,0.04431021586060524,0.9875560272608203,0.9570816975993769,0.0,0.0,141912,0.0029528960585594177,0.0007662057178094983,0.053094182163476944,0.05229644477367401,1.01525414190688,1.0281070394106357,0.0,0.0,0.5835833856295367,1.2952961610989555,0.45283940992557026,0.005883291829377413,0.011479240842163563,0.014869016595184803,4096,0.2437889575958252,0.0,1.1783710718154907
50,D1,train,train,scene_0026,128,6784,0,200606,0.004995991475880146,-0.0018222994403913617,0.05727732926607132,0.05439907684922218,1.05290994964541,1.0607888428530707,0.0,0.0,73365,0.008120854385197163,-0.004309774376451969,0.045158714056015015,0.03955148905515671,1.141770262885393,1.1198144565282702,0.0,0.0,127241,0.0031942492350935936,-0.00038806372322142124,0.054922670125961304,0.05409681051969528,1.0152663271333777,1.0178428225794043,0.0,0.0,0.9821776011082943,1.351735842861071,0.7230703450576694,0.003125071758404374,0.00924619846045971,0.012498417869210243,4096,0.24365995824337006,0.0,0.8228873610496521
50,D1,train,train,scene_0033,128,8576,0,199769,0.006684147287160158,0.001807302120141685,0.06555517762899399,0.06836948543787003,0.9588367852872974,0.9090628361083948,0.0,0.0,68040,0.013835049234330654,0.005547322798520327,0.05766461789608002,0.06265620142221451,0.9203337672435925,0.9169906433417585,0.0,0.0,131729,0.00299059902317822,-0.0001244744344148785,0.057142771780490875,0.05706477537751198,1.0013668046962931,1.025063555408984,0.0,0.0,0.7509847882872038,1.5854461215838844,0.4769387304913693,0.005545933265239,0.010004051961004734,0.01586088538169861,4096,0.24206718802452087,0.0,1.1377708911895752
50,D1,train,train,scene_0039,128,10112,0,200702,0.0058939638547599316,0.002318777609616518,0.05455942451953888,0.0558958500623703,0.9760907913317322,0.9355273538480496,0.0,0.0,79754,0.010732277296483517,0.0060650017112493515,0.049133386462926865,0.05079520866274834,0.9672838788623739,0.9517022870229205,0.0,0.0,120948,0.0027035437524318695,-0.0001515105104772374,0.05194048210978508,0.051167383790016174,1.0151092016535688,1.0187654574002418,0.0,0.0,0.8010247143859135,1.2004335792620489,0.6697067396643918,0.00413471320644021,0.010834875516593456,0.013006548397243023,4096,0.2427615523338318,0.0,0.7105947732925415
50,D1,train,train,scene_0046,128,11904,0,200574,0.0050795250572264194,0.001892653526738286,0.05300247296690941,0.053314391523599625,0.994149449186677,0.9841718905651039,0.0,0.0,61885,0.011372755281627178,0.005551984999328852,0.0316399410367012,0.02987593784928322,1.0590442782521823,1.1906578578593812,0.0,0.0,138689,0.0022713961079716682,0.00025980803184211254,0.05554310604929924,0.05511162057518959,1.0078293011456807,1.0193294675845517,0.0,0.0,0.7956147269706673,1.6535504329049735,0.481462349798578,0.004004401154816151,0.00677051255479455,0.011195383965969086,4096,0.24416854977607727,0.0,0.9796078205108643
50,D1,train,train,scene_0052,128,13440,0,200635,0.005608529783785343,-0.001125479699112475,0.05560268834233284,0.053535621613264084,1.0386110531040629,1.0295079838044585,0.0,0.0,91160,0.009165743365883827,-0.0022613692563027143,0.037234872579574585,0.03297131881117821,1.1293109867037199,1.1280131561618703,0.0,0.0,109475,0.00264643132686615,-0.00017962265701498836,0.05587167292833328,0.05531821399927139,1.0100050035792765,1.0107414658793066,0.0,0.0,0.5950340649396256,1.14815195547243,0.512660666360692,0.002605411224067211,0.006577382795512676,0.0075518349185585976,4096,0.24272717535495758,0.0,0.7755423784255981
50,D1,train,train,scene_0059,128,15232,0,199735,0.00751453684642911,0.00013615206989925355,0.06720829755067825,0.06833288073539734,0.9835425760978267,0.9239619926551069,0.0,0.0,85876,0.011315226554870605,4.383032865007408e-05,0.05058623105287552,0.05037938058376312,1.0041058557432734,0.9959027907521478,0.0,0.0,113859,0.004647940397262573,0.00020578403200488538,0.059747859835624695,0.06215624138712883,0.9612527801270355,1.0098047757754538,0.0,0.0,0.6751898108566815,1.2812884330531207,0.5237513847040587,0.004234811756759882,0.009780775755643845,0.012531994841992855,4096,0.24070553481578827,0.0,0.9462712407112122
50,D1,train,train,scene_0066,128,17024,0,200531,0.0053918492048978806,0.0021630749106407166,0.04589094594120979,0.04653300344944,0.9862021047292202,1.0123692136605502,0.0,0.0,53207,0.013589533977210522,0.008592970669269562,0.03457598760724068,0.03818947449326515,0.9053800311742513,0.8761220933725891,0.0,0.0,147324,0.0024312033783644438,-0.0001591225154697895,0.04868185520172119,0.047568727284669876,1.02340041410799,1.0228429645868278,0.0,0.0,0.47829057582322704,1.1240921355546203,0.42136214989556775,0.004640040919184685,0.009781885892152786,0.010995741002261639,4096,0.24508492648601532,0.0,0.932700514793396
50,D1,train,train,scene_0072,128,18560,0,200356,0.00691097741946578,0.0010787062346935272,0.05564499273896217,0.05605534091591835,0.9926795882381362,0.9948191790085688,0.0,0.0,66762,0.014442143961787224,0.003974683117121458,0.04093180224299431,0.04116056486964226,0.9944421893292171,0.9020307583991551,0.0,0.0,133594,0.003147367388010025,-0.0003685234987642616,0.054794855415821075,0.05397564545273781,1.0151774000331424,1.0243743767491706,0.0,0.0,0.6484862514645123,1.3109910394133986,0.49201855970074077,0.005255412310361862,0.011699389666318893,0.01533779501914978,4096,0.24392074346542358,0.0,0.9319747090339661
50,D1,train,train,scene_0079,128,20352,0,200683,0.008942699059844017,0.0015301099047064781,0.062217019498348236,0.06036735698580742,1.0306401108959546,1.031617759740224,0.0,0.0,98725,0.013987680897116661,0.0026152378413826227,0.04511060565710068,0.039067342877388,1.1546883492608986,1.1607779617876064,0.0,0.0,101958,0.004057688172906637,0.000479389913380146,0.05801137909293175,0.05715063586831093,1.0150609562176034,1.0122820390901932,0.0,0.0,0.8830088198378218,1.8959206472045524,0.4670336095610964,0.0033542218152433634,0.005860729143023491,0.011111477389931679,4096,0.24041776359081268,0.0,1.149445652961731
50,D1,train,train,scene_0085,128,21888,0,200633,0.007844475097954273,0.0030667814426124096,0.05025574192404747,0.050385165959596634,0.9974313067530045,1.0140656156980608,0.0,0.0,90883,0.012167688459157944,0.0047638025134801865,0.03877490386366844,0.038099657744169235,1.0177231544711853,1.0648561048921381,0.0,0.0,109750,0.004264460410922766,0.0016614937921985984,0.053338680416345596,0.053024355322122574,1.0059279380638104,1.0104654478322435,0.0,0.0,0.8224254909656954,1.4148201091798918,0.5831245127232444,0.004268330056220293,0.008934836834669113,0.012641186825931072,4096,0.24320676922798157,0.0,0.9514302015304565
50,D1,train,train,scene_0092,128,23680,0,200680,0.005433505866676569,0.0005701148184016347,0.05387745797634125,0.05243854597210884,1.0274399676336896,1.0188289502536059,0.0,0.0,55656,0.012290365993976593,0.0024824468418955803,0.04227517917752266,0.037250760942697525,1.1348809556549502,1.1626220236179672,0.0,0.0,145024,0.0028020411264151335,-0.0001637825189391151,0.05390062555670738,0.05279667675495148,1.0209094372905274,1.023992855390197,0.0,0.0,0.7192081178951282,1.4245008023811974,0.5031183782762645,0.005000782199203968,0.009336077608168125,0.013299250043928623,4096,0.24441936612129211,0.0,0.9173225164413452
50,D1,train,train,scene_0099,128,25472,0,200699,0.007502831984311342,0.0032841432839632034,0.05528327822685242,0.05544103682041168,0.9971544797390733,0.9180138227947312,0.0,0.0,77958,0.014267620630562305,0.007102706003934145,0.04658348858356476,0.0436473973095417,1.0672684158737045,1.139761321941684,0.0,0.0,122741,0.003206229070201516,0.0008588123018853366,0.051583074033260345,0.05100555345416069,1.0113226999804772,1.0180908188177116,0.0,0.0,0.4692778328488595,1.2893883132110298,0.3641264402642113,0.0048908572643995285,0.0100361043587327,0.01294043567031622,4096,0.24325641989707947,0.0,1.0419517755508423
50,D1,validation_test_seen,train,scene_0100,128,128,0,199556,0.004299089778214693,0.0009133053245022893,0.05393364652991295,0.052054379135370255,1.0361020038228783,1.0238436352992932,0.0,0.0,57517,0.007859851233661175,0.0016389379743486643,0.041321322321891785,0.037038180977106094,1.1156412445695745,1.1611060965335762,0.0,0.0,142039,0.0028572019655257463,0.0006194690940901637,0.054681602865457535,0.053139571100473404,1.0290185210954854,1.0178186056251672,0.0,0.0,0.6052953588462152,1.1433465398861096,0.5279963052437118,0.002740808529779315,0.005813529249280691,0.0066468785516917706,4096,0.2447388470172882,0.0,1.0940886735916138
50,D1,validation_test_seen,train,scene_0101,128,384,0,200668,0.00440498860552907,-0.0013858770253136754,0.05838702991604805,0.05655544623732567,1.032385628627815,1.0343665031455924,0.0,0.0,66409,0.008231799118220806,-0.004515454638749361,0.054078176617622375,0.053048230707645416,1.0194152735395285,1.0000078831933779,0.0,0.0,134259,0.002512120408937335,0.00016211680485866964,0.0497896671295166,0.04894638806581497,1.0172286270146784,1.023924369417387,0.0,0.0,0.794510877695608,1.4039540513960462,0.5603723837599924,0.0026562416460365057,0.0050209034234285355,0.00704911770299077,4096,0.24402908980846405,0.0,0.904354989528656
50,D1,validation_test_seen,train,scene_0102,128,640,0,200285,0.005787670612335205,0.00245704990811646,0.05143015831708908,0.05198422446846962,0.9893416482202865,0.9744418320711603,0.0,0.0,48268,0.015995532274246216,0.009600373916327953,0.04064473882317543,0.03879689425230026,1.0476286725132802,1.1009170199005622,0.0,0.0,152017,0.002546499017626047,0.00018892220396082848,0.051003072410821915,0.050269003957509995,1.0146028048204891,1.0146590918766987,0.0,0.0,0.5227303909837113,1.340494570050111,0.3886751076582245,0.004737716168165207,0.008749539032578468,0.011728709563612938,4096,0.24493108689785004,0.0,1.514136552810669
50,D1,validation_test_seen,train,scene_0103,128,896,0,200682,0.005411870777606964,0.0003095134161412716,0.055387306958436966,0.05294144153594971,1.0461994488915909,1.0514156865651911,0.0,0.0,54316,0.011753205209970474,0.0017354361480101943,0.04451969265937805,0.03799759969115257,1.1716448676031528,1.2756041778746525,0.0,0.0,146366,0.003058620262891054,-0.00021964218467473984,0.05444096773862839,0.052473071962594986,1.037502964900477,1.037366514588138,0.0,0.0,0.8343843757391384,1.2784089385383208,0.6532412512023871,0.004894484765827656,0.011807683855295181,0.01509504858404398,4096,0.24428030848503113,0.0,1.2527884244918823
50,D1,validation_test_seen,train,scene_0104,128,1152,0,200697,0.0036149374209344387,-0.000216105196159333,0.04997153952717781,0.0484677329659462,1.0310269630784712,1.0332730595009725,0.0,0.0,52465,0.007969474419951439,0.00024179753381758928,0.03348662704229355,0.0303192138671875,1.1044688423974585,1.1432518775463456,0.0,0.0,148232,0.002073699841275811,-0.00037817461998201907,0.05332596227526665,0.05203025043010712,1.02490304840835,1.0329589390858716,0.0,0.0,0.6713906346807101,1.272529171921871,0.5248884140519025,0.0035928140860050917,0.007778441533446312,0.009898293763399124,4096,0.24494121968746185,0.0,0.7590026259422302
50,D1,validation_test_seen,train,scene_0105,128,1408,0,200704,0.006337611470371485,-0.00027348793810233474,0.051670800894498825,0.05086847394704819,1.0157725774963453,1.0080130510350944,0.0,0.0,55002,0.013936671428382397,0.004117260687053204,0.0414741188287735,0.03774315118789673,1.0988515140747759,1.1290738519974544,0.0,0.0,145702,0.003468993352726102,-0.0019309802446514368,0.05136662349104881,0.05001714453101158,1.0269803278993772,1.0266268315838,0.0,0.0,0.6450412392723821,1.1667209173948667,0.5547076678642425,0.0047310772351920605,0.01031164824962616,0.012030815705657005,4096,0.24442622065544128,0.0,1.253724455833435
50,D1,validation_test_seen,train,scene_0106,128,1664,0,200309,0.006590609904378653,-0.0005009020678699017,0.05915195122361183,0.057935118675231934,1.0210033668041851,1.0471127081373122,0.0,0.0,98174,0.009528043679893017,-0.0013902762439101934,0.04331054538488388,0.040384773164987564,1.0724474100162305,1.0731971708255732,0.0,0.0,102135,0.0037670976016670465,0.00035398025647737086,0.053252700716257095,0.053902383893728256,0.9879470418460147,1.0234214032221949,0.0,0.0,1.0303831034908786,1.5846695660362007,0.6435584476625966,0.0029793251305818558,0.005968934390693903,0.00945878867059946,4096,0.2419642060995102,0.0,1.1259417533874512
50,D1,validation_test_seen,train,scene_0107,128,1920,0,199994,0.010053500533103943,0.005589997861534357,0.05342113971710205,0.058338407427072525,0.9157113139209802,0.8638122561910191,0.0,0.0,66108,0.024813683703541756,0.01548225712031126,0.04281178489327431,0.04761239513754845,0.8991730991392985,0.8815701452267112,0.0,0.0,133886,0.0027654634322971106,0.0007055628229863942,0.05100434273481369,0.05165746808052063,0.9873566132840873,1.0117791125566038,0.0,0.0,0.5399489523725306,1.469285401853864,0.3668153865260923,0.006299201864749193,0.010132870636880398,0.014888078905642033,4096,0.24311603605747223,0.0,1.627619981765747
50,D1,validation_test_seen,train,scene_0108,128,2176,0,199879,0.007153624203056097,-0.0010005284566432238,0.05656162649393082,0.05443450063467026,1.039076795680307,1.049849284146541,0.0,0.0,82022,0.011756684631109238,-0.003910945262759924,0.04168637841939926,0.037817005068063736,1.10231834446888,1.1423110770958418,0.0,0.0,117857,0.003950146492570639,0.00102496228646487,0.05334050953388214,0.05369402468204498,0.9934161175241338,1.0218221908475658,0.0,0.0,0.6642127227130152,1.472113471286649,0.4509136814891968,0.003872821107506752,0.007075968664139509,0.010416628792881966,4096,0.24296680092811584,0.0,1.2184354066848755
50,D1,validation_test_seen,train,scene_0109,128,2432,0,199635,0.007785573601722717,0.0009581716731190681,0.05283346772193909,0.054467979818582535,0.9699913214683646,0.9477578948049616,0.0,0.0,90009,0.011202952824532986,0.0005108186160214245,0.04660312458872795,0.04967711120843887,0.938120664730023,0.8819570893298334,0.0,0.0,109626,0.004979715682566166,0.0013254731893539429,0.049787286669015884,0.05085480585694313,0.979008489562811,1.0402855062329581,0.0,0.0,0.8275421536789974,1.3964651325774382,0.5904501238854785,0.003383659292012453,0.008185934275388718,0.011431371793150902,4096,0.24212023615837097,0.0,1.091776728630066
50,D1,validation_test_seen,train,scene_0110,128,2688,0,200090,0.006082246080040932,0.001162243541330099,0.05200646445155144,0.05254792049527168,0.9896959567835045,0.9835873280539926,0.0,0.0,68702,0.01117247436195612,0.002094786614179611,0.03647590056061745,0.03589851036667824,1.0160839596975353,1.0794935364385885,0.0,0.0,131388,0.0034205957781523466,0.0006746220169588923,0.05246274918317795,0.053071681410074234,0.9885262307370444,1.0181331020028772,0.0,0.0,0.5933179757678516,1.3721942964426666,0.43295691876554443,0.003829504828900099,0.0076749287545681,0.010531493462622166,4096,0.24382048845291138,0.0,0.8360269069671631
50,D1,validation_test_seen,train,scene_0111,128,2944,0,200582,0.00635666586458683,0.002675039228051901,0.04779387637972832,0.045875683426856995,1.0418128474517363,1.0409400612677493,0.0,0.0,85341,0.010841459035873413,0.005680443253368139,0.03414773941040039,0.02907377853989601,1.1745201733425092,1.1641178228925362,0.0,0.0,115241,0.003035480622202158,0.0004494065360631794,0.05278180539608002,0.05075240507721901,1.0399862886453028,1.0298397333657803,0.0,0.0,0.5744793321396445,1.248626037462142,0.45876458859917346,0.0032877761404961348,0.006728209555149078,0.008401017636060715,4096,0.24402134120464325,0.0,1.111363172531128
50,D1,validation_test_seen,train,scene_0112,128,3200,0,200135,0.006665010005235672,0.0007568132714368403,0.056287527084350586,0.05462484434247017,1.0304382147335054,1.0871665795259158,0.0,0.0,68226,0.010955753736197948,-0.000632797135040164,0.048353228718042374,0.04084191843867302,1.183911788831568,1.1734415621184682,0.0,0.0,131909,0.004445750266313553,0.001475547906011343,0.05557085946202278,0.056647252291440964,0.9809983223214374,1.0226570686079097,0.0,0.0,0.5317926423549498,1.1268861914785706,0.47308255070804184,0.0047288998030126095,0.00982955377548933,0.011076788417994976,4096,0.2438836395740509,0.0,1.1072313785552979
50,D1,validation_test_seen,train,scene_0113,128,3456,0,200704,0.007071156054735184,0.0008268611854873598,0.05538875609636307,0.05266651511192322,1.0516882686970028,1.0757871359874758,0.0,0.0,67285,0.014738347381353378,0.0020775538869202137,0.04479393735527992,0.037633322179317474,1.1902732674474799,1.190483367032573,0.0,0.0,133419,0.003204487496986985,0.00019612030882854015,0.0542573407292366,0.0523630753159523,1.0361755951470486,1.0288206480105448,0.0,0.0,0.5289290987688209,1.2578980924283572,0.42002207947985726,0.005303698591887951,0.010529140010476112,0.013244585134088993,4096,0.24366144835948944,0.0,1.4190025329589844
50,D1,validation_test_seen,train,scene_0114,128,3712,0,199834,0.0077651916071772575,0.002620069310069084,0.05513063818216324,0.057798922061920166,0.9538350580846753,0.9294541071241175,0.0,0.0,58958,0.01888980343937874,0.008626561611890793,0.05317356064915657,0.0569305457174778,0.9340075697330296,0.9479995323327864,0.0,0.0,140876,0.003109430894255638,0.00010629303869791329,0.05259542912244797,0.053133003413677216,0.9898824787478347,1.020705164370163,0.0,0.0,0.5603226166919112,1.3816474124364402,0.40644065423254816,0.006109556183218956,0.010604345239698887,0.01465146616101265,4096,0.24379831552505493,0.0,1.2920942306518555
50,D1,validation_test_seen,train,scene_0115,128,3968,0,200648,0.008002865128219128,0.00337403267621994,0.05106815695762634,0.05591801553964615,0.9132684066983523,0.8176044111346037,0.0,0.0,51118,0.02447415515780449,0.014279596507549286,0.04238327220082283,0.05734998360276222,0.7390284972772245,0.7501566259575635,0.0,0.0,149530,0.0023720269091427326,-0.00035411943099461496,0.05104351416230202,0.04989656060934067,1.0229866255099482,1.0224101220119344,0.0,0.0,0.4200879578093222,1.1178947050506982,0.37579489542127675,0.00530171999707818,0.011162856593728065,0.012478898279368877,4096,0.2442011833190918,0.0,1.3507225513458252
50,D1,validation_test_seen,train,scene_0116,128,4224,0,200682,0.010895944200456142,0.00869667623192072,0.057000890374183655,0.06261704117059708,0.9103095468674016,0.9535709313117011,0.0,0.0,68868,0.02471322752535343,0.021790865808725357,0.04372427985072136,0.046667635440826416,0.9369294038084023,0.9866773410694176,0.0,0.0,131814,0.0036769185680896044,0.0018554404377937317,0.05252887308597565,0.051975592970848083,1.010644998613828,1.025038783292013,0.0,0.0,0.5896186923236595,1.567006760864325,0.37611564238285233,0.006039380095899105,0.010103420354425907,0.01583212800323963,4096,0.243066668510437,0.0,1.3593072891235352
50,D1,validation_test_seen,train,scene_0117,128,4480,0,200501,0.0041726501658558846,0.0010632656048983335,0.05464828386902809,0.0538739413022995,1.0143732303226818,0.9887299769212342,0.0,0.0,53935,0.009145899675786495,0.0027441238053143024,0.0423932783305645,0.03975345194339752,1.0664049600252492,1.1489561676880322,0.0,0.0,146566,0.0023425372783094645,0.0004447244864422828,0.05397659167647362,0.05313188582658768,1.0158982847445486,1.0239165566961232,0.0,0.0,1.1835057343027016,1.7824975223777613,0.6597307733065868,0.003508749883621931,0.0057647996582090855,0.01027574110776186,4096,0.24448178708553314,0.0,1.076368808746338
50,D1,validation_test_seen,train,scene_0118,128,4736,0,200491,0.005303564947098494,-0.001973843900486827,0.05946344509720802,0.057867057621479034,1.027587154787985,1.0057017551507688,0.0,0.0,65199,0.01010795310139656,-0.006035258062183857,0.048683710396289825,0.04918580502271652,0.9897918794620765,0.9717759755310682,0.0,0.0,135292,0.0029882662929594517,-1.6594434782746248e-05,0.05310799181461334,0.05246668681502342,1.0122230893262025,1.0303395604178005,0.0,0.0,0.6070897880510882,1.2569513035852766,0.48005352629716624,0.0029927000869065523,0.005581997334957123,0.0070162988267838955,4096,0.24344341456890106,0.0,1.1580601930618286
50,D1,validation_test_seen,train,scene_0119,128,4992,0,199640,0.010064097121357918,0.0052572148852050304,0.05589118227362633,0.056304823607206345,0.9926535364631339,0.9950019862426561,0.0,0.0,70329,0.021199319511651993,0.012006151489913464,0.04679940268397331,0.04295191913843155,1.0895765223700842,1.0860566753155476,0.0,0.0,129311,0.004007928539067507,0.0015866388566792011,0.05299382284283638,0.051717229187488556,1.0246841077026736,1.0270650054113681,0.0,0.0,0.45620435311165514,1.2970659758760692,0.35852506682858626,0.005485232919454575,0.010213229805231094,0.013247232884168625,4096,0.24367208778858185,0.0,1.3941938877105713
50,D1,validation_test_seen,train,scene_0120,128,5248,0,200686,0.006602599751204252,0.0026584966108202934,0.05186353251338005,0.0505831353366375,1.0253127286045307,1.0242919178301488,0.0,0.0,62231,0.014867189340293407,0.0061435457319021225,0.03823719918727875,0.03299010917544365,1.1590503985279563,1.156182219419021,0.0,0.0,138455,0.002887936308979988,0.0010920809581875801,0.05351671949028969,0.052198220044374466,1.025259471391828,1.0206020069565427,0.0,0.0,0.7110622243228176,1.2206580576105575,0.5809216075061341,0.004495425149798393,0.009270037524402142,0.011315545998513699,4096,0.24449898302555084,0.0,1.3791732788085938
50,D1,validation_test_seen,train,scene_0121,128,5504,0,199742,0.0074140760116279125,0.003897146787494421,0.052262745797634125,0.05205470323562622,1.0039966141208452,0.9704087751798599,0.0,0.0,68418,0.016107983887195587,0.0099314721301198,0.042753349989652634,0.03979155048727989,1.0744328749722767,1.192932245750443,0.0,0.0,131324,0.0028846687637269497,0.0007533471216447651,0.05282630771398544,0.05136334151029587,1.0284826913645468,1.0285620621252,0.0,0.0,0.5826767264712014,1.4360391951790374,0.40752354108055794,0.004658793564885855,0.008635847829282284,0.012401415966451168,4096,0.24408048391342163,0.0,1.1543065309524536
50,D1,validation_test_seen,train,scene_0122,128,5760,0,200023,0.005912391468882561,0.0002136383845936507,0.0661759153008461,0.06293501704931259,1.0514959461915154,1.0641387392088104,0.0,0.0,78065,0.009919335134327412,-0.0020367298275232315,0.0509013906121254,0.04501315951347351,1.1308113263386765,1.11695722887599,0.0,0.0,121958,0.0033475584350526333,0.0016540932701900601,0.05755606293678284,0.056563809514045715,1.0175421958185247,1.0183152671284479,0.0,0.0,0.6132231105547586,1.182069486290317,0.5161151640503242,0.0030903758015483618,0.007186685223132372,0.008495161309838295,4096,0.2418384552001953,0.0,1.2153575420379639
50,D1,validation_test_seen,train,scene_0123,128,6016,0,200684,0.005993197672069073,0.0020073240157216787,0.05811995640397072,0.05883701890707016,0.9878127322488585,0.9371416808509331,0.0,0.0,72385,0.01139996200799942,0.0036520264111459255,0.04439208656549454,0.04689929634332657,0.9465405672725239,0.9761163436114567,0.0,0.0,128299,0.002942756749689579,0.0010793993715196848,0.053045183420181274,0.051957398653030396,1.0209360898611393,1.0244743945364847,0.0,0.0,0.886350516430048,1.253344411796504,0.7044837905158063,0.00428207591176033,0.012482126243412495,0.01564440317451954,4096,0.24239686131477356,0.0,1.0983409881591797
50,D1,validation_test_seen,train,scene_0124,128,6272,0,200223,0.0055152177810668945,0.0007569628651253879,0.0509214922785759,0.04967567324638367,1.0250790568255241,1.0424849053256344,0.0,0.0,71991,0.009609159082174301,0.0017393074231222272,0.03756961226463318,0.034191593527793884,1.0987967622536619,1.1421264384943866,0.0,0.0,128232,0.0032168289180845022,0.00020546294399537146,0.05210559070110321,0.05110533535480499,1.0195724250580458,1.0200794647422342,0.0,0.0,0.6140403848266935,1.2549552461056472,0.49079042729669276,0.004008732736110687,0.008394596166908741,0.010534842498600483,4096,0.24395456910133362,0.0,1.1250858306884766
50,D1,validation_test_seen,train,scene_0125,128,6528,0,200704,0.011503413319587708,0.009217462502419949,0.05514244735240936,0.0626876950263977,0.879637500297131,0.8232326313323989,0.0,0.0,61232,0.030527247115969658,0.026356738060712814,0.04798314347863197,0.055785808712244034,0.860131717837775,0.9374840329327706,0.0,0.0,139472,0.003151432378217578,0.00169285386800766,0.05128331482410431,0.05128074064850807,1.0000501977070473,1.0164502720931488,0.0,0.0,0.5939977243104608,1.4293699343367572,0.4149385427545438,0.00663505494594574,0.011862926185131073,0.0169565100222826,4096,0.24302680790424347,0.0,1.5317806005477905
50,D1,validation_test_seen,train,scene_0126,128,6784,0,200700,0.004056388512253761,0.00150307547301054,0.05180024355649948,0.05136072263121605,1.0085575300106135,1.0024519363064792,0.0,0.0,60523,0.008664286695420742,0.0035611672792583704,0.033577293157577515,0.03332030400633812,1.0077126892716979,0.9758718751649039,0.0,0.0,140177,0.0020668767392635345,0.0006144710932858288,0.05454227328300476,0.053400807082653046,1.021375448475619,1.0225969101754244,0.0,0.0,0.7121534323524322,1.2681972266264905,0.5653225232118202,0.0034442886244505644,0.007858054712414742,0.0099655631929636,4096,0.24479179084300995,0.0,1.079168677330017
50,D1,validation_test_seen,train,scene_0127,128,7040,0,200161,0.006405750289559364,0.003604758996516466,0.05186351761221886,0.05238356813788414,0.9900722584552392,1.013885468445275,0.0,0.0,42698,0.019585993140935898,0.015689169988036156,0.038046106696128845,0.03676766902208328,1.0347707023058141,1.0416359550224303,0.0,0.0,157463,0.002831768011674285,0.00032792409183457494,0.05401366576552391,0.05304429680109024,1.0182747066676874,1.0191413467749861,0.0,0.0,0.6523964764373127,1.5483332491175388,0.4215066549371007,0.006169082596898079,0.009289361536502838,0.014383027330040932,4096,0.24493025243282318,0.0,1.3410425186157227
50,D1,validation_test_seen,train,scene_0128,128,7296,0,200671,0.00628003291785717,0.0030452744103968143,0.056509338319301605,0.05794762074947357,0.9751796120087461,0.9555683077760312,0.0,0.0,61355,0.013287046924233437,0.009173695929348469,0.049608081579208374,0.050289787352085114,0.9864444490865704,1.041881857468554,0.0,0.0,139316,0.0031941309571266174,0.0003463065077085048,0.05255161598324776,0.051738664507865906,1.015712649004658,0.9880136225833822,0.0,0.0,0.6313525069203577,1.434413246753614,0.4414453223783569,0.003936476539820433,0.007903825491666794,0.011337351985275745,4096,0.24405011534690857,0.0,1.1418888568878174
50,D1,validation_test_seen,train,scene_0129,128,7552,0,200043,0.004160631448030472,-3.669945363071747e-05,0.05646000802516937,0.05616459250450134,1.0052598177516263,1.0247411743426387,0.0,0.0,59425,0.006686740089207888,-0.0008967335452325642,0.04686909541487694,0.04574619233608246,1.0245463725274635,1.0532578059361575,0.0,0.0,140618,0.0030931008514016867,0.0003267499851062894,0.05601991340517998,0.056242913007736206,0.9960350630749593,1.0259591935648948,0.0,0.0,0.9958163986784674,1.6979356645321388,0.5834143022708728,0.0027093193493783474,0.00458768755197525,0.007789598312228918,4096,0.24436557292938232,0.0,1.117569923400879
50,D1,validation_test_seen,train,scene_0100,192,192,0,198401,0.006783606484532356,0.00044260540744289756,0.09131117910146713,0.08828484266996384,1.0342792300465062,1.0331068676152106,0.0,0.0,54212,0.01049515325576067,-0.001923103118315339,0.0571160688996315,0.05435025691986084,1.0508886643139301,1.0808577746359194,0.0,0.0,144189,0.005388143938034773,0.0013320614816620946,0.09082076698541641,0.08812298625707626,1.0306138142035957,1.0282830505002996,0.0,0.0,0.7202178709247191,1.249462633904027,0.5405432739798394,0.003508917987346649,0.007397410459816456,0.009242787957191467,4096,0.24017001688480377,0.0,1.2878007888793945
50,D1,validation_test_seen,train,scene_0129,192,7616,0,199019,0.006235314533114433,-0.0008423531544394791,0.08986308425664902,0.08601099997758865,1.0447859492397957,1.0439561043457601,0.0,0.0,57613,0.009024033322930336,-0.003619902301579714,0.06425366550683975,0.05941979959607124,1.081351097506699,1.0515486071178612,0.0,0.0,141406,0.005099108442664146,0.00028930234839208424,0.08972427248954773,0.08663759380578995,1.0356274747273915,1.029619311387779,0.0,0.0,0.910898795890782,1.6463744235800999,0.525787040368173,0.003230280475690961,0.00579006876796484,0.009532621130347252,4096,0.24033059179782867,0.0,1.0561925172805786
50,D1,train,eval,scene_0000,128,128,0,199291,0.00512074725702405,-0.00123451161198318,0.051865946501493454,0.05072623863816261,1.022467817325478,1.0100953464243227,0.0,0.0,97957,0.006301776506006718,-0.0023841275833547115,0.04617751017212868,0.04420310631394386,1.0446666314390214,1.053560967043236,0.0,0.0,101334,0.003979075700044632,-0.00012320710811764002,0.05379081144928932,0.05377337336540222,1.0003242884497612,1.0130365651935136,0.0,0.0,0.7073792690153494,1.0665551702868081,0.6607311878690864,0.00265508727170527,0.008893096819519997,0.009484978392720222,4096,0.24351611733436584,0.0,0.715050458908081
50,D1,train,eval,scene_0006,128,1664,0,200073,0.007771147880703211,0.003533880924805999,0.059291452169418335,0.06395228207111359,0.9271201941392411,0.8924967868462368,0.0,0.0,62719,0.019562046974897385,0.011560143902897835,0.04651591554284096,0.05385834351181984,0.8636714854149292,0.7757362842185374,0.0,0.0,137354,0.0023871527519077063,-0.00013109449355397373,0.053144149482250214,0.0529913492500782,1.0028834938972946,1.009953190750144,0.0,0.0,0.8217368006825061,2.021976002234825,0.405813275964598,0.005990947131067514,0.008401311933994293,0.016987251117825508,4096,0.2430705726146698,0.0,1.0608041286468506
50,D1,train,eval,scene_0013,128,3456,0,200704,0.010511050000786781,0.0068803392350673676,0.06303872913122177,0.0688348039984703,0.9157973215500499,0.898835301826596,0.0,0.0,89703,0.0202183835208416,0.015171264298260212,0.04343093931674957,0.04699346423149109,0.9241910556499427,0.9158670386753011,0.0,0.0,111001,0.0026662866584956646,0.00018021192227024585,0.05189041048288345,0.05120379477739334,1.0134094691316367,1.014868159716458,0.0,0.0,1.2060414219478557,2.2528814023647015,0.5386303433078046,0.00554229412227869,0.00777825340628624,0.01752348244190216,4096,0.23957139253616333,0.0,1.2373144626617432
50,D1,train,eval,scene_0019,128,4992,0,200704,0.006873339880257845,0.003712417557835579,0.054434169083833694,0.055892203003168106,0.9739134648306532,0.9804686213682322,0.0,0.0,58792,0.01633649878203869,0.010823977179825306,0.0437588207423687,0.04431021586060524,0.9875560272608203,0.9570816975993769,0.0,0.0,141912,0.0029528960585594177,0.0007662057178094983,0.053094182163476944,0.05229644477367401,1.01525414190688,1.0281070394106357,0.0,0.0,0.5835833856295367,1.2952961610989555,0.45283940992557026,0.005883291829377413,0.011479240842163563,0.014869016595184803,4096,0.2437889575958252,0.0,1.279839277267456
50,D1,train,eval,scene_0026,128,6784,0,200606,0.004995991475880146,-0.0018222994403913617,0.05727732926607132,0.05439907684922218,1.05290994964541,1.0607888428530707,0.0,0.0,73365,0.008120854385197163,-0.004309774376451969,0.045158714056015015,0.03955148905515671,1.141770262885393,1.1198144565282702,0.0,0.0,127241,0.0031942492350935936,-0.00038806372322142124,0.054922670125961304,0.05409681051969528,1.0152663271333777,1.0178428225794043,0.0,0.0,0.9821776011082943,1.351735842861071,0.7230703450576694,0.003125071758404374,0.00924619846045971,0.012498417869210243,4096,0.24365995824337006,0.0,0.9358948469161987
50,D1,train,eval,scene_0033,128,8576,0,199769,0.006684147287160158,0.001807302120141685,0.06555517762899399,0.06836948543787003,0.9588367852872974,0.9090628361083948,0.0,0.0,68040,0.013835049234330654,0.005547322798520327,0.05766461789608002,0.06265620142221451,0.9203337672435925,0.9169906433417585,0.0,0.0,131729,0.00299059902317822,-0.0001244744344148785,0.057142771780490875,0.05706477537751198,1.0013668046962931,1.025063555408984,0.0,0.0,0.7509847882872038,1.5854461215838844,0.4769387304913693,0.005545933265239,0.010004051961004734,0.01586088538169861,4096,0.24206718802452087,0.0,1.2132753133773804
50,D1,train,eval,scene_0039,128,10112,0,200702,0.0058939638547599316,0.002318777609616518,0.05455942451953888,0.0558958500623703,0.9760907913317322,0.9355273538480496,0.0,0.0,79754,0.010732277296483517,0.0060650017112493515,0.049133386462926865,0.05079520866274834,0.9672838788623739,0.9517022870229205,0.0,0.0,120948,0.0027035437524318695,-0.0001515105104772374,0.05194048210978508,0.051167383790016174,1.0151092016535688,1.0187654574002418,0.0,0.0,0.8010247143859135,1.2004335792620489,0.6697067396643918,0.00413471320644021,0.010834875516593456,0.013006548397243023,4096,0.2427615523338318,0.0,0.7643434405326843
50,D1,train,eval,scene_0046,128,11904,0,200574,0.0050795250572264194,0.001892653526738286,0.05300247296690941,0.053314391523599625,0.994149449186677,0.9841718905651039,0.0,0.0,61885,0.011372755281627178,0.005551984999328852,0.0316399410367012,0.02987593784928322,1.0590442782521823,1.1906578578593812,0.0,0.0,138689,0.0022713961079716682,0.00025980803184211254,0.05554310604929924,0.05511162057518959,1.0078293011456807,1.0193294675845517,0.0,0.0,0.7956147269706673,1.6535504329049735,0.481462349798578,0.004004401154816151,0.00677051255479455,0.011195383965969086,4096,0.24416854977607727,0.0,1.079478144645691
50,D1,train,eval,scene_0052,128,13440,0,200635,0.005608529783785343,-0.001125479699112475,0.05560268834233284,0.053535621613264084,1.0386110531040629,1.0295079838044585,0.0,0.0,91160,0.009165743365883827,-0.0022613692563027143,0.037234872579574585,0.03297131881117821,1.1293109867037199,1.1280131561618703,0.0,0.0,109475,0.00264643132686615,-0.00017962265701498836,0.05587167292833328,0.05531821399927139,1.0100050035792765,1.0107414658793066,0.0,0.0,0.5950340649396256,1.14815195547243,0.512660666360692,0.002605411224067211,0.006577382795512676,0.0075518349185585976,4096,0.24272717535495758,0.0,0.8251081705093384
50,D1,train,eval,scene_0059,128,15232,0,199735,0.00751453684642911,0.00013615206989925355,0.06720829755067825,0.06833288073539734,0.9835425760978267,0.9239619926551069,0.0,0.0,85876,0.011315226554870605,4.383032865007408e-05,0.05058623105287552,0.05037938058376312,1.0041058557432734,0.9959027907521478,0.0,0.0,113859,0.004647940397262573,0.00020578403200488538,0.059747859835624695,0.06215624138712883,0.9612527801270355,1.0098047757754538,0.0,0.0,0.6751898108566815,1.2812884330531207,0.5237513847040587,0.004234811756759882,0.009780775755643845,0.012531994841992855,4096,0.24070553481578827,0.0,1.059812068939209
50,D1,train,eval,scene_0066,128,17024,0,200531,0.0053918492048978806,0.0021630749106407166,0.04589094594120979,0.04653300344944,0.9862021047292202,1.0123692136605502,0.0,0.0,53207,0.013589533977210522,0.008592970669269562,0.03457598760724068,0.03818947449326515,0.9053800311742513,0.8761220933725891,0.0,0.0,147324,0.0024312033783644438,-0.0001591225154697895,0.04868185520172119,0.047568727284669876,1.02340041410799,1.0228429645868278,0.0,0.0,0.47829057582322704,1.1240921355546203,0.42136214989556775,0.004640040919184685,0.009781885892152786,0.010995741002261639,4096,0.24508492648601532,0.0,1.0263978242874146
50,D1,train,eval,scene_0072,128,18560,0,200356,0.00691097741946578,0.0010787062346935272,0.05564499273896217,0.05605534091591835,0.9926795882381362,0.9948191790085688,0.0,0.0,66762,0.014442143961787224,0.003974683117121458,0.04093180224299431,0.04116056486964226,0.9944421893292171,0.9020307583991551,0.0,0.0,133594,0.003147367388010025,-0.0003685234987642616,0.054794855415821075,0.05397564545273781,1.0151774000331424,1.0243743767491706,0.0,0.0,0.6484862514645123,1.3109910394133986,0.49201855970074077,0.005255412310361862,0.011699389666318893,0.01533779501914978,4096,0.24392074346542358,0.0,0.9900915622711182
50,D1,train,eval,scene_0079,128,20352,0,200683,0.008942699059844017,0.0015301099047064781,0.062217019498348236,0.06036735698580742,1.0306401108959546,1.031617759740224,0.0,0.0,98725,0.013987680897116661,0.0026152378413826227,0.04511060565710068,0.039067342877388,1.1546883492608986,1.1607779617876064,0.0,0.0,101958,0.004057688172906637,0.000479389913380146,0.05801137909293175,0.05715063586831093,1.0150609562176034,1.0122820390901932,0.0,0.0,0.8830088198378218,1.8959206472045524,0.4670336095610964,0.0033542218152433634,0.005860729143023491,0.011111477389931679,4096,0.24041776359081268,0.0,1.2573925256729126
50,D1,train,eval,scene_0085,128,21888,0,200633,0.007844475097954273,0.0030667814426124096,0.05025574192404747,0.050385165959596634,0.9974313067530045,1.0140656156980608,0.0,0.0,90883,0.012167688459157944,0.0047638025134801865,0.03877490386366844,0.038099657744169235,1.0177231544711853,1.0648561048921381,0.0,0.0,109750,0.004264460410922766,0.0016614937921985984,0.053338680416345596,0.053024355322122574,1.0059279380638104,1.0104654478322435,0.0,0.0,0.8224254909656954,1.4148201091798918,0.5831245127232444,0.004268330056220293,0.008934836834669113,0.012641186825931072,4096,0.24320676922798157,0.0,1.045961856842041
50,D1,train,eval,scene_0092,128,23680,0,200680,0.005433505866676569,0.0005701148184016347,0.05387745797634125,0.05243854597210884,1.0274399676336896,1.0188289502536059,0.0,0.0,55656,0.012290365993976593,0.0024824468418955803,0.04227517917752266,0.037250760942697525,1.1348809556549502,1.1626220236179672,0.0,0.0,145024,0.0028020411264151335,-0.0001637825189391151,0.05390062555670738,0.05279667675495148,1.0209094372905274,1.023992855390197,0.0,0.0,0.7192081178951282,1.4245008023811974,0.5031183782762645,0.005000782199203968,0.009336077608168125,0.013299250043928623,4096,0.24441936612129211,0.0,0.9796899557113647
50,D1,train,eval,scene_0099,128,25472,0,200699,0.007502831984311342,0.0032841432839632034,0.05528327822685242,0.05544103682041168,0.9971544797390733,0.9180138227947312,0.0,0.0,77958,0.014267620630562305,0.007102706003934145,0.04658348858356476,0.0436473973095417,1.0672684158737045,1.139761321941684,0.0,0.0,122741,0.003206229070201516,0.0008588123018853366,0.051583074033260345,0.05100555345416069,1.0113226999804772,1.0180908188177116,0.0,0.0,0.4692778328488595,1.2893883132110298,0.3641264402642113,0.0048908572643995285,0.0100361043587327,0.01294043567031622,4096,0.24325641989707947,0.0,1.1358108520507812
50,D1,validation_test_seen,eval,scene_0100,128,128,0,199556,0.004299089778214693,0.0009133053245022893,0.05393364652991295,0.052054379135370255,1.0361020038228783,1.0238436352992932,0.0,0.0,57517,0.007859851233661175,0.0016389379743486643,0.041321322321891785,0.037038180977106094,1.1156412445695745,1.1611060965335762,0.0,0.0,142039,0.0028572019655257463,0.0006194690940901637,0.054681602865457535,0.053139571100473404,1.0290185210954854,1.0178186056251672,0.0,0.0,0.6052953588462152,1.1433465398861096,0.5279963052437118,0.002740808529779315,0.005813529249280691,0.0066468785516917706,4096,0.2447388470172882,0.0,1.1626187562942505
50,D1,validation_test_seen,eval,scene_0101,128,384,0,200668,0.00440498860552907,-0.0013858770253136754,0.05838702991604805,0.05655544623732567,1.032385628627815,1.0343665031455924,0.0,0.0,66409,0.008231799118220806,-0.004515454638749361,0.054078176617622375,0.053048230707645416,1.0194152735395285,1.0000078831933779,0.0,0.0,134259,0.002512120408937335,0.00016211680485866964,0.0497896671295166,0.04894638806581497,1.0172286270146784,1.023924369417387,0.0,0.0,0.794510877695608,1.4039540513960462,0.5603723837599924,0.0026562416460365057,0.0050209034234285355,0.00704911770299077,4096,0.24402908980846405,0.0,0.9636631011962891
50,D1,validation_test_seen,eval,scene_0102,128,640,0,200285,0.005787670612335205,0.00245704990811646,0.05143015831708908,0.05198422446846962,0.9893416482202865,0.9744418320711603,0.0,0.0,48268,0.015995532274246216,0.009600373916327953,0.04064473882317543,0.03879689425230026,1.0476286725132802,1.1009170199005622,0.0,0.0,152017,0.002546499017626047,0.00018892220396082848,0.051003072410821915,0.050269003957509995,1.0146028048204891,1.0146590918766987,0.0,0.0,0.5227303909837113,1.340494570050111,0.3886751076582245,0.004737716168165207,0.008749539032578468,0.011728709563612938,4096,0.24493108689785004,0.0,1.5840190649032593
50,D1,validation_test_seen,eval,scene_0103,128,896,0,200682,0.005411870777606964,0.0003095134161412716,0.055387306958436966,0.05294144153594971,1.0461994488915909,1.0514156865651911,0.0,0.0,54316,0.011753205209970474,0.0017354361480101943,0.04451969265937805,0.03799759969115257,1.1716448676031528,1.2756041778746525,0.0,0.0,146366,0.003058620262891054,-0.00021964218467473984,0.05444096773862839,0.052473071962594986,1.037502964900477,1.037366514588138,0.0,0.0,0.8343843757391384,1.2784089385383208,0.6532412512023871,0.004894484765827656,0.011807683855295181,0.01509504858404398,4096,0.24428030848503113,0.0,1.3489469289779663
50,D1,validation_test_seen,eval,scene_0104,128,1152,0,200697,0.0036149374209344387,-0.000216105196159333,0.04997153952717781,0.0484677329659462,1.0310269630784712,1.0332730595009725,0.0,0.0,52465,0.007969474419951439,0.00024179753381758928,0.03348662704229355,0.0303192138671875,1.1044688423974585,1.1432518775463456,0.0,0.0,148232,0.002073699841275811,-0.00037817461998201907,0.05332596227526665,0.05203025043010712,1.02490304840835,1.0329589390858716,0.0,0.0,0.6713906346807101,1.272529171921871,0.5248884140519025,0.0035928140860050917,0.007778441533446312,0.009898293763399124,4096,0.24494121968746185,0.0,0.8461170196533203
50,D1,validation_test_seen,eval,scene_0105,128,1408,0,200704,0.006337611470371485,-0.00027348793810233474,0.051670800894498825,0.05086847394704819,1.0157725774963453,1.0080130510350944,0.0,0.0,55002,0.013936671428382397,0.004117260687053204,0.0414741188287735,0.03774315118789673,1.0988515140747759,1.1290738519974544,0.0,0.0,145702,0.003468993352726102,-0.0019309802446514368,0.05136662349104881,0.05001714453101158,1.0269803278993772,1.0266268315838,0.0,0.0,0.6450412392723821,1.1667209173948667,0.5547076678642425,0.0047310772351920605,0.01031164824962616,0.012030815705657005,4096,0.24442622065544128,0.0,1.348836064338684
50,D1,validation_test_seen,eval,scene_0106,128,1664,0,200309,0.006590609904378653,-0.0005009020678699017,0.05915195122361183,0.057935118675231934,1.0210033668041851,1.0471127081373122,0.0,0.0,98174,0.009528043679893017,-0.0013902762439101934,0.04331054538488388,0.040384773164987564,1.0724474100162305,1.0731971708255732,0.0,0.0,102135,0.0037670976016670465,0.00035398025647737086,0.053252700716257095,0.053902383893728256,0.9879470418460147,1.0234214032221949,0.0,0.0,1.0303831034908786,1.5846695660362007,0.6435584476625966,0.0029793251305818558,0.005968934390693903,0.00945878867059946,4096,0.2419642060995102,0.0,1.2215943336486816
50,D1,validation_test_seen,eval,scene_0107,128,1920,0,199994,0.010053500533103943,0.005589997861534357,0.05342113971710205,0.058338407427072525,0.9157113139209802,0.8638122561910191,0.0,0.0,66108,0.024813683703541756,0.01548225712031126,0.04281178489327431,0.04761239513754845,0.8991730991392985,0.8815701452267112,0.0,0.0,133886,0.0027654634322971106,0.0007055628229863942,0.05100434273481369,0.05165746808052063,0.9873566132840873,1.0117791125566038,0.0,0.0,0.5399489523725306,1.469285401853864,0.3668153865260923,0.006299201864749193,0.010132870636880398,0.014888078905642033,4096,0.24311603605747223,0.0,1.686557412147522
50,D1,validation_test_seen,eval,scene_0108,128,2176,0,199879,0.007153624203056097,-0.0010005284566432238,0.05656162649393082,0.05443450063467026,1.039076795680307,1.049849284146541,0.0,0.0,82022,0.011756684631109238,-0.003910945262759924,0.04168637841939926,0.037817005068063736,1.10231834446888,1.1423110770958418,0.0,0.0,117857,0.003950146492570639,0.00102496228646487,0.05334050953388214,0.05369402468204498,0.9934161175241338,1.0218221908475658,0.0,0.0,0.6642127227130152,1.472113471286649,0.4509136814891968,0.003872821107506752,0.007075968664139509,0.010416628792881966,4096,0.24296680092811584,0.0,1.3358325958251953
50,D1,validation_test_seen,eval,scene_0109,128,2432,0,199635,0.007785573601722717,0.0009581716731190681,0.05283346772193909,0.054467979818582535,0.9699913214683646,0.9477578948049616,0.0,0.0,90009,0.011202952824532986,0.0005108186160214245,0.04660312458872795,0.04967711120843887,0.938120664730023,0.8819570893298334,0.0,0.0,109626,0.004979715682566166,0.0013254731893539429,0.049787286669015884,0.05085480585694313,0.979008489562811,1.0402855062329581,0.0,0.0,0.8275421536789974,1.3964651325774382,0.5904501238854785,0.003383659292012453,0.008185934275388718,0.011431371793150902,4096,0.24212023615837097,0.0,1.1723730564117432
50,D1,validation_test_seen,eval,scene_0110,128,2688,0,200090,0.006082246080040932,0.001162243541330099,0.05200646445155144,0.05254792049527168,0.9896959567835045,0.9835873280539926,0.0,0.0,68702,0.01117247436195612,0.002094786614179611,0.03647590056061745,0.03589851036667824,1.0160839596975353,1.0794935364385885,0.0,0.0,131388,0.0034205957781523466,0.0006746220169588923,0.05246274918317795,0.053071681410074234,0.9885262307370444,1.0181331020028772,0.0,0.0,0.5933179757678516,1.3721942964426666,0.43295691876554443,0.003829504828900099,0.0076749287545681,0.010531493462622166,4096,0.24382048845291138,0.0,0.9127384424209595
50,D1,validation_test_seen,eval,scene_0111,128,2944,0,200582,0.00635666586458683,0.002675039228051901,0.04779387637972832,0.045875683426856995,1.0418128474517363,1.0409400612677493,0.0,0.0,85341,0.010841459035873413,0.005680443253368139,0.03414773941040039,0.02907377853989601,1.1745201733425092,1.1641178228925362,0.0,0.0,115241,0.003035480622202158,0.0004494065360631794,0.05278180539608002,0.05075240507721901,1.0399862886453028,1.0298397333657803,0.0,0.0,0.5744793321396445,1.248626037462142,0.45876458859917346,0.0032877761404961348,0.006728209555149078,0.008401017636060715,4096,0.24402134120464325,0.0,1.1800659894943237
50,D1,validation_test_seen,eval,scene_0112,128,3200,0,200135,0.006665010005235672,0.0007568132714368403,0.056287527084350586,0.05462484434247017,1.0304382147335054,1.0871665795259158,0.0,0.0,68226,0.010955753736197948,-0.000632797135040164,0.048353228718042374,0.04084191843867302,1.183911788831568,1.1734415621184682,0.0,0.0,131909,0.004445750266313553,0.001475547906011343,0.05557085946202278,0.056647252291440964,0.9809983223214374,1.0226570686079097,0.0,0.0,0.5317926423549498,1.1268861914785706,0.47308255070804184,0.0047288998030126095,0.00982955377548933,0.011076788417994976,4096,0.2438836395740509,0.0,1.1765497922897339
50,D1,validation_test_seen,eval,scene_0113,128,3456,0,200704,0.007071156054735184,0.0008268611854873598,0.05538875609636307,0.05266651511192322,1.0516882686970028,1.0757871359874758,0.0,0.0,67285,0.014738347381353378,0.0020775538869202137,0.04479393735527992,0.037633322179317474,1.1902732674474799,1.190483367032573,0.0,0.0,133419,0.003204487496986985,0.00019612030882854015,0.0542573407292366,0.0523630753159523,1.0361755951470486,1.0288206480105448,0.0,0.0,0.5289290987688209,1.2578980924283572,0.42002207947985726,0.005303698591887951,0.010529140010476112,0.013244585134088993,4096,0.24366144835948944,0.0,1.5006675720214844
50,D1,validation_test_seen,eval,scene_0114,128,3712,0,199834,0.0077651916071772575,0.002620069310069084,0.05513063818216324,0.057798922061920166,0.9538350580846753,0.9294541071241175,0.0,0.0,58958,0.01888980343937874,0.008626561611890793,0.05317356064915657,0.0569305457174778,0.9340075697330296,0.9479995323327864,0.0,0.0,140876,0.003109430894255638,0.00010629303869791329,0.05259542912244797,0.053133003413677216,0.9898824787478347,1.020705164370163,0.0,0.0,0.5603226166919112,1.3816474124364402,0.40644065423254816,0.006109556183218956,0.010604345239698887,0.01465146616101265,4096,0.24379831552505493,0.0,1.3772306442260742
50,D1,validation_test_seen,eval,scene_0115,128,3968,0,200648,0.008002865128219128,0.00337403267621994,0.05106815695762634,0.05591801553964615,0.9132684066983523,0.8176044111346037,0.0,0.0,51118,0.02447415515780449,0.014279596507549286,0.04238327220082283,0.05734998360276222,0.7390284972772245,0.7501566259575635,0.0,0.0,149530,0.0023720269091427326,-0.00035411943099461496,0.05104351416230202,0.04989656060934067,1.0229866255099482,1.0224101220119344,0.0,0.0,0.4200879578093222,1.1178947050506982,0.37579489542127675,0.00530171999707818,0.011162856593728065,0.012478898279368877,4096,0.2442011833190918,0.0,1.437113881111145
50,D1,validation_test_seen,eval,scene_0116,128,4224,0,200682,0.010895944200456142,0.00869667623192072,0.057000890374183655,0.06261704117059708,0.9103095468674016,0.9535709313117011,0.0,0.0,68868,0.02471322752535343,0.021790865808725357,0.04372427985072136,0.046667635440826416,0.9369294038084023,0.9866773410694176,0.0,0.0,131814,0.0036769185680896044,0.0018554404377937317,0.05252887308597565,0.051975592970848083,1.010644998613828,1.025038783292013,0.0,0.0,0.5896186923236595,1.567006760864325,0.37611564238285233,0.006039380095899105,0.010103420354425907,0.01583212800323963,4096,0.243066668510437,0.0,1.4647890329360962
50,D1,validation_test_seen,eval,scene_0117,128,4480,0,200501,0.0041726501658558846,0.0010632656048983335,0.05464828386902809,0.0538739413022995,1.0143732303226818,0.9887299769212342,0.0,0.0,53935,0.009145899675786495,0.0027441238053143024,0.0423932783305645,0.03975345194339752,1.0664049600252492,1.1489561676880322,0.0,0.0,146566,0.0023425372783094645,0.0004447244864422828,0.05397659167647362,0.05313188582658768,1.0158982847445486,1.0239165566961232,0.0,0.0,1.1835057343027016,1.7824975223777613,0.6597307733065868,0.003508749883621931,0.0057647996582090855,0.01027574110776186,4096,0.24448178708553314,0.0,1.1501960754394531
50,D1,validation_test_seen,eval,scene_0118,128,4736,0,200491,0.005303564947098494,-0.001973843900486827,0.05946344509720802,0.057867057621479034,1.027587154787985,1.0057017551507688,0.0,0.0,65199,0.01010795310139656,-0.006035258062183857,0.048683710396289825,0.04918580502271652,0.9897918794620765,0.9717759755310682,0.0,0.0,135292,0.0029882662929594517,-1.6594434782746248e-05,0.05310799181461334,0.05246668681502342,1.0122230893262025,1.0303395604178005,0.0,0.0,0.6070897880510882,1.2569513035852766,0.48005352629716624,0.0029927000869065523,0.005581997334957123,0.0070162988267838955,4096,0.24344341456890106,0.0,1.2574065923690796
50,D1,validation_test_seen,eval,scene_0119,128,4992,0,199640,0.010064097121357918,0.0052572148852050304,0.05589118227362633,0.056304823607206345,0.9926535364631339,0.9950019862426561,0.0,0.0,70329,0.021199319511651993,0.012006151489913464,0.04679940268397331,0.04295191913843155,1.0895765223700842,1.0860566753155476,0.0,0.0,129311,0.004007928539067507,0.0015866388566792011,0.05299382284283638,0.051717229187488556,1.0246841077026736,1.0270650054113681,0.0,0.0,0.45620435311165514,1.2970659758760692,0.35852506682858626,0.005485232919454575,0.010213229805231094,0.013247232884168625,4096,0.24367208778858185,0.0,1.4708948135375977
50,D1,validation_test_seen,eval,scene_0120,128,5248,0,200686,0.006602599751204252,0.0026584966108202934,0.05186353251338005,0.0505831353366375,1.0253127286045307,1.0242919178301488,0.0,0.0,62231,0.014867189340293407,0.0061435457319021225,0.03823719918727875,0.03299010917544365,1.1590503985279563,1.156182219419021,0.0,0.0,138455,0.002887936308979988,0.0010920809581875801,0.05351671949028969,0.052198220044374466,1.025259471391828,1.0206020069565427,0.0,0.0,0.7110622243228176,1.2206580576105575,0.5809216075061341,0.004495425149798393,0.009270037524402142,0.011315545998513699,4096,0.24449898302555084,0.0,1.4759669303894043
50,D1,validation_test_seen,eval,scene_0121,128,5504,0,199742,0.0074140760116279125,0.003897146787494421,0.052262745797634125,0.05205470323562622,1.0039966141208452,0.9704087751798599,0.0,0.0,68418,0.016107983887195587,0.0099314721301198,0.042753349989652634,0.03979155048727989,1.0744328749722767,1.192932245750443,0.0,0.0,131324,0.0028846687637269497,0.0007533471216447651,0.05282630771398544,0.05136334151029587,1.0284826913645468,1.0285620621252,0.0,0.0,0.5826767264712014,1.4360391951790374,0.40752354108055794,0.004658793564885855,0.008635847829282284,0.012401415966451168,4096,0.24408048391342163,0.0,1.21421480178833
50,D1,validation_test_seen,eval,scene_0122,128,5760,0,200023,0.005912391468882561,0.0002136383845936507,0.0661759153008461,0.06293501704931259,1.0514959461915154,1.0641387392088104,0.0,0.0,78065,0.009919335134327412,-0.0020367298275232315,0.0509013906121254,0.04501315951347351,1.1308113263386765,1.11695722887599,0.0,0.0,121958,0.0033475584350526333,0.0016540932701900601,0.05755606293678284,0.056563809514045715,1.0175421958185247,1.0183152671284479,0.0,0.0,0.6132231105547586,1.182069486290317,0.5161151640503242,0.0030903758015483618,0.007186685223132372,0.008495161309838295,4096,0.2418384552001953,0.0,1.289943814277649
50,D1,validation_test_seen,eval,scene_0123,128,6016,0,200684,0.005993197672069073,0.0020073240157216787,0.05811995640397072,0.05883701890707016,0.9878127322488585,0.9371416808509331,0.0,0.0,72385,0.01139996200799942,0.0036520264111459255,0.04439208656549454,0.04689929634332657,0.9465405672725239,0.9761163436114567,0.0,0.0,128299,0.002942756749689579,0.0010793993715196848,0.053045183420181274,0.051957398653030396,1.0209360898611393,1.0244743945364847,0.0,0.0,0.886350516430048,1.253344411796504,0.7044837905158063,0.00428207591176033,0.012482126243412495,0.01564440317451954,4096,0.24239686131477356,0.0,1.1655988693237305
50,D1,validation_test_seen,eval,scene_0124,128,6272,0,200223,0.0055152177810668945,0.0007569628651253879,0.0509214922785759,0.04967567324638367,1.0250790568255241,1.0424849053256344,0.0,0.0,71991,0.009609159082174301,0.0017393074231222272,0.03756961226463318,0.034191593527793884,1.0987967622536619,1.1421264384943866,0.0,0.0,128232,0.0032168289180845022,0.00020546294399537146,0.05210559070110321,0.05110533535480499,1.0195724250580458,1.0200794647422342,0.0,0.0,0.6140403848266935,1.2549552461056472,0.49079042729669276,0.004008732736110687,0.008394596166908741,0.010534842498600483,4096,0.24395456910133362,0.0,1.2172945737838745
50,D1,validation_test_seen,eval,scene_0125,128,6528,0,200704,0.011503413319587708,0.009217462502419949,0.05514244735240936,0.0626876950263977,0.879637500297131,0.8232326313323989,0.0,0.0,61232,0.030527247115969658,0.026356738060712814,0.04798314347863197,0.055785808712244034,0.860131717837775,0.9374840329327706,0.0,0.0,139472,0.003151432378217578,0.00169285386800766,0.05128331482410431,0.05128074064850807,1.0000501977070473,1.0164502720931488,0.0,0.0,0.5939977243104608,1.4293699343367572,0.4149385427545438,0.00663505494594574,0.011862926185131073,0.0169565100222826,4096,0.24302680790424347,0.0,1.595255732536316
50,D1,validation_test_seen,eval,scene_0126,128,6784,0,200700,0.004056388512253761,0.00150307547301054,0.05180024355649948,0.05136072263121605,1.0085575300106135,1.0024519363064792,0.0,0.0,60523,0.008664286695420742,0.0035611672792583704,0.033577293157577515,0.03332030400633812,1.0077126892716979,0.9758718751649039,0.0,0.0,140177,0.0020668767392635345,0.0006144710932858288,0.05454227328300476,0.053400807082653046,1.021375448475619,1.0225969101754244,0.0,0.0,0.7121534323524322,1.2681972266264905,0.5653225232118202,0.0034442886244505644,0.007858054712414742,0.0099655631929636,4096,0.24479179084300995,0.0,1.1891772747039795
50,D1,validation_test_seen,eval,scene_0127,128,7040,0,200161,0.006405750289559364,0.003604758996516466,0.05186351761221886,0.05238356813788414,0.9900722584552392,1.013885468445275,0.0,0.0,42698,0.019585993140935898,0.015689169988036156,0.038046106696128845,0.03676766902208328,1.0347707023058141,1.0416359550224303,0.0,0.0,157463,0.002831768011674285,0.00032792409183457494,0.05401366576552391,0.05304429680109024,1.0182747066676874,1.0191413467749861,0.0,0.0,0.6523964764373127,1.5483332491175388,0.4215066549371007,0.006169082596898079,0.009289361536502838,0.014383027330040932,4096,0.24493025243282318,0.0,1.45497465133667
50,D1,validation_test_seen,eval,scene_0128,128,7296,0,200671,0.00628003291785717,0.0030452744103968143,0.056509338319301605,0.05794762074947357,0.9751796120087461,0.9555683077760312,0.0,0.0,61355,0.013287046924233437,0.009173695929348469,0.049608081579208374,0.050289787352085114,0.9864444490865704,1.041881857468554,0.0,0.0,139316,0.0031941309571266174,0.0003463065077085048,0.05255161598324776,0.051738664507865906,1.015712649004658,0.9880136225833822,0.0,0.0,0.6313525069203577,1.434413246753614,0.4414453223783569,0.003936476539820433,0.007903825491666794,0.011337351985275745,4096,0.24405011534690857,0.0,1.2426177263259888
50,D1,validation_test_seen,eval,scene_0129,128,7552,0,200043,0.004160631448030472,-3.669945363071747e-05,0.05646000802516937,0.05616459250450134,1.0052598177516263,1.0247411743426387,0.0,0.0,59425,0.006686740089207888,-0.0008967335452325642,0.04686909541487694,0.04574619233608246,1.0245463725274635,1.0532578059361575,0.0,0.0,140618,0.0030931008514016867,0.0003267499851062894,0.05601991340517998,0.056242913007736206,0.9960350630749593,1.0259591935648948,0.0,0.0,0.9958163986784674,1.6979356645321388,0.5834143022708728,0.0027093193493783474,0.00458768755197525,0.007789598312228918,4096,0.24436557292938232,0.0,1.2193264961242676
50,D1,validation_test_seen,eval,scene_0100,192,192,0,198401,0.006783606484532356,0.00044260540744289756,0.09131117910146713,0.08828484266996384,1.0342792300465062,1.0331068676152106,0.0,0.0,54212,0.01049515325576067,-0.001923103118315339,0.0571160688996315,0.05435025691986084,1.0508886643139301,1.0808577746359194,0.0,0.0,144189,0.005388143938034773,0.0013320614816620946,0.09082076698541641,0.08812298625707626,1.0306138142035957,1.0282830505002996,0.0,0.0,0.7202178709247191,1.249462633904027,0.5405432739798394,0.003508917987346649,0.007397410459816456,0.009242787957191467,4096,0.24017001688480377,0.0,1.3822829723358154
50,D1,validation_test_seen,eval,scene_0129,192,7616,0,199019,0.006235314533114433,-0.0008423531544394791,0.08986308425664902,0.08601099997758865,1.0447859492397957,1.0439561043457601,0.0,0.0,57613,0.009024033322930336,-0.003619902301579714,0.06425366550683975,0.05941979959607124,1.081351097506699,1.0515486071178612,0.0,0.0,141406,0.005099108442664146,0.00028930234839208424,0.08972427248954773,0.08663759380578995,1.0356274747273915,1.029619311387779,0.0,0.0,0.910898795890782,1.6463744235800999,0.525787040368173,0.003230280475690961,0.00579006876796484,0.009532621130347252,4096,0.24033059179782867,0.0,1.1256405115127563
100,D1,train,train,scene_0000,128,128,0,199291,0.011784223839640617,0.00028748673503287137,0.04666168987751007,0.05072623863816261,0.9198728533837185,0.9128906707452549,0.0,0.0,97957,0.015474483370780945,0.0059788525104522705,0.03500939905643463,0.04420310631394386,0.792012190450763,0.8315300930412386,0.0,0.0,101334,0.00821694266051054,-0.005214211996644735,0.054938171058893204,0.05377337336540222,1.021661235302757,1.0419057703880796,0.0,0.0,0.28498919841183534,0.9332622954081574,0.30398946141739136,0.004289469216018915,0.008893096819519997,0.008299591951072216,4096,0.24421405792236328,0.0,0.9208480715751648
100,D1,train,train,scene_0006,128,1664,0,200073,0.020117226988077164,0.011979544535279274,0.054011184722185135,0.06395228207111359,0.8445544548688011,0.7618873668805297,0.0,0.0,62719,0.050951700657606125,0.047388192266225815,0.04741400480270386,0.05385834351181984,0.8803465110711826,0.7290560688781335,0.0,0.0,137354,0.006037496961653233,-0.004188860766589642,0.055056266486644745,0.0529913492500782,1.0389670628468382,1.0369170362219755,0.0,0.0,-0.19947351673697858,2.172664629901428,-0.09090349942787274,0.008710317313671112,0.008401311933994293,0.018253233283758163,4096,0.24458447098731995,0.0,1.0362330675125122
100,D1,train,train,scene_0013,128,3456,0,200704,0.03930904343724251,0.03252943605184555,0.047815874218940735,0.0688348039984703,0.6946467693872322,0.6465828514315201,0.0,0.0,89703,0.0800173431634903,0.07774506509304047,0.038985900580883026,0.04699346423149109,0.8296026100318422,0.8352097981916683,0.0,0.0,111001,0.006411535199731588,-0.004010565113276243,0.052997853606939316,0.05120379477739334,1.0350376146405864,1.0290950694154144,0.0,0.0,-0.1977105220464538,1.920081524589324,-0.10311654848699835,0.007951358333230019,0.00777825340628624,0.014934880658984184,4096,0.2447224259376526,0.0,1.2672080993652344
100,D1,train,train,scene_0019,128,4992,0,200704,0.022287774831056595,0.014210701920092106,0.04999614879488945,0.055892203003168106,0.8945102556085605,0.9269727071385957,0.0,0.0,58792,0.05969355255365372,0.05651511624455452,0.0347830206155777,0.04431021586060524,0.7849887422124283,0.7054507147373767,0.0,0.0,141912,0.00679112458601594,-0.0033153793774545193,0.05500539019703865,0.05229644477367401,1.0517998008294498,1.0529792087219039,0.0,0.0,-0.2234714331712323,1.3569630418163094,-0.16560410257120478,0.010172201320528984,0.011479240842163563,0.015576905570924282,4096,0.2453388124704361,0.0,1.4489399194717407
100,D1,train,train,scene_0026,128,6784,0,200606,0.00938001461327076,0.001510104862973094,0.0508466511964798,0.05439907684922218,0.9346969496819103,0.9057229919986032,0.0,0.0,73365,0.015463539399206638,0.00889098271727562,0.031194357201457024,0.03955148905515671,0.7887024723128576,0.7646385867932464,0.0,0.0,127241,0.005872358102351427,-0.002745583653450012,0.055096231400966644,0.05409681051969528,1.0184746729367251,1.02190606660253,0.0,0.0,0.247051288440509,0.8428352855501041,0.2908502426424172,0.004639492370188236,0.00924619846045971,0.007793022319674492,4096,0.24471279978752136,0.0,0.8975200057029724
100,D1,train,train,scene_0033,128,8576,0,199769,0.025213230401277542,0.016714492812752724,0.05110173672437668,0.06836948543787003,0.7474348592372366,0.6543565735240462,0.0,0.0,68040,0.060590118169784546,0.05633312463760376,0.033083945512771606,0.06265620142221451,0.5280234799079573,0.5218423485360492,0.0,0.0,131729,0.0069405389949679375,-0.003749122843146324,0.05779140442609787,0.05706477537751198,1.012733407671876,1.053506341031874,0.0,0.0,-0.3296477907434237,1.3177915108768397,-0.24971128695916367,0.009331431239843369,0.010004051961004734,0.01318325474858284,4096,0.24532866477966309,0.0,1.352359414100647
100,D1,train,train,scene_0039,128,10112,0,200702,0.021076634526252747,0.010548420250415802,0.0494501031935215,0.0558958500623703,0.8846829082721447,0.8334513706391494,0.0,0.0,79754,0.04253077134490013,0.03338073194026947,0.041880279779434204,0.05079520866274834,0.8244927205141679,0.7730935670792792,0.0,0.0,120948,0.006929619703441858,-0.004507373087108135,0.05357827991247177,0.051167383790016174,1.047117830615487,1.0400645199744925,0.0,0.0,0.21491472089634994,1.2700827816462277,0.1705899428653829,0.0073836748488247395,0.010834875516593456,0.013761188834905624,4096,0.2442997545003891,0.0,0.8832735419273376
100,D1,train,train,scene_0046,128,11904,0,200574,0.015301041305065155,0.004961959086358547,0.05206093192100525,0.053314391523599625,0.9764892824099937,0.9970141918658119,0.0,0.0,61885,0.033647485077381134,0.02858160436153412,0.03399621322751045,0.02987593784928322,1.1379128380509096,1.1599528996397088,0.0,0.0,138689,0.0071145957335829735,-0.005577460862696171,0.057921335101127625,0.05511162057518959,1.0509822519572747,1.0530058894116905,0.0,0.0,-0.0934756090746848,1.936730981979172,-0.0481085388101499,0.00682687247171998,0.00677051255479455,0.013112661428749561,4096,0.2445955127477646,0.0,1.0839582681655884
100,D1,train,train,scene_0052,128,13440,0,200635,0.012361719273030758,0.002538535976782441,0.05030076205730438,0.053535621613264084,0.9395755674730369,0.9552459179549275,0.0,0.0,91160,0.01948142610490322,0.011243827641010284,0.02968854457139969,0.03297131881117821,0.900435458509304,0.9564999704815146,0.0,0.0,109475,0.00643312931060791,-0.004710373003035784,0.05719993636012077,0.05531821399927139,1.0340163252717118,1.0359897527394448,0.0,0.0,0.22845464168206175,1.1767797852603028,0.19007253353338352,0.00435805507004261,0.006577382795512676,0.007740131113678217,4096,0.24374906718730927,0.0,0.8957566618919373
100,D1,train,train,scene_0059,128,15232,0,199735,0.026840966194868088,0.018712427467107773,0.0507902093231678,0.06833288073539734,0.7432762789533297,0.7118658917510617,0.0,0.0,85876,0.0518912710249424,0.04781416058540344,0.03194956108927727,0.05037938058376312,0.6341793154077475,0.6169451818534186,0.0,0.0,113859,0.007947249338030815,-0.003237004391849041,0.05924854055047035,0.06215624138712883,0.9532194873472417,1.026338423456899,0.0,0.0,-0.01625607573246683,1.1644095787975428,-0.017059660695024414,0.007341557648032904,0.009780775755643845,0.011388828977942467,4096,0.24486573040485382,0.0,0.9656923413276672
100,D1,train,train,scene_0066,128,17024,0,200531,0.01417782623320818,0.005085593089461327,0.04629684239625931,0.04653300344944,0.9949248697553492,1.0249972698573073,0.0,0.0,53207,0.03562477231025696,0.029811283573508263,0.02959679439663887,0.03818947449326515,0.7749987343203261,0.8362989845580725,0.0,0.0,147324,0.006432125344872475,-0.003844247432425618,0.05077751725912094,0.047568727284669876,1.0674558719061036,1.047927885784355,0.0,0.0,-0.06761793319215814,1.2084785427706932,-0.06455138391356129,0.007472834084182978,0.009781885892152786,0.011821199208498001,4096,0.2453487515449524,0.0,1.0943061113357544
100,D1,train,train,scene_0072,128,18560,0,200356,0.013389106839895248,0.003832142800092697,0.05218354985117912,0.05605534091591835,0.9309291317923333,0.9597574826824592,0.0,0.0,66762,0.02766020968556404,0.019533926621079445,0.03634287044405937,0.04116056486964226,0.8829536367918958,0.7657075251869646,0.0,0.0,133594,0.006257295608520508,-0.0040146359242498875,0.05590808391571045,0.05397564545273781,1.0358020445473826,1.0444529058634888,0.0,0.0,-0.036797570651330665,1.1447923933882518,-0.030382300764611302,0.008039455860853195,0.011699389666318893,0.013393372297286987,4096,0.24458716809749603,0.0,1.0857930183410645
100,D1,train,train,scene_0079,128,20352,0,200683,0.02521430142223835,0.01878495141863823,0.04967067018151283,0.06036735698580742,0.8228067727594995,0.8051657158417095,0.0,0.0,98725,0.04355579987168312,0.04031182825565338,0.034046608954668045,0.039067342877388,0.8714851445495687,0.9079001597937583,0.0,0.0,101958,0.007454391568899155,-0.0020593299996107817,0.05788725987076759,0.05715063586831093,1.0128891654706,1.034488057107437,0.0,0.0,-0.16925108741891842,1.8664800545375668,-0.08971200094635493,0.006407049484550953,0.005860729143023491,0.010938934050500393,4096,0.24413181841373444,0.0,1.1882045269012451
100,D1,train,train,scene_0085,128,21888,0,200633,0.024061493575572968,0.015939684584736824,0.04518154636025429,0.050385165959596634,0.8967231823049848,0.8718864693812676,0.0,0.0,90883,0.042554646730422974,0.0392778255045414,0.03210509195923805,0.038099657744169235,0.8426609019644385,0.8773629606774693,0.0,0.0,109750,0.008747478947043419,-0.0033864197321236134,0.05352390557527542,0.053024355322122574,1.0094211471335781,1.0237192250751905,0.0,0.0,-0.07955651266590918,1.4543714484535073,-0.055598470179862955,0.008249297738075256,0.008934836834669113,0.012994571588933468,4096,0.24520720541477203,0.0,0.9982244968414307
100,D1,train,train,scene_0092,128,23680,0,200680,0.012047559022903442,0.0033997907303273678,0.050527069717645645,0.05243854597210884,0.9635482597957641,1.0092176021602934,0.0,0.0,55656,0.026859035715460777,0.021923324093222618,0.03244886174798012,0.037250760942697525,0.8710925878237998,0.849602189043413,0.0,0.0,145024,0.00636334391310811,-0.0037090035621076822,0.055280864238739014,0.05279667675495148,1.0470519668371847,1.045862394735718,0.0,0.0,0.07217398981332286,1.1946372186565823,0.06077756286294013,0.0065282112918794155,0.009336077608168125,0.011153225786983967,4096,0.24505400657653809,0.0,1.0743958950042725
100,D1,train,train,scene_0099,128,25472,0,200699,0.017207058146595955,0.009064465761184692,0.04999478906393051,0.05544103682041168,0.9017650450130826,0.8574822316523912,0.0,0.0,77958,0.03357802703976631,0.029997622594237328,0.04199486970901489,0.0436473973095417,0.9621391491270992,0.8377038671246357,0.0,0.0,122741,0.00680916290730238,-0.004231067840009928,0.05276578664779663,0.05100555345416069,1.0345106184411446,1.0393666338097785,0.0,0.0,0.11025303960750353,1.3971418456531695,0.07893330370842885,0.0069621894508600235,0.0100361043587327,0.014021861366927624,4096,0.24448178708553314,0.0,1.2113661766052246
100,D1,validation_test_seen,train,scene_0100,128,128,0,199556,0.006811434868723154,-0.0017802591901272535,0.052898019552230835,0.052054379135370255,1.01620690575651,1.0091968786901346,0.0,0.0,57517,0.008720789104700089,0.0031427161302417517,0.033787842839956284,0.037038180977106094,0.9122435807752304,0.9465015250233244,0.0,0.0,142039,0.006038264837116003,-0.0037737598177045584,0.056402191519737244,0.053139571100473404,1.0613971914281177,1.0471343484399283,0.0,0.0,0.2798870295238918,1.0570917810695681,0.26199733465901115,0.0030586489010602236,0.005813529249280691,0.006145433988422155,4096,0.244580939412117,0.0,1.2204792499542236
100,D1,validation_test_seen,train,scene_0101,128,384,0,200668,0.008166399784386158,-0.0005088822799734771,0.05363587662577629,0.05655544623732567,0.948376861897652,0.9358895890447352,0.0,0.0,66409,0.013810114935040474,0.004011126235127449,0.04292605072259903,0.053048230707645416,0.8091891124356093,0.8152300604237159,0.0,0.0,134259,0.005374828819185495,-0.0027446302119642496,0.05123719573020935,0.04894638806581497,1.0468023843008412,1.0460204577717354,0.0,0.0,0.455753678431593,1.2259948426626284,0.36862833933345673,0.003227595007047057,0.0050209034234285355,0.00615560170263052,4096,0.24464932084083557,0.0,0.978342592716217
100,D1,validation_test_seen,train,scene_0102,128,640,0,200285,0.010126307606697083,0.0015604140935465693,0.04991026595234871,0.05198422446846962,0.9601040789330455,0.9572107393058847,0.0,0.0,48268,0.02329111658036709,0.018252700567245483,0.03630341216921806,0.03879689425230026,0.9357298533520022,1.025074703205838,0.0,0.0,152017,0.005946254823356867,-0.0037396724801510572,0.05196506530046463,0.050269003957509995,1.0337397045779588,1.0323971485465187,0.0,0.0,0.07265512310427177,1.422929901457687,0.053971597477946845,0.006435123272240162,0.008749539032578468,0.012449980713427067,4096,0.24499604105949402,0.0,1.6696863174438477
100,D1,validation_test_seen,train,scene_0103,128,896,0,200682,0.012106342241168022,0.00357214268296957,0.0514291375875473,0.05294144153594971,0.9714344017743551,0.9803801400403325,0.0,0.0,54316,0.027683351188898087,0.02177548222243786,0.03337967395782471,0.03799759969115257,0.8784679619012064,0.9053714576984282,0.0,0.0,146366,0.006325759459286928,-0.003183063119649887,0.05569378659129143,0.052473071962594986,1.0613784272243925,1.0593916325473387,0.0,0.0,0.007957392296831256,0.8634474812444847,0.009512064300833354,0.0071283685974776745,0.011807683855295181,0.010195314884185791,4096,0.24502849578857422,0.0,1.492911458015442
100,D1,validation_test_seen,train,scene_0104,128,1152,0,200697,0.007980668917298317,-0.002232596045359969,0.04946472495794296,0.0484677329659462,1.0205702212789127,1.0464570721239148,0.0,0.0,52465,0.013469386845827103,0.0059348950162529945,0.02501014806330204,0.0303192138671875,0.8248943449806555,0.8056783359317843,0.0,0.0,148232,0.006038000341504812,-0.005123384762555361,0.055217187851667404,0.05203025043010712,1.0612516256449955,1.0555559948188555,0.0,0.0,0.38551001388837036,1.0625261762458456,0.3632662664154379,0.004073767457157373,0.007778441533446312,0.008264797739684582,4096,0.2447834312915802,0.0,0.946718156337738
100,D1,validation_test_seen,train,scene_0105,128,1408,0,200704,0.012611962854862213,0.0021948772482573986,0.049211543053388596,0.05086847394704819,0.9674271554640231,0.9848882333259953,0.0,0.0,55002,0.027353355661034584,0.02226218767464161,0.03400682285428047,0.03774315118789673,0.901006455051522,0.9042670330154331,0.0,0.0,145702,0.007047139573842287,-0.005380462855100632,0.05318064242601395,0.05001714453101158,1.0632482706612916,1.0516786619292624,0.0,0.0,0.12727570003127597,1.0802446846328702,0.11761294624941394,0.006544684991240501,0.01031164824962616,0.011139103211462498,4096,0.24493426084518433,0.0,1.3693703413009644
100,D1,validation_test_seen,train,scene_0106,128,1664,0,200309,0.013852951116859913,0.006181691773235798,0.05140409246087074,0.057935118675231934,0.8872699950616776,0.9124104546557619,0.0,0.0,98174,0.021969478577375412,0.016027050092816353,0.03659331426024437,0.040384773164987564,0.9061166224890356,0.8965183326535142,0.0,0.0,102135,0.006051199976354837,-0.003281843150034547,0.05333424732089043,0.053902383893728256,0.9894598989544147,1.0397472360360012,0.0,0.0,0.30481804310176297,1.412207137841391,0.2128787772633585,0.004170150030404329,0.005968934390693903,0.008429371751844883,4096,0.2436763346195221,0.0,1.136093258857727
100,D1,validation_test_seen,train,scene_0107,128,1920,0,199994,0.022444935515522957,0.014860566705465317,0.04849018156528473,0.058338407427072525,0.8311879549660516,0.7313726815334108,0.0,0.0,66108,0.055462613701820374,0.051786795258522034,0.03828698396682739,0.04761239513754845,0.8041390032200506,0.7729722749005844,0.0,0.0,133886,0.006142018362879753,-0.003372249426320195,0.052631717175245285,0.05165746808052063,1.0188597918350557,1.0301948948820567,0.0,0.0,-0.004385949912954744,1.5401469675747996,-0.010378817370490992,0.00814648438245058,0.010132870636880398,0.015606109984219074,4096,0.24470967054367065,0.0,1.8303658962249756
100,D1,validation_test_seen,train,scene_0108,128,2176,0,199879,0.012347358278930187,0.0043618688359856606,0.0516744889318943,0.05443450063467026,0.9492966469684475,0.9261111312370942,0.0,0.0,82022,0.020708834752440453,0.01512942649424076,0.0409514456987381,0.037817005068063736,1.0828844226303205,1.0778326351910779,0.0,0.0,117857,0.006528230383992195,-0.003131762146949768,0.05357277765870094,0.05369402468204498,0.9977418898273688,1.0365751498935023,0.0,0.0,0.18143411973349405,1.29299141780341,0.1400521990015541,0.0048070685006678104,0.007075968664139509,0.009149166755378246,4096,0.24413105845451355,0.0,1.28926682472229
100,D1,validation_test_seen,train,scene_0109,128,2432,0,199635,0.022823777049779892,0.010679989121854305,0.04495048150420189,0.054467979818582535,0.825264341617208,0.8131023261817982,0.0,0.0,90009,0.042111024260520935,0.027577493339776993,0.03853216394782066,0.04967711120843887,0.7756522674224067,0.8877802294895739,0.0,0.0,109626,0.006987886969000101,-0.003193798940628767,0.0490407757461071,0.05085480585694313,0.964329229454951,1.0438271614407055,0.0,0.0,-0.07078874687977661,1.3776603660243152,-0.04961336744518955,0.006232364568859339,0.008185934275388718,0.011277437210083008,4096,0.2441835254430771,0.0,1.272946834564209
100,D1,validation_test_seen,train,scene_0110,128,2688,0,200090,0.014382092282176018,0.006145872175693512,0.048932187259197235,0.05254792049527168,0.9311916969882795,0.9509589469235983,0.0,0.0,68702,0.028609883040189743,0.024968169629573822,0.03586277738213539,0.03589851036667824,0.999004610938508,0.8955875710644876,0.0,0.0,131388,0.006942464970052242,-0.003696194151416421,0.053619880229234695,0.053071681410074234,1.0103294036404207,1.0381485831009558,0.0,0.0,0.15350692897114182,1.3599743814140508,0.11246338445346837,0.005374031141400337,0.0076749287545681,0.010437706485390663,4096,0.24469351768493652,0.0,0.9763843417167664
100,D1,validation_test_seen,train,scene_0111,128,2944,0,200582,0.01041429117321968,0.0018955015111714602,0.04460487887263298,0.045875683426856995,0.9722989510063615,1.017427067140475,0.0,0.0,85341,0.01657686196267605,0.008302862755954266,0.024122999981045723,0.02907377853989601,0.8297167135652264,0.8025289060192649,0.0,0.0,115241,0.005850639194250107,-0.002849429612979293,0.0532003678381443,0.05075240507721901,1.0482334336116832,1.0536228118926492,0.0,0.0,0.2428452251569318,1.2249961242241527,0.19790697491180162,0.004681183956563473,0.006728209555149078,0.008242030628025532,4096,0.24422061443328857,0.0,1.225130558013916
100,D1,validation_test_seen,train,scene_0112,128,3200,0,200135,0.009697488509118557,0.0017739877803251147,0.0511811226606369,0.05462484434247017,0.9369568605039335,0.9591471618223301,0.0,0.0,68226,0.015014111995697021,0.009394652210175991,0.03310525044798851,0.04084191843867302,0.8105704069141205,0.8752705802412597,0.0,0.0,131909,0.006947623565793037,-0.0021675738971680403,0.05652064457535744,0.056647252291440964,0.9977649804542654,1.0435186952345294,0.0,0.0,0.061559283469802356,0.818307676900342,0.07533250732355252,0.0048776715993881226,0.00982955377548933,0.00804359931498766,4096,0.24454185366630554,0.0,1.2209590673446655
100,D1,validation_test_seen,train,scene_0113,128,3456,0,200704,0.01705276034772396,0.008047055453062057,0.05152761936187744,0.05266651511192322,0.9783753349234239,0.9192574193878494,0.0,0.0,67285,0.037297323346138,0.03140222281217575,0.04203857108950615,0.037633322179317474,1.1170571359392159,1.102025225364927,0.0,0.0,133419,0.006843154318630695,-0.003731268923729658,0.0553315132856369,0.0523630753159523,1.0566895269571814,1.0482683649324647,0.0,0.0,-0.030343510185315996,1.1786540237040513,-0.02599965260375629,0.007599799428135157,0.010529140010476112,0.012410213239490986,4096,0.24484798312187195,0.0,1.5711323022842407
100,D1,validation_test_seen,train,scene_0114,128,3712,0,199834,0.019690867513418198,0.008497439324855804,0.04845306649804115,0.057798922061920166,0.8383039816232771,0.7811674392547898,0.0,0.0,58958,0.05173160135746002,0.03831241652369499,0.03677027300000191,0.0569305457174778,0.6458795104912082,0.7566485189921031,0.0,0.0,140876,0.006281506270170212,-0.0039804247207939625,0.05257308483123779,0.053133003413677216,0.9894619436797113,1.0387833780851097,0.0,0.0,-0.13620113901156766,1.3803931890603196,-0.09809151087463591,0.008884631097316742,0.010604345239698887,0.014638165943324566,4096,0.2451164871454239,0.0,1.3758103847503662
100,D1,validation_test_seen,train,scene_0115,128,3968,0,200648,0.01815035380423069,0.005947573576122522,0.04817548766732216,0.05591801553964615,0.8615378640031583,0.8146005650064384,0.0,0.0,51118,0.05034714937210083,0.038414470851421356,0.027200020849704742,0.05734998360276222,0.47428123150142754,0.46039893196325604,0.0,0.0,149530,0.007143626920878887,-0.0051514883525669575,0.0534493625164032,0.04989656060934067,1.0712033427489878,1.0498494880634552,0.0,0.0,0.03717529070071538,1.1750653636159307,0.032513809828476334,0.006667371839284897,0.011162856593728065,0.01311708614230156,4096,0.24477237462997437,0.0,1.8314495086669922
100,D1,validation_test_seen,train,scene_0116,128,4224,0,200682,0.025856034830212593,0.01780666410923004,0.05190446972846985,0.06261704117059708,0.8289192328180862,0.7971529779582336,0.0,0.0,68868,0.06055803596973419,0.05852827429771423,0.043315351009368896,0.046667635440826416,0.9281668248285657,0.9485620073048351,0.0,0.0,131814,0.007725505158305168,-0.0034688878804445267,0.05499684438109398,0.051975592970848083,1.058128272089949,1.0591737185404273,0.0,0.0,-0.11499710487371358,1.4294142074477818,-0.08015703959413147,0.00826951488852501,0.010103420354425907,0.014441972598433495,4096,0.24464461207389832,0.0,1.3886876106262207
100,D1,validation_test_seen,train,scene_0117,128,4480,0,200501,0.009371327236294746,0.0011782856890931726,0.05299222469329834,0.0538739413022995,0.9836337088453648,0.9908700493503664,0.0,0.0,53935,0.018023252487182617,0.01212505716830492,0.031180255115032196,0.03975345194339752,0.7843408205010178,0.8001375339986557,0.0,0.0,146566,0.00618749437853694,-0.00285003031603992,0.05680748075246811,0.05313188582658768,1.06917870255682,1.0653558813677118,0.0,0.0,0.3989059516357575,1.2388780832149888,0.3205983223397963,0.004075514152646065,0.0057647996582090855,0.007141883950680494,4096,0.24467161297798157,0.0,1.2276848554611206
100,D1,validation_test_seen,train,scene_0118,128,4736,0,200491,0.009158647619187832,0.0008763040532357991,0.05327640846371651,0.057867057621479034,0.9206690413085981,0.8408459230976408,0.0,0.0,65199,0.016991466283798218,0.007302960380911827,0.03472275659441948,0.04918580502271652,0.7059507632005358,0.7382725308112131,0.0,0.0,135292,0.005383910145610571,-0.0022207866422832012,0.05387862026691437,0.05246668681502342,1.026911046563105,1.0438924148298738,0.0,0.0,0.3990929149661311,1.008571608762912,0.3901189746408213,0.0031885216012597084,0.005581997334957123,0.005629844032227993,4096,0.24444611370563507,0.0,1.2458215951919556
100,D1,validation_test_seen,train,scene_0119,128,4992,0,199640,0.016492562368512154,0.009325758554041386,0.05029097944498062,0.056304823607206345,0.8931913151139679,0.8626077623756856,0.0,0.0,70329,0.03415542095899582,0.030658235773444176,0.039610449224710464,0.04295191913843155,0.9222044094711642,0.8458193660840106,0.0,0.0,129311,0.006886179558932781,-0.0022764408495277166,0.05307002738118172,0.051717229187488556,1.0261575922559367,1.0376389125334307,0.0,0.0,0.1123784705263797,1.2160649848464014,0.08708690638654484,0.007104858290404081,0.010213229805231094,0.012419951148331165,4096,0.2447107881307602,0.0,1.6743031740188599
100,D1,validation_test_seen,train,scene_0120,128,5248,0,200686,0.012059814296662807,0.003933504689484835,0.05017496645450592,0.0505831353366375,0.9919307318651729,1.0161250731214213,0.0,0.0,62231,0.02506512962281704,0.019047867506742477,0.03278857097029686,0.03299010917544365,0.9938909506459953,1.0477226871034178,0.0,0.0,138455,0.0062143513932824135,-0.002859906991943717,0.055361878126859665,0.052198220044374466,1.0606085433525458,1.0447640915991447,0.0,0.0,0.16613072644827367,1.149241577969518,0.14454890917378474,0.006322978995740414,0.009270037524402142,0.010653512552380562,4096,0.24480488896369934,0.0,1.3679447174072266
100,D1,validation_test_seen,train,scene_0121,128,5504,0,199742,0.015424028038978577,0.0069091408513486385,0.05007356405258179,0.05205470323562622,0.9619412068477888,0.959476671179681,0.0,0.0,68418,0.033313337713479996,0.027064725756645203,0.04090503230690956,0.03979155048727989,1.027982870885758,1.079841393488798,0.0,0.0,131324,0.006103945896029472,-0.0035916403867304325,0.05368809029459953,0.05136334151029587,1.0452608556208842,1.0449745720814232,0.0,0.0,0.24034545441354405,1.471192281059039,0.16333152706004517,0.006092090625315905,0.008635847829282284,0.012704992666840553,4096,0.24463558197021484,0.0,1.1157469749450684
100,D1,validation_test_seen,train,scene_0122,128,5760,0,200023,0.01393955573439598,0.008680933155119419,0.05492112413048744,0.06293501704931259,0.8726640065490745,0.8502997523857396,0.0,0.0,78065,0.02664412558078766,0.024038979783654213,0.03738385811448097,0.04501315951347351,0.8305095336240749,0.7952480511782962,0.0,0.0,121958,0.005807393230497837,-0.0011497103841975331,0.05667931213974953,0.056563809514045715,1.0020419880962073,1.0416754477072825,0.0,0.0,0.10098359841306308,1.131208001094258,0.08478659112210607,0.005060287192463875,0.007186685223132372,0.008129635825753212,4096,0.2441711723804474,0.0,1.2156323194503784
100,D1,validation_test_seen,train,scene_0123,128,6016,0,200684,0.022198855876922607,0.01518771331757307,0.050638239830732346,0.05883701890707016,0.8606527110204659,0.774056157405416,0.0,0.0,72385,0.051714938133955,0.047505300492048264,0.041122693568468094,0.04689929634332657,0.8768296493710519,0.9015143642342749,0.0,0.0,128299,0.005546181462705135,-0.0030455414671450853,0.05470144748687744,0.051957398653030396,1.0528134376428602,1.044921826691606,0.0,0.0,-0.12959912362495585,1.0748530450963139,-0.12105525260705435,0.00851539708673954,0.012482126243412495,0.013416451402008533,4096,0.24475033581256866,0.0,1.4059711694717407
100,D1,validation_test_seen,train,scene_0124,128,6272,0,200223,0.012421304360032082,0.005187512841075659,0.047698941081762314,0.04967567324638367,0.9602072395714283,0.9806846972694475,0.0,0.0,71991,0.02456642873585224,0.020833656191825867,0.03597848489880562,0.034191593527793884,1.052261131659722,0.9982041970189159,0.0,0.0,128232,0.005602882709354162,-0.0035964210983365774,0.052295587956905365,0.05110533535480499,1.0232901827927925,1.030876824783852,0.0,0.0,0.13592018806610792,1.263648747912744,0.10506882901959466,0.005468044430017471,0.008394596166908741,0.010607820935547352,4096,0.24477340281009674,0.0,1.2193788290023804
100,D1,validation_test_seen,train,scene_0125,128,6528,0,200704,0.027102550491690636,0.0190463624894619,0.048430584371089935,0.0626876950263977,0.77256923150063,0.6968269901025508,0.0,0.0,61232,0.07343365997076035,0.06843429058790207,0.03409033641219139,0.055785808712244034,0.6110933443313002,0.6648751394722784,0.0,0.0,139472,0.006761936470866203,-0.002636280609294772,0.053505852818489075,0.05128074064850807,1.0433907962685742,1.044110068277722,0.0,0.0,0.06311631761016873,1.3244902541428136,0.047563534557395204,0.009072966873645782,0.011862926185131073,0.015712330117821693,4096,0.24485811591148376,0.0,1.4326722621917725
100,D1,validation_test_seen,train,scene_0126,128,6784,0,200700,0.009043228812515736,0.0005581692676059902,0.053026922047138214,0.05136072263121605,1.0324411209687592,1.0336490061422583,0.0,0.0,60523,0.016429252922534943,0.00990644097328186,0.03618745505809784,0.03332030400633812,1.0860481660435732,0.9976535455331649,0.0,0.0,140177,0.005854229908436537,-0.0034780525602400303,0.057192713022232056,0.053400807082653046,1.0710084013095522,1.0658651035948348,0.0,0.0,0.02634624685422361,1.2360373104804943,0.02186430651567866,0.00484491977840662,0.007858054712414742,0.00971284881234169,4096,0.24456733465194702,0.0,1.2693367004394531
100,D1,validation_test_seen,train,scene_0127,128,7040,0,200161,0.013187272474169731,0.0031391282100230455,0.05060051754117012,0.05238356813788414,0.9659616429331299,1.0203586146347554,0.0,0.0,42698,0.035689447075128555,0.03215143829584122,0.03244900703430176,0.03676766902208328,0.8825418607530529,0.8007764091394098,0.0,0.0,157463,0.007085535209625959,-0.004727911204099655,0.054487794637680054,0.05304429680109024,1.0272130638662769,1.0438641851803523,0.0,0.0,0.05125320727681935,1.4291419332898618,0.02594156586717111,0.007857704535126686,0.009289361536502838,0.013275816105306149,4096,0.24501405656337738,0.0,1.5357402563095093
100,D1,validation_test_seen,train,scene_0128,128,7296,0,200671,0.014415556564927101,0.006100135389715433,0.05222897231578827,0.05794762074947357,0.9013134903603914,0.8010757086084163,0.0,0.0,61355,0.03294137120246887,0.02819269895553589,0.04071809723973274,0.050289787352085114,0.8096693063078639,0.9000783229538919,0.0,0.0,139316,0.006256757769733667,-0.0036294665187597275,0.05460381135344505,0.051738664507865906,1.055377286461338,1.014288363381087,0.0,0.0,-0.08321404937344738,1.4366006776746776,-0.058349164299372036,0.006054168567061424,0.007903825491666794,0.011354641057550907,4096,0.244827002286911,0.0,1.2401372194290161
100,D1,validation_test_seen,train,scene_0129,128,7552,0,200043,0.008508879691362381,-0.0018971317913383245,0.05420638248324394,0.05616459250450134,0.965134439084545,1.0009656701632847,0.0,0.0,59425,0.01402963511645794,0.002138351323083043,0.036262013018131256,0.04574619233608246,0.792678279139081,0.834169313119891,0.0,0.0,140618,0.006175815127789974,-0.0036025221925228834,0.05749738588929176,0.056242913007736206,1.0223045502885493,1.0595401345104205,0.0,0.0,0.48871514355434414,1.318721487976432,0.36862717377889853,0.0028825674671679735,0.00458768755197525,0.0060498821549117565,4096,0.24442744255065918,0.0,1.1250553131103516
100,D1,validation_test_seen,train,scene_0100,192,192,0,198401,0.010004960000514984,-0.000897707708645612,0.08770632743835449,0.08828484266996384,0.9934471737830239,0.9899338399089497,0.0,0.0,54212,0.015164976008236408,0.007011135574430227,0.04711777716875076,0.05435025691986084,0.8669283245197106,0.861869971412834,0.0,0.0,144189,0.008064903318881989,-0.003871264634653926,0.09142351895570755,0.08812298625707626,1.0374537091718934,1.0425095936372593,0.0,0.0,0.33342040215086716,0.9302710757481925,0.32214988735586114,0.003618598682805896,0.007397410459816456,0.006881596986204386,4096,0.24070999026298523,0.0,1.2678190469741821
100,D1,validation_test_seen,train,scene_0129,192,7616,0,199019,0.009890403598546982,-0.0028561498038470745,0.08610962331295013,0.08601099997758865,1.0011466363068349,0.9900060756583804,0.0,0.0,57613,0.014550978317856789,0.0015780770918354392,0.04867282509803772,0.05941979959607124,0.8191347905733412,0.7775234646235449,0.0,0.0,141406,0.007991545833647251,-0.004662785679101944,0.09082534164190292,0.08663759380578995,1.048336382073357,1.047633792518606,0.0,0.0,0.5430961741671492,1.3707195660184857,0.37470140478375896,0.0034536044113337994,0.00579006876796484,0.007936560548841953,4096,0.24082624912261963,0.0,1.11796236038208
100,D1,train,eval,scene_0000,128,128,0,199291,0.011784223839640617,0.00028748673503287137,0.04666168987751007,0.05072623863816261,0.9198728533837185,0.9128906707452549,0.0,0.0,97957,0.015474483370780945,0.0059788525104522705,0.03500939905643463,0.04420310631394386,0.792012190450763,0.8315300930412386,0.0,0.0,101334,0.00821694266051054,-0.005214211996644735,0.054938171058893204,0.05377337336540222,1.021661235302757,1.0419057703880796,0.0,0.0,0.28498919841183534,0.9332622954081574,0.30398946141739136,0.004289469216018915,0.008893096819519997,0.008299591951072216,4096,0.24421405792236328,0.0,0.9742792248725891
100,D1,train,eval,scene_0006,128,1664,0,200073,0.020117226988077164,0.011979544535279274,0.054011184722185135,0.06395228207111359,0.8445544548688011,0.7618873668805297,0.0,0.0,62719,0.050951700657606125,0.047388192266225815,0.04741400480270386,0.05385834351181984,0.8803465110711826,0.7290560688781335,0.0,0.0,137354,0.006037496961653233,-0.004188860766589642,0.055056266486644745,0.0529913492500782,1.0389670628468382,1.0369170362219755,0.0,0.0,-0.19947351673697858,2.172664629901428,-0.09090349942787274,0.008710317313671112,0.008401311933994293,0.018253233283758163,4096,0.24458447098731995,0.0,1.1588356494903564
100,D1,train,eval,scene_0013,128,3456,0,200704,0.03930904343724251,0.03252943605184555,0.047815874218940735,0.0688348039984703,0.6946467693872322,0.6465828514315201,0.0,0.0,89703,0.0800173431634903,0.07774506509304047,0.038985900580883026,0.04699346423149109,0.8296026100318422,0.8352097981916683,0.0,0.0,111001,0.006411535199731588,-0.004010565113276243,0.052997853606939316,0.05120379477739334,1.0350376146405864,1.0290950694154144,0.0,0.0,-0.1977105220464538,1.920081524589324,-0.10311654848699835,0.007951358333230019,0.00777825340628624,0.014934880658984184,4096,0.2447224259376526,0.0,1.3449134826660156
100,D1,train,eval,scene_0019,128,4992,0,200704,0.022287774831056595,0.014210701920092106,0.04999614879488945,0.055892203003168106,0.8945102556085605,0.9269727071385957,0.0,0.0,58792,0.05969355255365372,0.05651511624455452,0.0347830206155777,0.04431021586060524,0.7849887422124283,0.7054507147373767,0.0,0.0,141912,0.00679112458601594,-0.0033153793774545193,0.05500539019703865,0.05229644477367401,1.0517998008294498,1.0529792087219039,0.0,0.0,-0.2234714331712323,1.3569630418163094,-0.16560410257120478,0.010172201320528984,0.011479240842163563,0.015576905570924282,4096,0.2453388124704361,0.0,1.5342470407485962
100,D1,train,eval,scene_0026,128,6784,0,200606,0.00938001461327076,0.001510104862973094,0.0508466511964798,0.05439907684922218,0.9346969496819103,0.9057229919986032,0.0,0.0,73365,0.015463539399206638,0.00889098271727562,0.031194357201457024,0.03955148905515671,0.7887024723128576,0.7646385867932464,0.0,0.0,127241,0.005872358102351427,-0.002745583653450012,0.055096231400966644,0.05409681051969528,1.0184746729367251,1.02190606660253,0.0,0.0,0.247051288440509,0.8428352855501041,0.2908502426424172,0.004639492370188236,0.00924619846045971,0.007793022319674492,4096,0.24471279978752136,0.0,0.9525687098503113
100,D1,train,eval,scene_0033,128,8576,0,199769,0.025213230401277542,0.016714492812752724,0.05110173672437668,0.06836948543787003,0.7474348592372366,0.6543565735240462,0.0,0.0,68040,0.060590118169784546,0.05633312463760376,0.033083945512771606,0.06265620142221451,0.5280234799079573,0.5218423485360492,0.0,0.0,131729,0.0069405389949679375,-0.003749122843146324,0.05779140442609787,0.05706477537751198,1.012733407671876,1.053506341031874,0.0,0.0,-0.3296477907434237,1.3177915108768397,-0.24971128695916367,0.009331431239843369,0.010004051961004734,0.01318325474858284,4096,0.24532866477966309,0.0,1.4253084659576416
100,D1,train,eval,scene_0039,128,10112,0,200702,0.021076634526252747,0.010548420250415802,0.0494501031935215,0.0558958500623703,0.8846829082721447,0.8334513706391494,0.0,0.0,79754,0.04253077134490013,0.03338073194026947,0.041880279779434204,0.05079520866274834,0.8244927205141679,0.7730935670792792,0.0,0.0,120948,0.006929619703441858,-0.004507373087108135,0.05357827991247177,0.051167383790016174,1.047117830615487,1.0400645199744925,0.0,0.0,0.21491472089634994,1.2700827816462277,0.1705899428653829,0.0073836748488247395,0.010834875516593456,0.013761188834905624,4096,0.2442997545003891,0.0,0.9650693535804749
100,D1,train,eval,scene_0046,128,11904,0,200574,0.015301041305065155,0.004961959086358547,0.05206093192100525,0.053314391523599625,0.9764892824099937,0.9970141918658119,0.0,0.0,61885,0.033647485077381134,0.02858160436153412,0.03399621322751045,0.02987593784928322,1.1379128380509096,1.1599528996397088,0.0,0.0,138689,0.0071145957335829735,-0.005577460862696171,0.057921335101127625,0.05511162057518959,1.0509822519572747,1.0530058894116905,0.0,0.0,-0.0934756090746848,1.936730981979172,-0.0481085388101499,0.00682687247171998,0.00677051255479455,0.013112661428749561,4096,0.2445955127477646,0.0,1.1758975982666016
100,D1,train,eval,scene_0052,128,13440,0,200635,0.012361719273030758,0.002538535976782441,0.05030076205730438,0.053535621613264084,0.9395755674730369,0.9552459179549275,0.0,0.0,91160,0.01948142610490322,0.011243827641010284,0.02968854457139969,0.03297131881117821,0.900435458509304,0.9564999704815146,0.0,0.0,109475,0.00643312931060791,-0.004710373003035784,0.05719993636012077,0.05531821399927139,1.0340163252717118,1.0359897527394448,0.0,0.0,0.22845464168206175,1.1767797852603028,0.19007253353338352,0.00435805507004261,0.006577382795512676,0.007740131113678217,4096,0.24374906718730927,0.0,0.9825548529624939
100,D1,train,eval,scene_0059,128,15232,0,199735,0.026840966194868088,0.018712427467107773,0.0507902093231678,0.06833288073539734,0.7432762789533297,0.7118658917510617,0.0,0.0,85876,0.0518912710249424,0.04781416058540344,0.03194956108927727,0.05037938058376312,0.6341793154077475,0.6169451818534186,0.0,0.0,113859,0.007947249338030815,-0.003237004391849041,0.05924854055047035,0.06215624138712883,0.9532194873472417,1.026338423456899,0.0,0.0,-0.01625607573246683,1.1644095787975428,-0.017059660695024414,0.007341557648032904,0.009780775755643845,0.011388828977942467,4096,0.24486573040485382,0.0,1.0713201761245728
100,D1,train,eval,scene_0066,128,17024,0,200531,0.01417782623320818,0.005085593089461327,0.04629684239625931,0.04653300344944,0.9949248697553492,1.0249972698573073,0.0,0.0,53207,0.03562477231025696,0.029811283573508263,0.02959679439663887,0.03818947449326515,0.7749987343203261,0.8362989845580725,0.0,0.0,147324,0.006432125344872475,-0.003844247432425618,0.05077751725912094,0.047568727284669876,1.0674558719061036,1.047927885784355,0.0,0.0,-0.06761793319215814,1.2084785427706932,-0.06455138391356129,0.007472834084182978,0.009781885892152786,0.011821199208498001,4096,0.2453487515449524,0.0,1.1966513395309448
100,D1,train,eval,scene_0072,128,18560,0,200356,0.013389106839895248,0.003832142800092697,0.05218354985117912,0.05605534091591835,0.9309291317923333,0.9597574826824592,0.0,0.0,66762,0.02766020968556404,0.019533926621079445,0.03634287044405937,0.04116056486964226,0.8829536367918958,0.7657075251869646,0.0,0.0,133594,0.006257295608520508,-0.0040146359242498875,0.05590808391571045,0.05397564545273781,1.0358020445473826,1.0444529058634888,0.0,0.0,-0.036797570651330665,1.1447923933882518,-0.030382300764611302,0.008039455860853195,0.011699389666318893,0.013393372297286987,4096,0.24458716809749603,0.0,1.1236121654510498
100,D1,train,eval,scene_0079,128,20352,0,200683,0.02521430142223835,0.01878495141863823,0.04967067018151283,0.06036735698580742,0.8228067727594995,0.8051657158417095,0.0,0.0,98725,0.04355579987168312,0.04031182825565338,0.034046608954668045,0.039067342877388,0.8714851445495687,0.9079001597937583,0.0,0.0,101958,0.007454391568899155,-0.0020593299996107817,0.05788725987076759,0.05715063586831093,1.0128891654706,1.034488057107437,0.0,0.0,-0.16925108741891842,1.8664800545375668,-0.08971200094635493,0.006407049484550953,0.005860729143023491,0.010938934050500393,4096,0.24413181841373444,0.0,1.2427364587783813
100,D1,train,eval,scene_0085,128,21888,0,200633,0.024061493575572968,0.015939684584736824,0.04518154636025429,0.050385165959596634,0.8967231823049848,0.8718864693812676,0.0,0.0,90883,0.042554646730422974,0.0392778255045414,0.03210509195923805,0.038099657744169235,0.8426609019644385,0.8773629606774693,0.0,0.0,109750,0.008747478947043419,-0.0033864197321236134,0.05352390557527542,0.053024355322122574,1.0094211471335781,1.0237192250751905,0.0,0.0,-0.07955651266590918,1.4543714484535073,-0.055598470179862955,0.008249297738075256,0.008934836834669113,0.012994571588933468,4096,0.24520720541477203,0.0,1.0531553030014038
100,D1,train,eval,scene_0092,128,23680,0,200680,0.012047559022903442,0.0033997907303273678,0.050527069717645645,0.05243854597210884,0.9635482597957641,1.0092176021602934,0.0,0.0,55656,0.026859035715460777,0.021923324093222618,0.03244886174798012,0.037250760942697525,0.8710925878237998,0.849602189043413,0.0,0.0,145024,0.00636334391310811,-0.0037090035621076822,0.055280864238739014,0.05279667675495148,1.0470519668371847,1.045862394735718,0.0,0.0,0.07217398981332286,1.1946372186565823,0.06077756286294013,0.0065282112918794155,0.009336077608168125,0.011153225786983967,4096,0.24505400657653809,0.0,1.1694602966308594
100,D1,train,eval,scene_0099,128,25472,0,200699,0.017207058146595955,0.009064465761184692,0.04999478906393051,0.05544103682041168,0.9017650450130826,0.8574822316523912,0.0,0.0,77958,0.03357802703976631,0.029997622594237328,0.04199486970901489,0.0436473973095417,0.9621391491270992,0.8377038671246357,0.0,0.0,122741,0.00680916290730238,-0.004231067840009928,0.05276578664779663,0.05100555345416069,1.0345106184411446,1.0393666338097785,0.0,0.0,0.11025303960750353,1.3971418456531695,0.07893330370842885,0.0069621894508600235,0.0100361043587327,0.014021861366927624,4096,0.24448178708553314,0.0,1.2624108791351318
100,D1,validation_test_seen,eval,scene_0100,128,128,0,199556,0.006811434868723154,-0.0017802591901272535,0.052898019552230835,0.052054379135370255,1.01620690575651,1.0091968786901346,0.0,0.0,57517,0.008720789104700089,0.0031427161302417517,0.033787842839956284,0.037038180977106094,0.9122435807752304,0.9465015250233244,0.0,0.0,142039,0.006038264837116003,-0.0037737598177045584,0.056402191519737244,0.053139571100473404,1.0613971914281177,1.0471343484399283,0.0,0.0,0.2798870295238918,1.0570917810695681,0.26199733465901115,0.0030586489010602236,0.005813529249280691,0.006145433988422155,4096,0.244580939412117,0.0,1.3278015851974487
100,D1,validation_test_seen,eval,scene_0101,128,384,0,200668,0.008166399784386158,-0.0005088822799734771,0.05363587662577629,0.05655544623732567,0.948376861897652,0.9358895890447352,0.0,0.0,66409,0.013810114935040474,0.004011126235127449,0.04292605072259903,0.053048230707645416,0.8091891124356093,0.8152300604237159,0.0,0.0,134259,0.005374828819185495,-0.0027446302119642496,0.05123719573020935,0.04894638806581497,1.0468023843008412,1.0460204577717354,0.0,0.0,0.455753678431593,1.2259948426626284,0.36862833933345673,0.003227595007047057,0.0050209034234285355,0.00615560170263052,4096,0.24464932084083557,0.0,1.0268809795379639
100,D1,validation_test_seen,eval,scene_0102,128,640,0,200285,0.010126307606697083,0.0015604140935465693,0.04991026595234871,0.05198422446846962,0.9601040789330455,0.9572107393058847,0.0,0.0,48268,0.02329111658036709,0.018252700567245483,0.03630341216921806,0.03879689425230026,0.9357298533520022,1.025074703205838,0.0,0.0,152017,0.005946254823356867,-0.0037396724801510572,0.05196506530046463,0.050269003957509995,1.0337397045779588,1.0323971485465187,0.0,0.0,0.07265512310427177,1.422929901457687,0.053971597477946845,0.006435123272240162,0.008749539032578468,0.012449980713427067,4096,0.24499604105949402,0.0,1.7912105321884155
100,D1,validation_test_seen,eval,scene_0103,128,896,0,200682,0.012106342241168022,0.00357214268296957,0.0514291375875473,0.05294144153594971,0.9714344017743551,0.9803801400403325,0.0,0.0,54316,0.027683351188898087,0.02177548222243786,0.03337967395782471,0.03799759969115257,0.8784679619012064,0.9053714576984282,0.0,0.0,146366,0.006325759459286928,-0.003183063119649887,0.05569378659129143,0.052473071962594986,1.0613784272243925,1.0593916325473387,0.0,0.0,0.007957392296831256,0.8634474812444847,0.009512064300833354,0.0071283685974776745,0.011807683855295181,0.010195314884185791,4096,0.24502849578857422,0.0,1.6376615762710571
100,D1,validation_test_seen,eval,scene_0104,128,1152,0,200697,0.007980668917298317,-0.002232596045359969,0.04946472495794296,0.0484677329659462,1.0205702212789127,1.0464570721239148,0.0,0.0,52465,0.013469386845827103,0.0059348950162529945,0.02501014806330204,0.0303192138671875,0.8248943449806555,0.8056783359317843,0.0,0.0,148232,0.006038000341504812,-0.005123384762555361,0.055217187851667404,0.05203025043010712,1.0612516256449955,1.0555559948188555,0.0,0.0,0.38551001388837036,1.0625261762458456,0.3632662664154379,0.004073767457157373,0.007778441533446312,0.008264797739684582,4096,0.2447834312915802,0.0,1.040409803390503
100,D1,validation_test_seen,eval,scene_0105,128,1408,0,200704,0.012611962854862213,0.0021948772482573986,0.049211543053388596,0.05086847394704819,0.9674271554640231,0.9848882333259953,0.0,0.0,55002,0.027353355661034584,0.02226218767464161,0.03400682285428047,0.03774315118789673,0.901006455051522,0.9042670330154331,0.0,0.0,145702,0.007047139573842287,-0.005380462855100632,0.05318064242601395,0.05001714453101158,1.0632482706612916,1.0516786619292624,0.0,0.0,0.12727570003127597,1.0802446846328702,0.11761294624941394,0.006544684991240501,0.01031164824962616,0.011139103211462498,4096,0.24493426084518433,0.0,1.4460561275482178
100,D1,validation_test_seen,eval,scene_0106,128,1664,0,200309,0.013852951116859913,0.006181691773235798,0.05140409246087074,0.057935118675231934,0.8872699950616776,0.9124104546557619,0.0,0.0,98174,0.021969478577375412,0.016027050092816353,0.03659331426024437,0.040384773164987564,0.9061166224890356,0.8965183326535142,0.0,0.0,102135,0.006051199976354837,-0.003281843150034547,0.05333424732089043,0.053902383893728256,0.9894598989544147,1.0397472360360012,0.0,0.0,0.30481804310176297,1.412207137841391,0.2128787772633585,0.004170150030404329,0.005968934390693903,0.008429371751844883,4096,0.2436763346195221,0.0,1.198702096939087
100,D1,validation_test_seen,eval,scene_0107,128,1920,0,199994,0.022444935515522957,0.014860566705465317,0.04849018156528473,0.058338407427072525,0.8311879549660516,0.7313726815334108,0.0,0.0,66108,0.055462613701820374,0.051786795258522034,0.03828698396682739,0.04761239513754845,0.8041390032200506,0.7729722749005844,0.0,0.0,133886,0.006142018362879753,-0.003372249426320195,0.052631717175245285,0.05165746808052063,1.0188597918350557,1.0301948948820567,0.0,0.0,-0.004385949912954744,1.5401469675747996,-0.010378817370490992,0.00814648438245058,0.010132870636880398,0.015606109984219074,4096,0.24470967054367065,0.0,1.8913922309875488
100,D1,validation_test_seen,eval,scene_0108,128,2176,0,199879,0.012347358278930187,0.0043618688359856606,0.0516744889318943,0.05443450063467026,0.9492966469684475,0.9261111312370942,0.0,0.0,82022,0.020708834752440453,0.01512942649424076,0.0409514456987381,0.037817005068063736,1.0828844226303205,1.0778326351910779,0.0,0.0,117857,0.006528230383992195,-0.003131762146949768,0.05357277765870094,0.05369402468204498,0.9977418898273688,1.0365751498935023,0.0,0.0,0.18143411973349405,1.29299141780341,0.1400521990015541,0.0048070685006678104,0.007075968664139509,0.009149166755378246,4096,0.24413105845451355,0.0,1.3352198600769043
100,D1,validation_test_seen,eval,scene_0109,128,2432,0,199635,0.022823777049779892,0.010679989121854305,0.04495048150420189,0.054467979818582535,0.825264341617208,0.8131023261817982,0.0,0.0,90009,0.042111024260520935,0.027577493339776993,0.03853216394782066,0.04967711120843887,0.7756522674224067,0.8877802294895739,0.0,0.0,109626,0.006987886969000101,-0.003193798940628767,0.0490407757461071,0.05085480585694313,0.964329229454951,1.0438271614407055,0.0,0.0,-0.07078874687977661,1.3776603660243152,-0.04961336744518955,0.006232364568859339,0.008185934275388718,0.011277437210083008,4096,0.2441835254430771,0.0,1.3580315113067627
100,D1,validation_test_seen,eval,scene_0110,128,2688,0,200090,0.014382092282176018,0.006145872175693512,0.048932187259197235,0.05254792049527168,0.9311916969882795,0.9509589469235983,0.0,0.0,68702,0.028609883040189743,0.024968169629573822,0.03586277738213539,0.03589851036667824,0.999004610938508,0.8955875710644876,0.0,0.0,131388,0.006942464970052242,-0.003696194151416421,0.053619880229234695,0.053071681410074234,1.0103294036404207,1.0381485831009558,0.0,0.0,0.15350692897114182,1.3599743814140508,0.11246338445346837,0.005374031141400337,0.0076749287545681,0.010437706485390663,4096,0.24469351768493652,0.0,1.0722545385360718
100,D1,validation_test_seen,eval,scene_0111,128,2944,0,200582,0.01041429117321968,0.0018955015111714602,0.04460487887263298,0.045875683426856995,0.9722989510063615,1.017427067140475,0.0,0.0,85341,0.01657686196267605,0.008302862755954266,0.024122999981045723,0.02907377853989601,0.8297167135652264,0.8025289060192649,0.0,0.0,115241,0.005850639194250107,-0.002849429612979293,0.0532003678381443,0.05075240507721901,1.0482334336116832,1.0536228118926492,0.0,0.0,0.2428452251569318,1.2249961242241527,0.19790697491180162,0.004681183956563473,0.006728209555149078,0.008242030628025532,4096,0.24422061443328857,0.0,1.2941877841949463
100,D1,validation_test_seen,eval,scene_0112,128,3200,0,200135,0.009697488509118557,0.0017739877803251147,0.0511811226606369,0.05462484434247017,0.9369568605039335,0.9591471618223301,0.0,0.0,68226,0.015014111995697021,0.009394652210175991,0.03310525044798851,0.04084191843867302,0.8105704069141205,0.8752705802412597,0.0,0.0,131909,0.006947623565793037,-0.0021675738971680403,0.05652064457535744,0.056647252291440964,0.9977649804542654,1.0435186952345294,0.0,0.0,0.061559283469802356,0.818307676900342,0.07533250732355252,0.0048776715993881226,0.00982955377548933,0.00804359931498766,4096,0.24454185366630554,0.0,1.2711055278778076
100,D1,validation_test_seen,eval,scene_0113,128,3456,0,200704,0.01705276034772396,0.008047055453062057,0.05152761936187744,0.05266651511192322,0.9783753349234239,0.9192574193878494,0.0,0.0,67285,0.037297323346138,0.03140222281217575,0.04203857108950615,0.037633322179317474,1.1170571359392159,1.102025225364927,0.0,0.0,133419,0.006843154318630695,-0.003731268923729658,0.0553315132856369,0.0523630753159523,1.0566895269571814,1.0482683649324647,0.0,0.0,-0.030343510185315996,1.1786540237040513,-0.02599965260375629,0.007599799428135157,0.010529140010476112,0.012410213239490986,4096,0.24484798312187195,0.0,1.6419248580932617
100,D1,validation_test_seen,eval,scene_0114,128,3712,0,199834,0.019690867513418198,0.008497439324855804,0.04845306649804115,0.057798922061920166,0.8383039816232771,0.7811674392547898,0.0,0.0,58958,0.05173160135746002,0.03831241652369499,0.03677027300000191,0.0569305457174778,0.6458795104912082,0.7566485189921031,0.0,0.0,140876,0.006281506270170212,-0.0039804247207939625,0.05257308483123779,0.053133003413677216,0.9894619436797113,1.0387833780851097,0.0,0.0,-0.13620113901156766,1.3803931890603196,-0.09809151087463591,0.008884631097316742,0.010604345239698887,0.014638165943324566,4096,0.2451164871454239,0.0,1.4477460384368896
100,D1,validation_test_seen,eval,scene_0115,128,3968,0,200648,0.01815035380423069,0.005947573576122522,0.04817548766732216,0.05591801553964615,0.8615378640031583,0.8146005650064384,0.0,0.0,51118,0.05034714937210083,0.038414470851421356,0.027200020849704742,0.05734998360276222,0.47428123150142754,0.46039893196325604,0.0,0.0,149530,0.007143626920878887,-0.0051514883525669575,0.0534493625164032,0.04989656060934067,1.0712033427489878,1.0498494880634552,0.0,0.0,0.03717529070071538,1.1750653636159307,0.032513809828476334,0.006667371839284897,0.011162856593728065,0.01311708614230156,4096,0.24477237462997437,0.0,1.9375810623168945
100,D1,validation_test_seen,eval,scene_0116,128,4224,0,200682,0.025856034830212593,0.01780666410923004,0.05190446972846985,0.06261704117059708,0.8289192328180862,0.7971529779582336,0.0,0.0,68868,0.06055803596973419,0.05852827429771423,0.043315351009368896,0.046667635440826416,0.9281668248285657,0.9485620073048351,0.0,0.0,131814,0.007725505158305168,-0.0034688878804445267,0.05499684438109398,0.051975592970848083,1.058128272089949,1.0591737185404273,0.0,0.0,-0.11499710487371358,1.4294142074477818,-0.08015703959413147,0.00826951488852501,0.010103420354425907,0.014441972598433495,4096,0.24464461207389832,0.0,1.543100118637085
100,D1,validation_test_seen,eval,scene_0117,128,4480,0,200501,0.009371327236294746,0.0011782856890931726,0.05299222469329834,0.0538739413022995,0.9836337088453648,0.9908700493503664,0.0,0.0,53935,0.018023252487182617,0.01212505716830492,0.031180255115032196,0.03975345194339752,0.7843408205010178,0.8001375339986557,0.0,0.0,146566,0.00618749437853694,-0.00285003031603992,0.05680748075246811,0.05313188582658768,1.06917870255682,1.0653558813677118,0.0,0.0,0.3989059516357575,1.2388780832149888,0.3205983223397963,0.004075514152646065,0.0057647996582090855,0.007141883950680494,4096,0.24467161297798157,0.0,1.309536337852478
100,D1,validation_test_seen,eval,scene_0118,128,4736,0,200491,0.009158647619187832,0.0008763040532357991,0.05327640846371651,0.057867057621479034,0.9206690413085981,0.8408459230976408,0.0,0.0,65199,0.016991466283798218,0.007302960380911827,0.03472275659441948,0.04918580502271652,0.7059507632005358,0.7382725308112131,0.0,0.0,135292,0.005383910145610571,-0.0022207866422832012,0.05387862026691437,0.05246668681502342,1.026911046563105,1.0438924148298738,0.0,0.0,0.3990929149661311,1.008571608762912,0.3901189746408213,0.0031885216012597084,0.005581997334957123,0.005629844032227993,4096,0.24444611370563507,0.0,1.344921350479126
100,D1,validation_test_seen,eval,scene_0119,128,4992,0,199640,0.016492562368512154,0.009325758554041386,0.05029097944498062,0.056304823607206345,0.8931913151139679,0.8626077623756856,0.0,0.0,70329,0.03415542095899582,0.030658235773444176,0.039610449224710464,0.04295191913843155,0.9222044094711642,0.8458193660840106,0.0,0.0,129311,0.006886179558932781,-0.0022764408495277166,0.05307002738118172,0.051717229187488556,1.0261575922559367,1.0376389125334307,0.0,0.0,0.1123784705263797,1.2160649848464014,0.08708690638654484,0.007104858290404081,0.010213229805231094,0.012419951148331165,4096,0.2447107881307602,0.0,1.7638059854507446
100,D1,validation_test_seen,eval,scene_0120,128,5248,0,200686,0.012059814296662807,0.003933504689484835,0.05017496645450592,0.0505831353366375,0.9919307318651729,1.0161250731214213,0.0,0.0,62231,0.02506512962281704,0.019047867506742477,0.03278857097029686,0.03299010917544365,0.9938909506459953,1.0477226871034178,0.0,0.0,138455,0.0062143513932824135,-0.002859906991943717,0.055361878126859665,0.052198220044374466,1.0606085433525458,1.0447640915991447,0.0,0.0,0.16613072644827367,1.149241577969518,0.14454890917378474,0.006322978995740414,0.009270037524402142,0.010653512552380562,4096,0.24480488896369934,0.0,1.4816009998321533
100,D1,validation_test_seen,eval,scene_0121,128,5504,0,199742,0.015424028038978577,0.0069091408513486385,0.05007356405258179,0.05205470323562622,0.9619412068477888,0.959476671179681,0.0,0.0,68418,0.033313337713479996,0.027064725756645203,0.04090503230690956,0.03979155048727989,1.027982870885758,1.079841393488798,0.0,0.0,131324,0.006103945896029472,-0.0035916403867304325,0.05368809029459953,0.05136334151029587,1.0452608556208842,1.0449745720814232,0.0,0.0,0.24034545441354405,1.471192281059039,0.16333152706004517,0.006092090625315905,0.008635847829282284,0.012704992666840553,4096,0.24463558197021484,0.0,1.1712195873260498
100,D1,validation_test_seen,eval,scene_0122,128,5760,0,200023,0.01393955573439598,0.008680933155119419,0.05492112413048744,0.06293501704931259,0.8726640065490745,0.8502997523857396,0.0,0.0,78065,0.02664412558078766,0.024038979783654213,0.03738385811448097,0.04501315951347351,0.8305095336240749,0.7952480511782962,0.0,0.0,121958,0.005807393230497837,-0.0011497103841975331,0.05667931213974953,0.056563809514045715,1.0020419880962073,1.0416754477072825,0.0,0.0,0.10098359841306308,1.131208001094258,0.08478659112210607,0.005060287192463875,0.007186685223132372,0.008129635825753212,4096,0.2441711723804474,0.0,1.2892087697982788
100,D1,validation_test_seen,eval,scene_0123,128,6016,0,200684,0.022198855876922607,0.01518771331757307,0.050638239830732346,0.05883701890707016,0.8606527110204659,0.774056157405416,0.0,0.0,72385,0.051714938133955,0.047505300492048264,0.041122693568468094,0.04689929634332657,0.8768296493710519,0.9015143642342749,0.0,0.0,128299,0.005546181462705135,-0.0030455414671450853,0.05470144748687744,0.051957398653030396,1.0528134376428602,1.044921826691606,0.0,0.0,-0.12959912362495585,1.0748530450963139,-0.12105525260705435,0.00851539708673954,0.012482126243412495,0.013416451402008533,4096,0.24475033581256866,0.0,1.5304752588272095
100,D1,validation_test_seen,eval,scene_0124,128,6272,0,200223,0.012421304360032082,0.005187512841075659,0.047698941081762314,0.04967567324638367,0.9602072395714283,0.9806846972694475,0.0,0.0,71991,0.02456642873585224,0.020833656191825867,0.03597848489880562,0.034191593527793884,1.052261131659722,0.9982041970189159,0.0,0.0,128232,0.005602882709354162,-0.0035964210983365774,0.052295587956905365,0.05110533535480499,1.0232901827927925,1.030876824783852,0.0,0.0,0.13592018806610792,1.263648747912744,0.10506882901959466,0.005468044430017471,0.008394596166908741,0.010607820935547352,4096,0.24477340281009674,0.0,1.2914527654647827
100,D1,validation_test_seen,eval,scene_0125,128,6528,0,200704,0.027102550491690636,0.0190463624894619,0.048430584371089935,0.0626876950263977,0.77256923150063,0.6968269901025508,0.0,0.0,61232,0.07343365997076035,0.06843429058790207,0.03409033641219139,0.055785808712244034,0.6110933443313002,0.6648751394722784,0.0,0.0,139472,0.006761936470866203,-0.002636280609294772,0.053505852818489075,0.05128074064850807,1.0433907962685742,1.044110068277722,0.0,0.0,0.06311631761016873,1.3244902541428136,0.047563534557395204,0.009072966873645782,0.011862926185131073,0.015712330117821693,4096,0.24485811591148376,0.0,1.5257532596588135
100,D1,validation_test_seen,eval,scene_0126,128,6784,0,200700,0.009043228812515736,0.0005581692676059902,0.053026922047138214,0.05136072263121605,1.0324411209687592,1.0336490061422583,0.0,0.0,60523,0.016429252922534943,0.00990644097328186,0.03618745505809784,0.03332030400633812,1.0860481660435732,0.9976535455331649,0.0,0.0,140177,0.005854229908436537,-0.0034780525602400303,0.057192713022232056,0.053400807082653046,1.0710084013095522,1.0658651035948348,0.0,0.0,0.02634624685422361,1.2360373104804943,0.02186430651567866,0.00484491977840662,0.007858054712414742,0.00971284881234169,4096,0.24456733465194702,0.0,1.3418642282485962
100,D1,validation_test_seen,eval,scene_0127,128,7040,0,200161,0.013187272474169731,0.0031391282100230455,0.05060051754117012,0.05238356813788414,0.9659616429331299,1.0203586146347554,0.0,0.0,42698,0.035689447075128555,0.03215143829584122,0.03244900703430176,0.03676766902208328,0.8825418607530529,0.8007764091394098,0.0,0.0,157463,0.007085535209625959,-0.004727911204099655,0.054487794637680054,0.05304429680109024,1.0272130638662769,1.0438641851803523,0.0,0.0,0.05125320727681935,1.4291419332898618,0.02594156586717111,0.007857704535126686,0.009289361536502838,0.013275816105306149,4096,0.24501405656337738,0.0,1.6297811269760132
100,D1,validation_test_seen,eval,scene_0128,128,7296,0,200671,0.014415556564927101,0.006100135389715433,0.05222897231578827,0.05794762074947357,0.9013134903603914,0.8010757086084163,0.0,0.0,61355,0.03294137120246887,0.02819269895553589,0.04071809723973274,0.050289787352085114,0.8096693063078639,0.9000783229538919,0.0,0.0,139316,0.006256757769733667,-0.0036294665187597275,0.05460381135344505,0.051738664507865906,1.055377286461338,1.014288363381087,0.0,0.0,-0.08321404937344738,1.4366006776746776,-0.058349164299372036,0.006054168567061424,0.007903825491666794,0.011354641057550907,4096,0.244827002286911,0.0,1.3584080934524536
100,D1,validation_test_seen,eval,scene_0129,128,7552,0,200043,0.008508879691362381,-0.0018971317913383245,0.05420638248324394,0.05616459250450134,0.965134439084545,1.0009656701632847,0.0,0.0,59425,0.01402963511645794,0.002138351323083043,0.036262013018131256,0.04574619233608246,0.792678279139081,0.834169313119891,0.0,0.0,140618,0.006175815127789974,-0.0036025221925228834,0.05749738588929176,0.056242913007736206,1.0223045502885493,1.0595401345104205,0.0,0.0,0.48871514355434414,1.318721487976432,0.36862717377889853,0.0028825674671679735,0.00458768755197525,0.0060498821549117565,4096,0.24442744255065918,0.0,1.185779333114624
100,D1,validation_test_seen,eval,scene_0100,192,192,0,198401,0.010004960000514984,-0.000897707708645612,0.08770632743835449,0.08828484266996384,0.9934471737830239,0.9899338399089497,0.0,0.0,54212,0.015164976008236408,0.007011135574430227,0.04711777716875076,0.05435025691986084,0.8669283245197106,0.861869971412834,0.0,0.0,144189,0.008064903318881989,-0.003871264634653926,0.09142351895570755,0.08812298625707626,1.0374537091718934,1.0425095936372593,0.0,0.0,0.33342040215086716,0.9302710757481925,0.32214988735586114,0.003618598682805896,0.007397410459816456,0.006881596986204386,4096,0.24070999026298523,0.0,1.373586654663086
100,D1,validation_test_seen,eval,scene_0129,192,7616,0,199019,0.009890403598546982,-0.0028561498038470745,0.08610962331295013,0.08601099997758865,1.0011466363068349,0.9900060756583804,0.0,0.0,57613,0.014550978317856789,0.0015780770918354392,0.04867282509803772,0.05941979959607124,0.8191347905733412,0.7775234646235449,0.0,0.0,141406,0.007991545833647251,-0.004662785679101944,0.09082534164190292,0.08663759380578995,1.048336382073357,1.047633792518606,0.0,0.0,0.5430961741671492,1.3707195660184857,0.37470140478375896,0.0034536044113337994,0.00579006876796484,0.007936560548841953,4096,0.24082624912261963,0.0,1.1848762035369873
200,D1,train,train,scene_0000,128,128,0,199291,0.01084371842443943,-0.007801721338182688,0.05295933783054352,0.05072623863816261,1.0440225660788673,1.0525581188314204,0.0,0.0,97957,0.01605558954179287,-0.014295823872089386,0.04238559678196907,0.04420310631394386,0.958882764503782,0.9977504249830637,0.0,0.0,101334,0.005805536173284054,-0.0015240387292578816,0.05584922432899475,0.05377337336540222,1.0386036960985627,1.0495758615133168,0.0,0.0,0.7625806211653017,1.0454779560765701,0.727618800747772,0.002503378316760063,0.008893096819519997,0.009297536686062813,4096,0.24254938960075378,0.0,0.9099911451339722
200,D1,train,train,scene_0006,128,1664,0,200073,0.011685986071825027,0.0020382741931825876,0.05819417163729668,0.06395228207111359,0.9099623930946825,0.8615263825820157,0.0,0.0,62719,0.0291462242603302,0.007419495843350887,0.03313209116458893,0.05385834351181984,0.6151710023780754,0.5550143881575506,0.0,0.0,137354,0.0037132399156689644,-0.00041891535511240363,0.05442946031689644,0.0529913492500782,1.0271386006804897,1.041280723349373,0.0,0.0,0.4290783927008782,1.1887132462165386,0.36064341887150775,0.00421139458194375,0.008401311933994293,0.009986750781536102,4096,0.24302247166633606,0.0,1.1268459558486938
200,D1,train,train,scene_0013,128,3456,0,200704,0.023812858387827873,0.016968483105301857,0.05161125212907791,0.0688348039984703,0.7497842534748098,0.7244693332153387,0.0,0.0,89703,0.04756174981594086,0.03745483607053757,0.024061240255832672,0.04699346423149109,0.5120124819337929,0.5070185475849782,0.0,0.0,111001,0.004620721098035574,0.0004128904256504029,0.05262289568781853,0.05120379477739334,1.0277147605288763,1.039348469180596,0.0,0.0,0.3527002198928256,1.150503314480792,0.30757439683792775,0.004481372889131308,0.00777825340628624,0.00894890632480383,4096,0.24240079522132874,0.0,1.3443344831466675
200,D1,train,train,scene_0019,128,4992,0,200704,0.009438693523406982,0.0013059405609965324,0.05334264039993286,0.055892203003168106,0.9543842885725808,0.968955540629863,0.0,0.0,58792,0.022608229890465736,0.0016877027228474617,0.027459315955638885,0.04431021586060524,0.619706210459969,0.5474937914918634,0.0,0.0,141912,0.003982751630246639,0.0011477823136374354,0.053471654653549194,0.05229644477367401,1.022472079793592,1.0420597988728233,0.0,0.0,0.259738125926329,0.7911309348460267,0.3318807314343837,0.004776882939040661,0.011479240842163563,0.00908158253878355,4096,0.24362649023532867,0.0,1.2639163732528687
200,D1,train,train,scene_0026,128,6784,0,200606,0.008303793147206306,-0.005041992757469416,0.057685136795043945,0.05439907684922218,1.0604065387897983,1.0478039722635073,0.0,0.0,73365,0.01517921406775713,-0.011935128830373287,0.03601961210370064,0.03955148905515671,0.9107017956636051,0.9005700895271285,0.0,0.0,127241,0.004339543171226978,-0.0010675279190763831,0.05689946562051773,0.05409681051969528,1.051808139405965,1.0601034822157107,0.0,0.0,0.7009175113154674,1.015319252661404,0.6871828304207745,0.0029319925233721733,0.00924619846045971,0.009387843310832977,4096,0.24324651062488556,0.0,1.0278401374816895
200,D1,train,train,scene_0033,128,8576,0,199769,0.013399563729763031,0.001987981842830777,0.06092106178402901,0.06836948543787003,0.8910563154580169,0.7494107700020202,0.0,0.0,68040,0.029626289382576942,0.0062041678465902805,0.03333673253655434,0.06265620142221451,0.5320579891511733,0.5510308284551451,0.0,0.0,131729,0.005018214695155621,-0.0001897418696898967,0.05960531905293465,0.05706477537751198,1.0445203482992038,1.054604909461727,0.0,0.0,0.37025517115078826,0.7632761884937201,0.4865390372640329,0.004116447176784277,0.010004051961004734,0.00763585465028882,4096,0.2426750361919403,0.0,1.493644118309021
200,D1,train,train,scene_0039,128,10112,0,200702,0.012340839020907879,0.0011028299340978265,0.052032481878995895,0.0558958500623703,0.9308827367494449,0.9364075270631916,0.0,0.0,79754,0.024782469496130943,0.002693244256079197,0.037125296890735626,0.05079520866274834,0.7308818659891083,0.7811479135861958,0.0,0.0,120948,0.0041367365047335625,5.409875666373409e-05,0.053045254200696945,0.051167383790016174,1.0367005359974488,1.051233652612765,0.0,0.0,0.4986877381315602,0.8450026770996623,0.5907784479632735,0.0037472876720130444,0.010834875516593456,0.009155498817563057,4096,0.24287067353725433,0.0,0.8156008124351501
200,D1,train,train,scene_0046,128,11904,0,200574,0.009017602540552616,-0.0029442308004945517,0.05565395951271057,0.053314391523599625,1.0438824850523771,1.059080700266125,0.0,0.0,61885,0.019527742639183998,-0.009309067390859127,0.02532719075679779,0.02987593784928322,0.8477454627388522,0.8321482152210001,0.0,0.0,138689,0.004327828995883465,-0.0001041504874592647,0.05679943040013313,0.05511162057518959,1.0306252983913047,1.0525361575141314,0.0,0.0,0.546461174102858,1.186336592600948,0.46059098666650966,0.003260896075516939,0.00677051255479455,0.008032106794416904,4096,0.24332524836063385,0.0,1.2014572620391846
200,D1,train,train,scene_0052,128,13440,0,200635,0.010400948114693165,-0.007286274805665016,0.05836934968829155,0.053535621613264084,1.0902899402186048,1.1248877583627264,0.0,0.0,91160,0.017552930861711502,-0.016178127378225327,0.03072330914437771,0.03297131881117821,0.9318192372081168,0.9280447182347038,0.0,0.0,109475,0.004445481579750776,0.00011798472405644134,0.05711207911372185,0.05531821399927139,1.0324281097447232,1.0457856364669846,0.0,0.0,0.5617331568264929,1.1845629629881353,0.4706716040991074,0.002598266815766692,0.006577382795512676,0.0077913240529596806,4096,0.2415771335363388,0.0,0.9356919527053833
200,D1,train,train,scene_0059,128,15232,0,199735,0.012392669916152954,0.0009354396024718881,0.06372962892055511,0.06833288073539734,0.9326348931099918,0.873450917297586,0.0,0.0,85876,0.02073029801249504,0.0005770990974269807,0.03478441759943962,0.05037938058376312,0.6904494893819787,0.6499109067434812,0.0,0.0,113859,0.006104172673076391,0.0012057110434398055,0.061302658170461655,0.06215624138712883,0.9862671358882403,1.050786202471695,0.0,0.0,0.48200917744841015,0.9392065989540306,0.5107464954815168,0.0034415293484926224,0.009780775755643845,0.009186169132590294,4096,0.24127089977264404,0.0,1.2873960733413696
200,D1,train,train,scene_0066,128,17024,0,200531,0.009231530129909515,-0.0006557285087183118,0.04555146396160126,0.04653300344944,0.978906594995416,1.0198568905050223,0.0,0.0,53207,0.025125591084361076,-0.0036305966787040234,0.024402502924203873,0.03818947449326515,0.6389850409831468,0.7185002703839451,0.0,0.0,147324,0.0034912885166704655,0.0004186642763670534,0.04893525317311287,0.047568727284669876,1.028727400677869,1.0389027155668618,0.0,0.0,0.435640224475602,1.0661430494648307,0.4033997638541003,0.004719242919236422,0.009781885892152786,0.010428889654576778,4096,0.24480921030044556,0.0,1.2131153345108032
200,D1,train,train,scene_0072,128,18560,0,200356,0.01031810324639082,-0.0039050080813467503,0.05778283253312111,0.05605534091591835,1.0308176096867192,1.0827684076251265,0.0,0.0,66762,0.022195370867848396,-0.010285869240760803,0.03256984427571297,0.04116056486964226,0.7912875923560192,0.6805692844041835,0.0,0.0,133594,0.004382582381367683,-0.0007162491092458367,0.05615471675992012,0.05397564545273781,1.040371380256867,1.0566212717199115,0.0,0.0,0.554965496318015,0.9867988088638514,0.5614872843331215,0.004489174112677574,0.011699389666318893,0.011544943787157536,4096,0.24310901761054993,0.0,1.0887320041656494
200,D1,train,train,scene_0079,128,20352,0,200683,0.011812985874712467,0.0018113958649337292,0.05874842405319214,0.06036735698580742,0.9731819809007723,0.9888053046888001,0.0,0.0,98725,0.01861000992357731,0.0014208758948370814,0.030733143910765648,0.039067342877388,0.7866709544905818,0.7928496230490685,0.0,0.0,101958,0.005231489427387714,0.002189532620832324,0.058279357850551605,0.05715063586831093,1.019749946174554,1.0359923001643192,0.0,0.0,0.3871592989242464,0.979092979241718,0.3955343657957037,0.002474045380949974,0.005860729143023491,0.005738198757171631,4096,0.24087974429130554,0.0,1.5619585514068604
200,D1,train,train,scene_0085,128,21888,0,200633,0.010398649610579014,-0.002149809617549181,0.049810316413640976,0.050385165959596634,0.9885908970426609,0.9629002543132098,0.0,0.0,90883,0.016344349831342697,-0.006840713322162628,0.029302217066287994,0.038099657744169235,0.7690939709497102,0.7884581382617184,0.0,0.0,109750,0.005475067533552647,0.0017346857348456979,0.05361809581518173,0.053024355322122574,1.011197505173843,1.026501916208758,0.0,0.0,0.596940243192521,1.033855210102288,0.5777684166597289,0.0035986576694995165,0.008934836834669113,0.009237327612936497,4096,0.2425425499677658,0.0,1.116768479347229
200,D1,train,train,scene_0092,128,23680,0,200680,0.008154211565852165,-0.0016280545387417078,0.053207941353321075,0.05243854597210884,1.0146723248509115,1.02452297038774,0.0,0.0,55656,0.018984932452440262,-0.006036956794559956,0.028482072055339813,0.037250760942697525,0.7646037647164712,0.7540554328261846,0.0,0.0,145024,0.0039976960979402065,6.395431410055608e-05,0.05449147894978523,0.05279667675495148,1.0321005468336568,1.0483574450668713,0.0,0.0,0.51177818918937,1.0753124059495216,0.47349796423165585,0.004549672361463308,0.009336077608168125,0.010039200074970722,4096,0.24425873160362244,0.0,1.2024635076522827
200,D1,train,train,scene_0099,128,25472,0,200699,0.011761415749788284,-0.001314820139668882,0.05575086176395416,0.05544103682041168,1.0055883684958145,1.0134446135906792,0.0,0.0,77958,0.022615019232034683,-0.0038760658353567123,0.03891116380691528,0.0436473973095417,0.8914887531772476,0.8869249318094549,0.0,0.0,122741,0.004867834970355034,0.00031193526228889823,0.052129827439785004,0.05100555345416069,1.0220421877518633,1.0356977047348384,0.0,0.0,0.5461310954063723,1.3424431744629477,0.4069964514249215,0.004515150561928749,0.0100361043587327,0.013472899794578552,4096,0.24262486398220062,0.0,1.3163615465164185
200,D1,validation_test_seen,train,scene_0100,128,128,0,199556,0.008692787028849125,-0.004773800726979971,0.056823037564754486,0.052054379135370255,1.091609169268604,1.1287809724596924,0.0,0.0,57517,0.019296422600746155,-0.01791822351515293,0.034391310065984726,0.037038180977106094,0.9285366926427234,0.9374512780366011,0.0,0.0,142039,0.004398970864713192,0.0005488765891641378,0.055870406329631805,0.053139571100473404,1.051389862067104,1.0499816616419964,0.0,0.0,0.7330361983547534,1.4526848139755195,0.5032586622068906,0.003080465830862522,0.005813529249280691,0.008445225656032562,4096,0.24383480846881866,0.0,1.2179994583129883
200,D1,validation_test_seen,train,scene_0101,128,384,0,200668,0.009781560860574245,-0.006461976561695337,0.06032058596611023,0.05655544623732567,1.0665743085641084,1.1005993502072369,0.0,0.0,66409,0.020086832344532013,-0.018800554797053337,0.04498795047402382,0.053048230707645416,0.848057510569152,0.8790331667095436,0.0,0.0,134259,0.0046842279843986034,-0.00035890209255740047,0.05160609260201454,0.04894638806581497,1.0543391380100047,1.0705037727303506,0.0,0.0,0.7859078942585495,1.374623596358034,0.5687245629204997,0.002877763006836176,0.0050209034234285355,0.006901852320879698,4096,0.24325992166996002,0.0,1.1101834774017334
200,D1,validation_test_seen,train,scene_0102,128,640,0,200285,0.008800996467471123,-0.0017397315241396427,0.0521518737077713,0.05198422446846962,1.0032250022197287,0.9957539329038869,0.0,0.0,48268,0.022850152105093002,-0.004547851160168648,0.030441775918006897,0.03879689425230026,0.7846446604730998,0.790479254402019,0.0,0.0,152017,0.004340148996561766,-0.0008481054683215916,0.05142705887556076,0.050269003957509995,1.023037156634924,1.0304902055792375,0.0,0.0,0.3568802240703354,0.902236526671397,0.3942182612607642,0.00410174997523427,0.008749539032578468,0.007894153706729412,4096,0.2444254755973816,0.0,1.6632510423660278
200,D1,validation_test_seen,train,scene_0103,128,896,0,200682,0.008309263736009598,-0.0024734886828809977,0.05469198152422905,0.05294144153594971,1.0330655897816958,1.0119440434716491,0.0,0.0,54316,0.019890431314706802,-0.009827992878854275,0.028068840503692627,0.03799759969115257,0.7387003582288969,0.7814415794820253,0.0,0.0,146366,0.004011526238173246,0.0002557465631980449,0.054596517235040665,0.052473071962594986,1.0404673329200045,1.057056050371929,0.0,0.0,0.3383160275254106,0.6986346230960931,0.4870171934526175,0.004932643845677376,0.011807683855295181,0.008249256759881973,4096,0.24406246840953827,0.0,1.3127355575561523
200,D1,validation_test_seen,train,scene_0104,128,1152,0,200697,0.008476409129798412,-0.006294484715908766,0.05184108018875122,0.0484677329659462,1.0695998557468154,1.0655450504642436,0.0,0.0,52465,0.02334321103990078,-0.02220541052520275,0.02535565197467804,0.0303192138671875,0.8362898881794162,0.8238635965209586,0.0,0.0,148232,0.0032144770957529545,-0.0006629959680140018,0.05360725522041321,0.05203025043010712,1.0303093830467815,1.0573269017076732,0.0,0.0,0.5631806711620867,1.3709743657775504,0.4077517504547231,0.0033246290404349566,0.007778441533446312,0.010664043948054314,4096,0.24409864842891693,0.0,1.0050792694091797
200,D1,validation_test_seen,train,scene_0105,128,1408,0,200704,0.008309797383844852,-0.003505221102386713,0.052370116114616394,0.05086847394704819,1.0295200946883398,1.043904788320031,0.0,0.0,55002,0.0198897086083889,-0.007391554303467274,0.03234979882836342,0.03774315118789673,0.857103813810257,0.9366109908322259,0.0,0.0,145702,0.00393842114135623,-0.002038144040852785,0.052169911563396454,0.05001714453101158,1.043040582435691,1.0488106510614867,0.0,0.0,0.589969546519719,1.0505873890720128,0.5620223866129944,0.004222491756081581,0.01031164824962616,0.010833287611603737,4096,0.24399471282958984,0.0,1.3525017499923706
200,D1,validation_test_seen,train,scene_0106,128,1664,0,200309,0.010628797113895416,-0.0060055614449083805,0.05994386598467827,0.057935118675231934,1.0346723603123489,1.0843390482840247,0.0,0.0,98174,0.016135383397340775,-0.011945250444114208,0.03386487811803818,0.040384773164987564,0.8385556105437793,0.7984115362563036,0.0,0.0,102135,0.005335768684744835,-0.00029622664442285895,0.05495019629597664,0.053902383893728256,1.0194390734983856,1.05199659448061,0.0,0.0,0.7418568768944293,1.13225487625436,0.6493361972511635,0.002433840185403824,0.005968934390693903,0.0067583550699055195,4096,0.2410980463027954,0.0,1.3260133266448975
200,D1,validation_test_seen,train,scene_0107,128,1920,0,199994,0.012900900095701218,0.005191146396100521,0.05205076187849045,0.058338407427072525,0.8922211656798805,0.7939112044248324,0.0,0.0,66108,0.030657099559903145,0.012714122422039509,0.03040355071425438,0.04761239513754845,0.6385637737068451,0.6582983073274967,0.0,0.0,133886,0.00413353880867362,0.0014765767846256495,0.05213481932878494,0.05165746808052063,1.0092407016062082,1.0343579715673474,0.0,0.0,0.43710731870510316,1.3688204882920514,0.32093058242218164,0.005931805819272995,0.010132870636880398,0.013870080932974815,4096,0.24320979416370392,0.0,1.7138941287994385
200,D1,validation_test_seen,train,scene_0108,128,2176,0,199879,0.011706550605595112,-0.005700976122170687,0.05961093306541443,0.05443450063467026,1.0950946985898722,1.077720161946152,0.0,0.0,82022,0.019755972549319267,-0.015844859182834625,0.033239781856536865,0.037817005068063736,0.8789638893061812,0.8869470355208569,0.0,0.0,117857,0.006104595027863979,0.0013586097629740834,0.05694473162293434,0.05369402468204498,1.0605413164712232,1.0574152833592363,0.0,0.0,0.5723172195692785,1.3269407503931914,0.43239180149922907,0.0036720435600727797,0.007075968664139509,0.009389391168951988,4096,0.24200837314128876,0.0,1.3691622018814087
200,D1,validation_test_seen,train,scene_0109,128,2432,0,199635,0.01779920794069767,0.00048095648526214063,0.048659369349479675,0.054467979818582535,0.8933573360266032,0.9554148772502029,0.0,0.0,90009,0.030994528904557228,-0.0006905613699927926,0.030951756983995438,0.04967711120843887,0.6230587131793107,0.6585134912973322,0.0,0.0,109626,0.006965119857341051,0.0014428370632231236,0.05150138959288597,0.05085480585694313,1.0127143093960818,1.0425734917560425,0.0,0.0,0.3712059357687259,0.8102285319662601,0.45627000828861314,0.0037485549692064524,0.008185934275388718,0.006632477510720491,4096,0.24247553944587708,0.0,1.1580548286437988
200,D1,validation_test_seen,train,scene_0110,128,2688,0,200090,0.011437700130045414,-0.003973178565502167,0.053442180156707764,0.05254792049527168,1.0170179838328055,1.0517624250834656,0.0,0.0,68702,0.022927751764655113,-0.011140067130327225,0.026852130889892578,0.03589851036667824,0.7480012573117044,0.68476400348736,0.0,0.0,131388,0.005429620388895273,-0.00022565551626030356,0.05361834913492203,0.053071681410074234,1.0103005540869112,1.0367430411578122,0.0,0.0,0.42577917052067815,0.9653057581630726,0.44171369972711544,0.003490739269182086,0.0076749287545681,0.007408652920275927,4096,0.24303726851940155,0.0,1.0015850067138672
200,D1,validation_test_seen,train,scene_0111,128,2944,0,200582,0.009394202381372452,-0.0038527685683220625,0.04897432029247284,0.045875683426856995,1.0675442115332456,1.1016995037599908,0.0,0.0,85341,0.014401576481759548,-0.010319930501282215,0.025453360751271248,0.02907377853989601,0.8754748102776974,0.8440676834623625,0.0,0.0,115241,0.005686023272573948,0.000936447293497622,0.05351858586072922,0.05075240507721901,1.0545034423354225,1.0670657163903752,0.0,0.0,0.45422538830764225,0.9517124700319475,0.47599724333895266,0.0027847725432366133,0.006728209555149078,0.00640332093462348,4096,0.24307094514369965,0.0,1.4018385410308838
200,D1,validation_test_seen,train,scene_0112,128,3200,0,200135,0.010044120252132416,-0.003835453651845455,0.05662323534488678,0.05462484434247017,1.0365839212261678,1.0690860689227148,0.0,0.0,68226,0.017897237092256546,-0.013698689639568329,0.035306092351675034,0.04084191843867302,0.8644572464119086,0.9163150820606915,0.0,0.0,131909,0.005982330534607172,0.0012660108041018248,0.05757549777626991,0.056647252291440964,1.0163864167683416,1.0514980207112334,0.0,0.0,0.5390916773056824,1.0372277806712515,0.5199256372504386,0.004052387550473213,0.00982955377548933,0.01019548624753952,4096,0.24332594871520996,0.0,1.3002649545669556
200,D1,validation_test_seen,train,scene_0113,128,3456,0,200704,0.010622345842421055,-0.0037685451097786427,0.05499013513326645,0.05266651511192322,1.0441194944530738,1.005497092926705,0.0,0.0,67285,0.022456368431448936,-0.0123981274664402,0.029770154505968094,0.037633322179317474,0.7910583701358468,0.7663621418420986,0.0,0.0,133419,0.004654288291931152,0.0005834696348756552,0.05409815162420273,0.0523630753159523,1.033135492859829,1.0478357311870325,0.0,0.0,0.346996594086148,1.0862195634756577,0.31894061749445457,0.004967940039932728,0.010529140010476112,0.011436957865953445,4096,0.24315869808197021,0.0,1.5527095794677734
200,D1,validation_test_seen,train,scene_0114,128,3712,0,199834,0.011658519506454468,-0.0008103656582534313,0.05292221158742905,0.057798922061920166,0.9156262729386773,0.8100094257758986,0.0,0.0,58958,0.029157930985093117,-0.001558519434183836,0.03278393670916557,0.0569305457174778,0.5758584657146688,0.6121187176395714,0.0,0.0,140876,0.004334842786192894,-0.0004972557071596384,0.05418676137924194,0.053133003413677216,1.0198324562487178,1.0391877790604735,0.0,0.0,0.4295424295656217,0.9656717279116035,0.4457903392376647,0.004936574958264828,0.010604345239698887,0.010240316390991211,4096,0.24363936483860016,0.0,1.737492322921753
200,D1,validation_test_seen,train,scene_0115,128,3968,0,200648,0.01363151054829359,0.001327330362983048,0.04871503263711929,0.05591801553964615,0.8711867216135396,0.812720575865558,0.0,0.0,51118,0.04261569306254387,0.006232752464711666,0.022090313956141472,0.05734998360276222,0.3851843116320875,0.3749037565012463,0.0,0.0,149530,0.003723041620105505,-0.0003496263816487044,0.050844185054302216,0.04989656060934067,1.018991778859887,1.0378581356360868,0.0,0.0,0.24236464186496828,0.8067215105323483,0.30036285495118176,0.004403827711939812,0.011162856593728065,0.009005316533148289,4096,0.24420054256916046,0.0,1.4641680717468262
200,D1,validation_test_seen,train,scene_0116,128,4224,0,200682,0.014267263002693653,0.007962650619447231,0.05591282248497009,0.06261704117059708,0.8929330009803295,0.9364550851841946,0.0,0.0,68868,0.032163266092538834,0.019036799669265747,0.03528862074017525,0.046667635440826416,0.7561690324962035,0.7621609296855018,0.0,0.0,131814,0.004917256999760866,0.0021768109872937202,0.05284889042377472,0.051975592970848083,1.016802068105629,1.0433790919796313,0.0,0.0,0.3404208345964914,1.10233180454562,0.30943780965624496,0.004430863074958324,0.010103420354425907,0.011137321591377258,4096,0.2430998533964157,0.0,1.6659103631973267
200,D1,validation_test_seen,train,scene_0117,128,4480,0,200501,0.007195287384092808,-0.0025177537463605404,0.05673565715551376,0.0538739413022995,1.053118739487733,1.0562157202120104,0.0,0.0,53935,0.015720482915639877,-0.0115569569170475,0.035963211208581924,0.03975345194339752,0.9046563116025172,0.8825847820502368,0.0,0.0,146566,0.004058090969920158,0.000808593409601599,0.054912202060222626,0.05313188582658768,1.0335074918937672,1.0487712902773323,0.0,0.0,0.9416003682126246,1.49968145722395,0.625410868429945,0.0029489295557141304,0.0057647996582090855,0.00864536315202713,4096,0.24387609958648682,0.0,1.2221893072128296
200,D1,validation_test_seen,train,scene_0118,128,4736,0,200491,0.008917221799492836,-0.004397939890623093,0.059697020798921585,0.057867057621479034,1.0316235739755897,1.0039789272209825,0.0,0.0,65199,0.018927738070487976,-0.01444149948656559,0.038628436625003815,0.04918580502271652,0.7853574137327471,0.7654410223258182,0.0,0.0,135292,0.004093023017048836,0.0004421841586008668,0.053832124918699265,0.05246668681502342,1.0260248585638698,1.0572294524514008,0.0,0.0,0.6202465208638653,1.3239154641665878,0.4658170957019254,0.00322849047370255,0.005581997334957123,0.007390092592686415,4096,0.2431432455778122,0.0,1.2440084218978882
200,D1,validation_test_seen,train,scene_0119,128,4992,0,199640,0.011932825669646263,1.017846261675004e-05,0.05606772378087044,0.056304823607206345,0.9957889961970228,0.9588798985273927,0.0,0.0,70329,0.02380147948861122,-0.004209327977150679,0.03140021115541458,0.04295191913843155,0.7310549047695288,0.6807271517118016,0.0,0.0,129311,0.005477764643728733,0.0023050615563988686,0.053066153079271317,0.051717229187488556,1.0260826790795878,1.0360644922397593,0.0,0.0,0.30334278976149737,1.0680865102879968,0.28570658784547553,0.004567041993141174,0.010213229805231094,0.010908612981438637,4096,0.24303080141544342,0.0,1.4705771207809448
200,D1,validation_test_seen,train,scene_0120,128,5248,0,200686,0.009022985585033894,-0.003565305145457387,0.054627787321805954,0.0505831353366375,1.0799604840279424,1.0791475325988134,0.0,0.0,62231,0.019793126732110977,-0.013909169472754002,0.03131052106618881,0.03299010917544365,0.9490881312237351,0.9043291024543645,0.0,0.0,138455,0.004182158503681421,0.0010839245514944196,0.05430326983332634,0.052198220044374466,1.0403279994444703,1.0454831476855195,0.0,0.0,0.6134606583450334,1.4017537526772903,0.43731190282095544,0.004846681375056505,0.009270037524402142,0.012994309887290001,4096,0.24350592494010925,0.0,1.5527617931365967
200,D1,validation_test_seen,train,scene_0121,128,5504,0,199742,0.009787908755242825,-0.0009988503297790885,0.05319880321621895,0.05205470323562622,1.0219788013277868,1.0197749886283116,0.0,0.0,68418,0.02048482745885849,-0.004416387528181076,0.03423874080181122,0.03979155048727989,0.8604525428773193,0.784626604752138,0.0,0.0,131324,0.004214960150420666,0.000781639595516026,0.053573790937662125,0.05136334151029587,1.0430355456317648,1.0453795571537225,0.0,0.0,0.4645851436864825,1.1938549313353186,0.3905513002702816,0.0039847432635724545,0.008635847829282284,0.010309949517250061,4096,0.24340486526489258,0.0,1.2354614734649658
200,D1,validation_test_seen,train,scene_0122,128,5760,0,200023,0.00718392338603735,-0.0020949244499206543,0.06525897979736328,0.06293501704931259,1.036926386247417,1.0461841952393103,0.0,0.0,78065,0.011026880703866482,-0.008019259199500084,0.03880000114440918,0.04501315951347351,0.8619701785828967,0.8642941935075122,0.0,0.0,121958,0.004724057391285896,0.0016972263110801578,0.058665771037340164,0.056563809514045715,1.037160890352912,1.0423262607010164,0.0,0.0,0.5909537457777599,0.9796400495059737,0.6022883068296214,0.002632081974297762,0.007186685223132372,0.007040364667773247,4096,0.2416696846485138,0.0,1.195375919342041
200,D1,validation_test_seen,train,scene_0123,128,6016,0,200684,0.013502244837582111,0.0018719978397712111,0.05538177862763405,0.05883701890707016,0.9412743822916407,0.8430426941298644,0.0,0.0,72385,0.028084522113204002,0.004898779559880495,0.029144886881113052,0.04689929634332657,0.6214354831202101,0.653749296307241,0.0,0.0,128299,0.005275071132928133,0.00016431893163826317,0.055265333503484726,0.051957398653030396,1.063666290773035,1.0601935893791832,0.0,0.0,0.45868686049944346,0.7260336647098048,0.6322323089339218,0.004529425408691168,0.012482126243412495,0.009062443859875202,4096,0.2426900565624237,0.0,1.1820485591888428
200,D1,validation_test_seen,train,scene_0124,128,6272,0,200223,0.009557000361382961,-0.004723115358501673,0.05227534472942352,0.04967567324638367,1.0523328887793002,1.0941649260312452,0.0,0.0,71991,0.017473245039582253,-0.012087533250451088,0.02918861247599125,0.034191593527793884,0.8536780379149109,0.832846703933765,0.0,0.0,128232,0.005112725310027599,-0.0005886410363018513,0.05312754958868027,0.05110533535480499,1.039569532610163,1.040877226202848,0.0,0.0,0.4768671156963719,1.030626621086801,0.4656964224944059,0.0037993090227246284,0.008394596166908741,0.008651694282889366,4096,0.2431408166885376,0.0,1.24368417263031
200,D1,validation_test_seen,train,scene_0125,128,6528,0,200704,0.01768847182393074,0.010132419876754284,0.05148278549313545,0.0626876950263977,0.8212582305260405,0.7217246617996069,0.0,0.0,61232,0.045929815620183945,0.02884206548333168,0.02757474221289158,0.055785808712244034,0.494296718994044,0.5125000064600407,0.0,0.0,139472,0.005289752501994371,0.0019183774711564183,0.05302407965064049,0.05128074064850807,1.0339959793888651,1.0570975946892673,0.0,0.0,0.30334357369095416,0.9294778029349051,0.3237279505254789,0.0052552781999111176,0.011862926185131073,0.011026326566934586,4096,0.24353092908859253,0.0,1.7147212028503418
200,D1,validation_test_seen,train,scene_0126,128,6784,0,200700,0.009208748117089272,-0.004749038256704807,0.05599973723292351,0.05136072263121605,1.090322222197239,1.087559219695758,0.0,0.0,60523,0.020758822560310364,-0.015274940989911556,0.033803168684244156,0.03332030400633812,1.014491604812915,1.0455114283706632,0.0,0.0,140177,0.0042218733578920364,-0.00020436177146621048,0.055970899760723114,0.053400807082653046,1.0481283489609456,1.0521983578526914,0.0,0.0,0.5831738371018585,1.1556510311913852,0.5092991015877399,0.0037295662332326174,0.007858054712414742,0.009081169031560421,4096,0.24367164075374603,0.0,1.3361756801605225
200,D1,validation_test_seen,train,scene_0127,128,7040,0,200161,0.007344253361225128,-0.0012067377101629972,0.05388207733631134,0.05238356813788414,1.0286064743524692,1.0224051082801138,0.0,0.0,42698,0.019794786348938942,-0.006964459083974361,0.02636120840907097,0.03676766902208328,0.7169670830434745,0.7224110875899613,0.0,0.0,157463,0.003968140110373497,0.0003545380895957351,0.055355291813611984,0.05304429680109024,1.0435672664525595,1.0348358939166211,0.0,0.0,0.4380682554311,1.2113548757335797,0.3571800655756288,0.004785185679793358,0.009289361536502838,0.01125271338969469,4096,0.24422422051429749,0.0,1.2506319284439087
200,D1,validation_test_seen,train,scene_0128,128,7296,0,200671,0.009375132620334625,-0.0011674055131152272,0.0566469244658947,0.05794762074947357,0.977553931175152,0.9399124649919728,0.0,0.0,61355,0.021462442353367805,-0.004007806535810232,0.036137655377388,0.050289787352085114,0.7185883512368771,0.7967448923207375,0.0,0.0,139316,0.00405186228454113,8.351173892151564e-05,0.0533798448741436,0.051738664507865906,1.0317205784472496,1.0079772832280318,0.0,0.0,0.48338033239465333,1.2042736913945498,0.4012234348370322,0.0035294326953589916,0.007903825491666794,0.009518369100987911,4096,0.24357445538043976,0.0,1.5317871570587158
200,D1,validation_test_seen,train,scene_0129,128,7552,0,200043,0.00985806155949831,-0.006750835105776787,0.05945799499750137,0.05616459250450134,1.0586384116066734,1.1315586894851228,0.0,0.0,59425,0.02200068160891533,-0.020199604332447052,0.03972255438566208,0.04574619233608246,0.868324823492048,0.907198528906667,0.0,0.0,140618,0.0047266059555113316,-0.0010674019576981664,0.05810679495334625,0.056242913007736206,1.033139854355582,1.050209851470725,0.0,0.0,0.954316228934215,1.5334628030252586,0.6207603963041654,0.0026976086664944887,0.00458768755197525,0.007035048212856054,4096,0.24330873787403107,0.0,1.2652891874313354
200,D1,validation_test_seen,train,scene_0100,192,192,0,198401,0.011498143896460533,-0.004831102676689625,0.09349745512008667,0.08828484266996384,1.059043118756061,1.0651080690745454,0.0,0.0,54212,0.021789543330669403,-0.015112753957509995,0.04802247881889343,0.05435025691986084,0.8835740903617497,0.9237433133261607,0.0,0.0,144189,0.007628795690834522,-0.0009654202149249613,0.0928572490811348,0.08812298625707626,1.0537233589684254,1.0486825749636683,0.0,0.0,0.6034742398108383,1.1192710378527564,0.507478568197862,0.00330660049803555,0.007397410459816456,0.008279707282781601,4096,0.2393307089805603,0.0,1.4079194068908691
200,D1,validation_test_seen,train,scene_0129,192,7616,0,199019,0.013194023631513119,-0.008137567900121212,0.09226634353399277,0.08601099997758865,1.0727272506776346,1.067533653641395,0.0,0.0,57613,0.026149624958634377,-0.02321704477071762,0.049318909645080566,0.05941979959607124,0.83000801046696,0.7598655883872583,0.0,0.0,141406,0.007915523834526539,-0.001993741374462843,0.09229235351085663,0.08663759380578995,1.065269122290522,1.0579644390525316,0.0,0.0,0.9207215538390148,1.8647335170327868,0.4790660085724883,0.0035559190437197685,0.00579006876796484,0.010796935297548771,4096,0.23925715684890747,0.0,1.3738726377487183
200,D1,train,eval,scene_0000,128,128,0,199291,0.01084371842443943,-0.007801721338182688,0.05295933783054352,0.05072623863816261,1.0440225660788673,1.0525581188314204,0.0,0.0,97957,0.01605558954179287,-0.014295823872089386,0.04238559678196907,0.04420310631394386,0.958882764503782,0.9977504249830637,0.0,0.0,101334,0.005805536173284054,-0.0015240387292578816,0.05584922432899475,0.05377337336540222,1.0386036960985627,1.0495758615133168,0.0,0.0,0.7625806211653017,1.0454779560765701,0.727618800747772,0.002503378316760063,0.008893096819519997,0.009297536686062813,4096,0.24254938960075378,0.0,1.0089201927185059
200,D1,train,eval,scene_0006,128,1664,0,200073,0.011685986071825027,0.0020382741931825876,0.05819417163729668,0.06395228207111359,0.9099623930946825,0.8615263825820157,0.0,0.0,62719,0.0291462242603302,0.007419495843350887,0.03313209116458893,0.05385834351181984,0.6151710023780754,0.5550143881575506,0.0,0.0,137354,0.0037132399156689644,-0.00041891535511240363,0.05442946031689644,0.0529913492500782,1.0271386006804897,1.041280723349373,0.0,0.0,0.4290783927008782,1.1887132462165386,0.36064341887150775,0.00421139458194375,0.008401311933994293,0.009986750781536102,4096,0.24302247166633606,0.0,1.2395145893096924
200,D1,train,eval,scene_0013,128,3456,0,200704,0.023812858387827873,0.016968483105301857,0.05161125212907791,0.0688348039984703,0.7497842534748098,0.7244693332153387,0.0,0.0,89703,0.04756174981594086,0.03745483607053757,0.024061240255832672,0.04699346423149109,0.5120124819337929,0.5070185475849782,0.0,0.0,111001,0.004620721098035574,0.0004128904256504029,0.05262289568781853,0.05120379477739334,1.0277147605288763,1.039348469180596,0.0,0.0,0.3527002198928256,1.150503314480792,0.30757439683792775,0.004481372889131308,0.00777825340628624,0.00894890632480383,4096,0.24240079522132874,0.0,1.4435808658599854
200,D1,train,eval,scene_0019,128,4992,0,200704,0.009438693523406982,0.0013059405609965324,0.05334264039993286,0.055892203003168106,0.9543842885725808,0.968955540629863,0.0,0.0,58792,0.022608229890465736,0.0016877027228474617,0.027459315955638885,0.04431021586060524,0.619706210459969,0.5474937914918634,0.0,0.0,141912,0.003982751630246639,0.0011477823136374354,0.053471654653549194,0.05229644477367401,1.022472079793592,1.0420597988728233,0.0,0.0,0.259738125926329,0.7911309348460267,0.3318807314343837,0.004776882939040661,0.011479240842163563,0.00908158253878355,4096,0.24362649023532867,0.0,1.397805094718933
200,D1,train,eval,scene_0026,128,6784,0,200606,0.008303793147206306,-0.005041992757469416,0.057685136795043945,0.05439907684922218,1.0604065387897983,1.0478039722635073,0.0,0.0,73365,0.01517921406775713,-0.011935128830373287,0.03601961210370064,0.03955148905515671,0.9107017956636051,0.9005700895271285,0.0,0.0,127241,0.004339543171226978,-0.0010675279190763831,0.05689946562051773,0.05409681051969528,1.051808139405965,1.0601034822157107,0.0,0.0,0.7009175113154674,1.015319252661404,0.6871828304207745,0.0029319925233721733,0.00924619846045971,0.009387843310832977,4096,0.24324651062488556,0.0,1.1471397876739502
200,D1,train,eval,scene_0033,128,8576,0,199769,0.013399563729763031,0.001987981842830777,0.06092106178402901,0.06836948543787003,0.8910563154580169,0.7494107700020202,0.0,0.0,68040,0.029626289382576942,0.0062041678465902805,0.03333673253655434,0.06265620142221451,0.5320579891511733,0.5510308284551451,0.0,0.0,131729,0.005018214695155621,-0.0001897418696898967,0.05960531905293465,0.05706477537751198,1.0445203482992038,1.054604909461727,0.0,0.0,0.37025517115078826,0.7632761884937201,0.4865390372640329,0.004116447176784277,0.010004051961004734,0.00763585465028882,4096,0.2426750361919403,0.0,1.5655088424682617
200,D1,train,eval,scene_0039,128,10112,0,200702,0.012340839020907879,0.0011028299340978265,0.052032481878995895,0.0558958500623703,0.9308827367494449,0.9364075270631916,0.0,0.0,79754,0.024782469496130943,0.002693244256079197,0.037125296890735626,0.05079520866274834,0.7308818659891083,0.7811479135861958,0.0,0.0,120948,0.0041367365047335625,5.409875666373409e-05,0.053045254200696945,0.051167383790016174,1.0367005359974488,1.051233652612765,0.0,0.0,0.4986877381315602,0.8450026770996623,0.5907784479632735,0.0037472876720130444,0.010834875516593456,0.009155498817563057,4096,0.24287067353725433,0.0,0.9104370474815369
200,D1,train,eval,scene_0046,128,11904,0,200574,0.009017602540552616,-0.0029442308004945517,0.05565395951271057,0.053314391523599625,1.0438824850523771,1.059080700266125,0.0,0.0,61885,0.019527742639183998,-0.009309067390859127,0.02532719075679779,0.02987593784928322,0.8477454627388522,0.8321482152210001,0.0,0.0,138689,0.004327828995883465,-0.0001041504874592647,0.05679943040013313,0.05511162057518959,1.0306252983913047,1.0525361575141314,0.0,0.0,0.546461174102858,1.186336592600948,0.46059098666650966,0.003260896075516939,0.00677051255479455,0.008032106794416904,4096,0.24332524836063385,0.0,1.291663408279419
200,D1,train,eval,scene_0052,128,13440,0,200635,0.010400948114693165,-0.007286274805665016,0.05836934968829155,0.053535621613264084,1.0902899402186048,1.1248877583627264,0.0,0.0,91160,0.017552930861711502,-0.016178127378225327,0.03072330914437771,0.03297131881117821,0.9318192372081168,0.9280447182347038,0.0,0.0,109475,0.004445481579750776,0.00011798472405644134,0.05711207911372185,0.05531821399927139,1.0324281097447232,1.0457856364669846,0.0,0.0,0.5617331568264929,1.1845629629881353,0.4706716040991074,0.002598266815766692,0.006577382795512676,0.0077913240529596806,4096,0.2415771335363388,0.0,1.0711926221847534
200,D1,train,eval,scene_0059,128,15232,0,199735,0.012392669916152954,0.0009354396024718881,0.06372962892055511,0.06833288073539734,0.9326348931099918,0.873450917297586,0.0,0.0,85876,0.02073029801249504,0.0005770990974269807,0.03478441759943962,0.05037938058376312,0.6904494893819787,0.6499109067434812,0.0,0.0,113859,0.006104172673076391,0.0012057110434398055,0.061302658170461655,0.06215624138712883,0.9862671358882403,1.050786202471695,0.0,0.0,0.48200917744841015,0.9392065989540306,0.5107464954815168,0.0034415293484926224,0.009780775755643845,0.009186169132590294,4096,0.24127089977264404,0.0,1.371272087097168
200,D1,train,eval,scene_0066,128,17024,0,200531,0.009231530129909515,-0.0006557285087183118,0.04555146396160126,0.04653300344944,0.978906594995416,1.0198568905050223,0.0,0.0,53207,0.025125591084361076,-0.0036305966787040234,0.024402502924203873,0.03818947449326515,0.6389850409831468,0.7185002703839451,0.0,0.0,147324,0.0034912885166704655,0.0004186642763670534,0.04893525317311287,0.047568727284669876,1.028727400677869,1.0389027155668618,0.0,0.0,0.435640224475602,1.0661430494648307,0.4033997638541003,0.004719242919236422,0.009781885892152786,0.010428889654576778,4096,0.24480921030044556,0.0,1.3561632633209229
200,D1,train,eval,scene_0072,128,18560,0,200356,0.01031810324639082,-0.0039050080813467503,0.05778283253312111,0.05605534091591835,1.0308176096867192,1.0827684076251265,0.0,0.0,66762,0.022195370867848396,-0.010285869240760803,0.03256984427571297,0.04116056486964226,0.7912875923560192,0.6805692844041835,0.0,0.0,133594,0.004382582381367683,-0.0007162491092458367,0.05615471675992012,0.05397564545273781,1.040371380256867,1.0566212717199115,0.0,0.0,0.554965496318015,0.9867988088638514,0.5614872843331215,0.004489174112677574,0.011699389666318893,0.011544943787157536,4096,0.24310901761054993,0.0,1.2089251279830933
200,D1,train,eval,scene_0079,128,20352,0,200683,0.011812985874712467,0.0018113958649337292,0.05874842405319214,0.06036735698580742,0.9731819809007723,0.9888053046888001,0.0,0.0,98725,0.01861000992357731,0.0014208758948370814,0.030733143910765648,0.039067342877388,0.7866709544905818,0.7928496230490685,0.0,0.0,101958,0.005231489427387714,0.002189532620832324,0.058279357850551605,0.05715063586831093,1.019749946174554,1.0359923001643192,0.0,0.0,0.3871592989242464,0.979092979241718,0.3955343657957037,0.002474045380949974,0.005860729143023491,0.005738198757171631,4096,0.24087974429130554,0.0,1.6619173288345337
200,D1,train,eval,scene_0085,128,21888,0,200633,0.010398649610579014,-0.002149809617549181,0.049810316413640976,0.050385165959596634,0.9885908970426609,0.9629002543132098,0.0,0.0,90883,0.016344349831342697,-0.006840713322162628,0.029302217066287994,0.038099657744169235,0.7690939709497102,0.7884581382617184,0.0,0.0,109750,0.005475067533552647,0.0017346857348456979,0.05361809581518173,0.053024355322122574,1.011197505173843,1.026501916208758,0.0,0.0,0.596940243192521,1.033855210102288,0.5777684166597289,0.0035986576694995165,0.008934836834669113,0.009237327612936497,4096,0.2425425499677658,0.0,1.2159061431884766
200,D1,train,eval,scene_0092,128,23680,0,200680,0.008154211565852165,-0.0016280545387417078,0.053207941353321075,0.05243854597210884,1.0146723248509115,1.02452297038774,0.0,0.0,55656,0.018984932452440262,-0.006036956794559956,0.028482072055339813,0.037250760942697525,0.7646037647164712,0.7540554328261846,0.0,0.0,145024,0.0039976960979402065,6.395431410055608e-05,0.05449147894978523,0.05279667675495148,1.0321005468336568,1.0483574450668713,0.0,0.0,0.51177818918937,1.0753124059495216,0.47349796423165585,0.004549672361463308,0.009336077608168125,0.010039200074970722,4096,0.24425873160362244,0.0,1.313509225845337
200,D1,train,eval,scene_0099,128,25472,0,200699,0.011761415749788284,-0.001314820139668882,0.05575086176395416,0.05544103682041168,1.0055883684958145,1.0134446135906792,0.0,0.0,77958,0.022615019232034683,-0.0038760658353567123,0.03891116380691528,0.0436473973095417,0.8914887531772476,0.8869249318094549,0.0,0.0,122741,0.004867834970355034,0.00031193526228889823,0.052129827439785004,0.05100555345416069,1.0220421877518633,1.0356977047348384,0.0,0.0,0.5461310954063723,1.3424431744629477,0.4069964514249215,0.004515150561928749,0.0100361043587327,0.013472899794578552,4096,0.24262486398220062,0.0,1.4481844902038574
200,D1,validation_test_seen,eval,scene_0100,128,128,0,199556,0.008692787028849125,-0.004773800726979971,0.056823037564754486,0.052054379135370255,1.091609169268604,1.1287809724596924,0.0,0.0,57517,0.019296422600746155,-0.01791822351515293,0.034391310065984726,0.037038180977106094,0.9285366926427234,0.9374512780366011,0.0,0.0,142039,0.004398970864713192,0.0005488765891641378,0.055870406329631805,0.053139571100473404,1.051389862067104,1.0499816616419964,0.0,0.0,0.7330361983547534,1.4526848139755195,0.5032586622068906,0.003080465830862522,0.005813529249280691,0.008445225656032562,4096,0.24383480846881866,0.0,1.290832757949829
200,D1,validation_test_seen,eval,scene_0101,128,384,0,200668,0.009781560860574245,-0.006461976561695337,0.06032058596611023,0.05655544623732567,1.0665743085641084,1.1005993502072369,0.0,0.0,66409,0.020086832344532013,-0.018800554797053337,0.04498795047402382,0.053048230707645416,0.848057510569152,0.8790331667095436,0.0,0.0,134259,0.0046842279843986034,-0.00035890209255740047,0.05160609260201454,0.04894638806581497,1.0543391380100047,1.0705037727303506,0.0,0.0,0.7859078942585495,1.374623596358034,0.5687245629204997,0.002877763006836176,0.0050209034234285355,0.006901852320879698,4096,0.24325992166996002,0.0,1.2223575115203857
200,D1,validation_test_seen,eval,scene_0102,128,640,0,200285,0.008800996467471123,-0.0017397315241396427,0.0521518737077713,0.05198422446846962,1.0032250022197287,0.9957539329038869,0.0,0.0,48268,0.022850152105093002,-0.004547851160168648,0.030441775918006897,0.03879689425230026,0.7846446604730998,0.790479254402019,0.0,0.0,152017,0.004340148996561766,-0.0008481054683215916,0.05142705887556076,0.050269003957509995,1.023037156634924,1.0304902055792375,0.0,0.0,0.3568802240703354,0.902236526671397,0.3942182612607642,0.00410174997523427,0.008749539032578468,0.007894153706729412,4096,0.2444254755973816,0.0,1.7962260246276855
200,D1,validation_test_seen,eval,scene_0103,128,896,0,200682,0.008309263736009598,-0.0024734886828809977,0.05469198152422905,0.05294144153594971,1.0330655897816958,1.0119440434716491,0.0,0.0,54316,0.019890431314706802,-0.009827992878854275,0.028068840503692627,0.03799759969115257,0.7387003582288969,0.7814415794820253,0.0,0.0,146366,0.004011526238173246,0.0002557465631980449,0.054596517235040665,0.052473071962594986,1.0404673329200045,1.057056050371929,0.0,0.0,0.3383160275254106,0.6986346230960931,0.4870171934526175,0.004932643845677376,0.011807683855295181,0.008249256759881973,4096,0.24406246840953827,0.0,1.426165223121643
200,D1,validation_test_seen,eval,scene_0104,128,1152,0,200697,0.008476409129798412,-0.006294484715908766,0.05184108018875122,0.0484677329659462,1.0695998557468154,1.0655450504642436,0.0,0.0,52465,0.02334321103990078,-0.02220541052520275,0.02535565197467804,0.0303192138671875,0.8362898881794162,0.8238635965209586,0.0,0.0,148232,0.0032144770957529545,-0.0006629959680140018,0.05360725522041321,0.05203025043010712,1.0303093830467815,1.0573269017076732,0.0,0.0,0.5631806711620867,1.3709743657775504,0.4077517504547231,0.0033246290404349566,0.007778441533446312,0.010664043948054314,4096,0.24409864842891693,0.0,1.1908528804779053
200,D1,validation_test_seen,eval,scene_0105,128,1408,0,200704,0.008309797383844852,-0.003505221102386713,0.052370116114616394,0.05086847394704819,1.0295200946883398,1.043904788320031,0.0,0.0,55002,0.0198897086083889,-0.007391554303467274,0.03234979882836342,0.03774315118789673,0.857103813810257,0.9366109908322259,0.0,0.0,145702,0.00393842114135623,-0.002038144040852785,0.052169911563396454,0.05001714453101158,1.043040582435691,1.0488106510614867,0.0,0.0,0.589969546519719,1.0505873890720128,0.5620223866129944,0.004222491756081581,0.01031164824962616,0.010833287611603737,4096,0.24399471282958984,0.0,1.4680731296539307
200,D1,validation_test_seen,eval,scene_0106,128,1664,0,200309,0.010628797113895416,-0.0060055614449083805,0.05994386598467827,0.057935118675231934,1.0346723603123489,1.0843390482840247,0.0,0.0,98174,0.016135383397340775,-0.011945250444114208,0.03386487811803818,0.040384773164987564,0.8385556105437793,0.7984115362563036,0.0,0.0,102135,0.005335768684744835,-0.00029622664442285895,0.05495019629597664,0.053902383893728256,1.0194390734983856,1.05199659448061,0.0,0.0,0.7418568768944293,1.13225487625436,0.6493361972511635,0.002433840185403824,0.005968934390693903,0.0067583550699055195,4096,0.2410980463027954,0.0,1.4021461009979248
200,D1,validation_test_seen,eval,scene_0107,128,1920,0,199994,0.012900900095701218,0.005191146396100521,0.05205076187849045,0.058338407427072525,0.8922211656798805,0.7939112044248324,0.0,0.0,66108,0.030657099559903145,0.012714122422039509,0.03040355071425438,0.04761239513754845,0.6385637737068451,0.6582983073274967,0.0,0.0,133886,0.00413353880867362,0.0014765767846256495,0.05213481932878494,0.05165746808052063,1.0092407016062082,1.0343579715673474,0.0,0.0,0.43710731870510316,1.3688204882920514,0.32093058242218164,0.005931805819272995,0.010132870636880398,0.013870080932974815,4096,0.24320979416370392,0.0,1.7710270881652832
200,D1,validation_test_seen,eval,scene_0108,128,2176,0,199879,0.011706550605595112,-0.005700976122170687,0.05961093306541443,0.05443450063467026,1.0950946985898722,1.077720161946152,0.0,0.0,82022,0.019755972549319267,-0.015844859182834625,0.033239781856536865,0.037817005068063736,0.8789638893061812,0.8869470355208569,0.0,0.0,117857,0.006104595027863979,0.0013586097629740834,0.05694473162293434,0.05369402468204498,1.0605413164712232,1.0574152833592363,0.0,0.0,0.5723172195692785,1.3269407503931914,0.43239180149922907,0.0036720435600727797,0.007075968664139509,0.009389391168951988,4096,0.24200837314128876,0.0,1.4919462203979492
200,D1,validation_test_seen,eval,scene_0109,128,2432,0,199635,0.01779920794069767,0.00048095648526214063,0.048659369349479675,0.054467979818582535,0.8933573360266032,0.9554148772502029,0.0,0.0,90009,0.030994528904557228,-0.0006905613699927926,0.030951756983995438,0.04967711120843887,0.6230587131793107,0.6585134912973322,0.0,0.0,109626,0.006965119857341051,0.0014428370632231236,0.05150138959288597,0.05085480585694313,1.0127143093960818,1.0425734917560425,0.0,0.0,0.3712059357687259,0.8102285319662601,0.45627000828861314,0.0037485549692064524,0.008185934275388718,0.006632477510720491,4096,0.24247553944587708,0.0,1.179572343826294
200,D1,validation_test_seen,eval,scene_0110,128,2688,0,200090,0.011437700130045414,-0.003973178565502167,0.053442180156707764,0.05254792049527168,1.0170179838328055,1.0517624250834656,0.0,0.0,68702,0.022927751764655113,-0.011140067130327225,0.026852130889892578,0.03589851036667824,0.7480012573117044,0.68476400348736,0.0,0.0,131388,0.005429620388895273,-0.00022565551626030356,0.05361834913492203,0.053071681410074234,1.0103005540869112,1.0367430411578122,0.0,0.0,0.42577917052067815,0.9653057581630726,0.44171369972711544,0.003490739269182086,0.0076749287545681,0.007408652920275927,4096,0.24303726851940155,0.0,1.0979223251342773
200,D1,validation_test_seen,eval,scene_0111,128,2944,0,200582,0.009394202381372452,-0.0038527685683220625,0.04897432029247284,0.045875683426856995,1.0675442115332456,1.1016995037599908,0.0,0.0,85341,0.014401576481759548,-0.010319930501282215,0.025453360751271248,0.02907377853989601,0.8754748102776974,0.8440676834623625,0.0,0.0,115241,0.005686023272573948,0.000936447293497622,0.05351858586072922,0.05075240507721901,1.0545034423354225,1.0670657163903752,0.0,0.0,0.45422538830764225,0.9517124700319475,0.47599724333895266,0.0027847725432366133,0.006728209555149078,0.00640332093462348,4096,0.24307094514369965,0.0,1.481782078742981
200,D1,validation_test_seen,eval,scene_0112,128,3200,0,200135,0.010044120252132416,-0.003835453651845455,0.05662323534488678,0.05462484434247017,1.0365839212261678,1.0690860689227148,0.0,0.0,68226,0.017897237092256546,-0.013698689639568329,0.035306092351675034,0.04084191843867302,0.8644572464119086,0.9163150820606915,0.0,0.0,131909,0.005982330534607172,0.0012660108041018248,0.05757549777626991,0.056647252291440964,1.0163864167683416,1.0514980207112334,0.0,0.0,0.5390916773056824,1.0372277806712515,0.5199256372504386,0.004052387550473213,0.00982955377548933,0.01019548624753952,4096,0.24332594871520996,0.0,1.3826824426651
200,D1,validation_test_seen,eval,scene_0113,128,3456,0,200704,0.010622345842421055,-0.0037685451097786427,0.05499013513326645,0.05266651511192322,1.0441194944530738,1.005497092926705,0.0,0.0,67285,0.022456368431448936,-0.0123981274664402,0.029770154505968094,0.037633322179317474,0.7910583701358468,0.7663621418420986,0.0,0.0,133419,0.004654288291931152,0.0005834696348756552,0.05409815162420273,0.0523630753159523,1.033135492859829,1.0478357311870325,0.0,0.0,0.346996594086148,1.0862195634756577,0.31894061749445457,0.004967940039932728,0.010529140010476112,0.011436957865953445,4096,0.24315869808197021,0.0,1.6356992721557617
200,D1,validation_test_seen,eval,scene_0114,128,3712,0,199834,0.011658519506454468,-0.0008103656582534313,0.05292221158742905,0.057798922061920166,0.9156262729386773,0.8100094257758986,0.0,0.0,58958,0.029157930985093117,-0.001558519434183836,0.03278393670916557,0.0569305457174778,0.5758584657146688,0.6121187176395714,0.0,0.0,140876,0.004334842786192894,-0.0004972557071596384,0.05418676137924194,0.053133003413677216,1.0198324562487178,1.0391877790604735,0.0,0.0,0.4295424295656217,0.9656717279116035,0.4457903392376647,0.004936574958264828,0.010604345239698887,0.010240316390991211,4096,0.24363936483860016,0.0,1.8269191980361938
200,D1,validation_test_seen,eval,scene_0115,128,3968,0,200648,0.01363151054829359,0.001327330362983048,0.04871503263711929,0.05591801553964615,0.8711867216135396,0.812720575865558,0.0,0.0,51118,0.04261569306254387,0.006232752464711666,0.022090313956141472,0.05734998360276222,0.3851843116320875,0.3749037565012463,0.0,0.0,149530,0.003723041620105505,-0.0003496263816487044,0.050844185054302216,0.04989656060934067,1.018991778859887,1.0378581356360868,0.0,0.0,0.24236464186496828,0.8067215105323483,0.30036285495118176,0.004403827711939812,0.011162856593728065,0.009005316533148289,4096,0.24420054256916046,0.0,1.562707543373108
200,D1,validation_test_seen,eval,scene_0116,128,4224,0,200682,0.014267263002693653,0.007962650619447231,0.05591282248497009,0.06261704117059708,0.8929330009803295,0.9364550851841946,0.0,0.0,68868,0.032163266092538834,0.019036799669265747,0.03528862074017525,0.046667635440826416,0.7561690324962035,0.7621609296855018,0.0,0.0,131814,0.004917256999760866,0.0021768109872937202,0.05284889042377472,0.051975592970848083,1.016802068105629,1.0433790919796313,0.0,0.0,0.3404208345964914,1.10233180454562,0.30943780965624496,0.004430863074958324,0.010103420354425907,0.011137321591377258,4096,0.2430998533964157,0.0,1.7569692134857178
200,D1,validation_test_seen,eval,scene_0117,128,4480,0,200501,0.007195287384092808,-0.0025177537463605404,0.05673565715551376,0.0538739413022995,1.053118739487733,1.0562157202120104,0.0,0.0,53935,0.015720482915639877,-0.0115569569170475,0.035963211208581924,0.03975345194339752,0.9046563116025172,0.8825847820502368,0.0,0.0,146566,0.004058090969920158,0.000808593409601599,0.054912202060222626,0.05313188582658768,1.0335074918937672,1.0487712902773323,0.0,0.0,0.9416003682126246,1.49968145722395,0.625410868429945,0.0029489295557141304,0.0057647996582090855,0.00864536315202713,4096,0.24387609958648682,0.0,1.3429886102676392
200,D1,validation_test_seen,eval,scene_0118,128,4736,0,200491,0.008917221799492836,-0.004397939890623093,0.059697020798921585,0.057867057621479034,1.0316235739755897,1.0039789272209825,0.0,0.0,65199,0.018927738070487976,-0.01444149948656559,0.038628436625003815,0.04918580502271652,0.7853574137327471,0.7654410223258182,0.0,0.0,135292,0.004093023017048836,0.0004421841586008668,0.053832124918699265,0.05246668681502342,1.0260248585638698,1.0572294524514008,0.0,0.0,0.6202465208638653,1.3239154641665878,0.4658170957019254,0.00322849047370255,0.005581997334957123,0.007390092592686415,4096,0.2431432455778122,0.0,1.3765584230422974
200,D1,validation_test_seen,eval,scene_0119,128,4992,0,199640,0.011932825669646263,1.017846261675004e-05,0.05606772378087044,0.056304823607206345,0.9957889961970228,0.9588798985273927,0.0,0.0,70329,0.02380147948861122,-0.004209327977150679,0.03140021115541458,0.04295191913843155,0.7310549047695288,0.6807271517118016,0.0,0.0,129311,0.005477764643728733,0.0023050615563988686,0.053066153079271317,0.051717229187488556,1.0260826790795878,1.0360644922397593,0.0,0.0,0.30334278976149737,1.0680865102879968,0.28570658784547553,0.004567041993141174,0.010213229805231094,0.010908612981438637,4096,0.24303080141544342,0.0,1.5644593238830566
200,D1,validation_test_seen,eval,scene_0120,128,5248,0,200686,0.009022985585033894,-0.003565305145457387,0.054627787321805954,0.0505831353366375,1.0799604840279424,1.0791475325988134,0.0,0.0,62231,0.019793126732110977,-0.013909169472754002,0.03131052106618881,0.03299010917544365,0.9490881312237351,0.9043291024543645,0.0,0.0,138455,0.004182158503681421,0.0010839245514944196,0.05430326983332634,0.052198220044374466,1.0403279994444703,1.0454831476855195,0.0,0.0,0.6134606583450334,1.4017537526772903,0.43731190282095544,0.004846681375056505,0.009270037524402142,0.012994309887290001,4096,0.24350592494010925,0.0,1.6313036680221558
200,D1,validation_test_seen,eval,scene_0121,128,5504,0,199742,0.009787908755242825,-0.0009988503297790885,0.05319880321621895,0.05205470323562622,1.0219788013277868,1.0197749886283116,0.0,0.0,68418,0.02048482745885849,-0.004416387528181076,0.03423874080181122,0.03979155048727989,0.8604525428773193,0.784626604752138,0.0,0.0,131324,0.004214960150420666,0.000781639595516026,0.053573790937662125,0.05136334151029587,1.0430355456317648,1.0453795571537225,0.0,0.0,0.4645851436864825,1.1938549313353186,0.3905513002702816,0.0039847432635724545,0.008635847829282284,0.010309949517250061,4096,0.24340486526489258,0.0,1.3340173959732056
200,D1,validation_test_seen,eval,scene_0122,128,5760,0,200023,0.00718392338603735,-0.0020949244499206543,0.06525897979736328,0.06293501704931259,1.036926386247417,1.0461841952393103,0.0,0.0,78065,0.011026880703866482,-0.008019259199500084,0.03880000114440918,0.04501315951347351,0.8619701785828967,0.8642941935075122,0.0,0.0,121958,0.004724057391285896,0.0016972263110801578,0.058665771037340164,0.056563809514045715,1.037160890352912,1.0423262607010164,0.0,0.0,0.5909537457777599,0.9796400495059737,0.6022883068296214,0.002632081974297762,0.007186685223132372,0.007040364667773247,4096,0.2416696846485138,0.0,1.2832738161087036
200,D1,validation_test_seen,eval,scene_0123,128,6016,0,200684,0.013502244837582111,0.0018719978397712111,0.05538177862763405,0.05883701890707016,0.9412743822916407,0.8430426941298644,0.0,0.0,72385,0.028084522113204002,0.004898779559880495,0.029144886881113052,0.04689929634332657,0.6214354831202101,0.653749296307241,0.0,0.0,128299,0.005275071132928133,0.00016431893163826317,0.055265333503484726,0.051957398653030396,1.063666290773035,1.0601935893791832,0.0,0.0,0.45868686049944346,0.7260336647098048,0.6322323089339218,0.004529425408691168,0.012482126243412495,0.009062443859875202,4096,0.2426900565624237,0.0,1.2245783805847168
200,D1,validation_test_seen,eval,scene_0124,128,6272,0,200223,0.009557000361382961,-0.004723115358501673,0.05227534472942352,0.04967567324638367,1.0523328887793002,1.0941649260312452,0.0,0.0,71991,0.017473245039582253,-0.012087533250451088,0.02918861247599125,0.034191593527793884,0.8536780379149109,0.832846703933765,0.0,0.0,128232,0.005112725310027599,-0.0005886410363018513,0.05312754958868027,0.05110533535480499,1.039569532610163,1.040877226202848,0.0,0.0,0.4768671156963719,1.030626621086801,0.4656964224944059,0.0037993090227246284,0.008394596166908741,0.008651694282889366,4096,0.2431408166885376,0.0,1.3746674060821533
200,D1,validation_test_seen,eval,scene_0125,128,6528,0,200704,0.01768847182393074,0.010132419876754284,0.05148278549313545,0.0626876950263977,0.8212582305260405,0.7217246617996069,0.0,0.0,61232,0.045929815620183945,0.02884206548333168,0.02757474221289158,0.055785808712244034,0.494296718994044,0.5125000064600407,0.0,0.0,139472,0.005289752501994371,0.0019183774711564183,0.05302407965064049,0.05128074064850807,1.0339959793888651,1.0570975946892673,0.0,0.0,0.30334357369095416,0.9294778029349051,0.3237279505254789,0.0052552781999111176,0.011862926185131073,0.011026326566934586,4096,0.24353092908859253,0.0,1.7698047161102295
200,D1,validation_test_seen,eval,scene_0126,128,6784,0,200700,0.009208748117089272,-0.004749038256704807,0.05599973723292351,0.05136072263121605,1.090322222197239,1.087559219695758,0.0,0.0,60523,0.020758822560310364,-0.015274940989911556,0.033803168684244156,0.03332030400633812,1.014491604812915,1.0455114283706632,0.0,0.0,140177,0.0042218733578920364,-0.00020436177146621048,0.055970899760723114,0.053400807082653046,1.0481283489609456,1.0521983578526914,0.0,0.0,0.5831738371018585,1.1556510311913852,0.5092991015877399,0.0037295662332326174,0.007858054712414742,0.009081169031560421,4096,0.24367164075374603,0.0,1.485865831375122
200,D1,validation_test_seen,eval,scene_0127,128,7040,0,200161,0.007344253361225128,-0.0012067377101629972,0.05388207733631134,0.05238356813788414,1.0286064743524692,1.0224051082801138,0.0,0.0,42698,0.019794786348938942,-0.006964459083974361,0.02636120840907097,0.03676766902208328,0.7169670830434745,0.7224110875899613,0.0,0.0,157463,0.003968140110373497,0.0003545380895957351,0.055355291813611984,0.05304429680109024,1.0435672664525595,1.0348358939166211,0.0,0.0,0.4380682554311,1.2113548757335797,0.3571800655756288,0.004785185679793358,0.009289361536502838,0.01125271338969469,4096,0.24422422051429749,0.0,1.3608832359313965
200,D1,validation_test_seen,eval,scene_0128,128,7296,0,200671,0.009375132620334625,-0.0011674055131152272,0.0566469244658947,0.05794762074947357,0.977553931175152,0.9399124649919728,0.0,0.0,61355,0.021462442353367805,-0.004007806535810232,0.036137655377388,0.050289787352085114,0.7185883512368771,0.7967448923207375,0.0,0.0,139316,0.00405186228454113,8.351173892151564e-05,0.0533798448741436,0.051738664507865906,1.0317205784472496,1.0079772832280318,0.0,0.0,0.48338033239465333,1.2042736913945498,0.4012234348370322,0.0035294326953589916,0.007903825491666794,0.009518369100987911,4096,0.24357445538043976,0.0,1.649130940437317
200,D1,validation_test_seen,eval,scene_0129,128,7552,0,200043,0.00985806155949831,-0.006750835105776787,0.05945799499750137,0.05616459250450134,1.0586384116066734,1.1315586894851228,0.0,0.0,59425,0.02200068160891533,-0.020199604332447052,0.03972255438566208,0.04574619233608246,0.868324823492048,0.907198528906667,0.0,0.0,140618,0.0047266059555113316,-0.0010674019576981664,0.05810679495334625,0.056242913007736206,1.033139854355582,1.050209851470725,0.0,0.0,0.954316228934215,1.5334628030252586,0.6207603963041654,0.0026976086664944887,0.00458768755197525,0.007035048212856054,4096,0.24330873787403107,0.0,1.377062439918518
200,D1,validation_test_seen,eval,scene_0100,192,192,0,198401,0.011498143896460533,-0.004831102676689625,0.09349745512008667,0.08828484266996384,1.059043118756061,1.0651080690745454,0.0,0.0,54212,0.021789543330669403,-0.015112753957509995,0.04802247881889343,0.05435025691986084,0.8835740903617497,0.9237433133261607,0.0,0.0,144189,0.007628795690834522,-0.0009654202149249613,0.0928572490811348,0.08812298625707626,1.0537233589684254,1.0486825749636683,0.0,0.0,0.6034742398108383,1.1192710378527564,0.507478568197862,0.00330660049803555,0.007397410459816456,0.008279707282781601,4096,0.2393307089805603,0.0,1.399364948272705
200,D1,validation_test_seen,eval,scene_0129,192,7616,0,199019,0.013194023631513119,-0.008137567900121212,0.09226634353399277,0.08601099997758865,1.0727272506776346,1.067533653641395,0.0,0.0,57613,0.026149624958634377,-0.02321704477071762,0.049318909645080566,0.05941979959607124,0.83000801046696,0.7598655883872583,0.0,0.0,141406,0.007915523834526539,-0.001993741374462843,0.09229235351085663,0.08663759380578995,1.065269122290522,1.0579644390525316,0.0,0.0,0.9207215538390148,1.8647335170327868,0.4790660085724883,0.0035559190437197685,0.00579006876796484,0.010796935297548771,4096,0.23925715684890747,0.0,1.4677209854125977
300,D1,train,train,scene_0000,128,128,0,199291,0.005532182287424803,0.00011105347221018746,0.04929086193442345,0.05072623863816261,0.9717034666422262,0.9622372070178361,0.0,0.0,97957,0.006605767644941807,0.0017987678293138742,0.041339270770549774,0.04420310631394386,0.9352118938643302,0.9430547696610796,0.0,0.0,101334,0.004494375083595514,-0.0015204172814264894,0.05402350053191185,0.05377337336540222,1.0046515059564882,1.0322167258054438,0.0,0.0,0.6351303826672036,0.9866593918245995,0.6413983784826844,0.0022935224696993828,0.008893096819519997,0.00877445749938488,4096,0.2439405471086502,0.0,0.7433703541755676
300,D1,train,train,scene_0006,128,1664,0,200073,0.011222767643630505,0.006105870008468628,0.054157380014657974,0.06395228207111359,0.8468404607428413,0.7798276441752655,0.0,0.0,62719,0.02805265597999096,0.02292412891983986,0.034033648669719696,0.05385834351181984,0.6319104237257245,0.6090686603592328,0.0,0.0,137354,0.003537853015586734,-0.00157373386900872,0.053873080760240555,0.0529913492500782,1.0166391594598065,1.017345734758564,0.0,0.0,0.31166904507996057,0.8508947614634558,0.36571910425105697,0.003844885854050517,0.008401311933994293,0.007148632314056158,4096,0.24394696950912476,0.0,1.1582231521606445
300,D1,train,train,scene_0013,128,3456,0,200704,0.02485446259379387,0.021303463727235794,0.048040300607681274,0.0688348039984703,0.6979071315253379,0.6620321669867054,0.0,0.0,89703,0.051595523953437805,0.048361144959926605,0.024474719539284706,0.04699346423149109,0.5208111370279401,0.4978264580531341,0.0,0.0,111001,0.0032442614901810884,-0.0005626021302305162,0.05174729973077774,0.05120379477739334,1.0106145444052979,1.0176425761209373,0.0,0.0,0.16894575651704352,1.2232034968119585,0.13315943020110999,0.004914725665003061,0.00777825340628624,0.009514386765658855,4096,0.2433469295501709,0.0,1.2384309768676758
300,D1,train,train,scene_0019,128,4992,0,200704,0.0091327503323555,0.001590005704201758,0.05267628654837608,0.055892203003168106,0.9424621631999416,0.9474178398573756,0.0,0.0,58792,0.022761113941669464,0.008476801216602325,0.033024102449417114,0.04431021586060524,0.7452931972461403,0.6893898558086017,0.0,0.0,141912,0.0034867257345467806,-0.0012630895944312215,0.05372026190161705,0.05229644477367401,1.027225887612532,1.027866998911911,0.0,0.0,0.20828029482904112,0.8977767746377276,0.23455897270728773,0.005343606695532799,0.011479240842163563,0.010305795818567276,4096,0.2437307983636856,0.0,1.270938754081726
300,D1,train,train,scene_0026,128,6784,0,200606,0.005521044600754976,0.00011970553896389902,0.053305841982364655,0.05439907684922218,0.9799034297973908,0.9297192937060657,0.0,0.0,73365,0.00917865987867117,0.002814224921166897,0.034302692860364914,0.03955148905515671,0.8672920711664721,0.8173757135131887,0.0,0.0,127241,0.003412125399336219,-0.001433908473700285,0.055735036730766296,0.05409681051969528,1.030283231032162,1.0198964554526455,0.0,0.0,0.6340561836831082,0.8798695209422212,0.7176811055597918,0.0026805768720805645,0.00924619846045971,0.008135448209941387,4096,0.2443101704120636,0.0,0.7336850762367249
300,D1,train,train,scene_0033,128,8576,0,199769,0.012530090287327766,0.003988331649452448,0.0584220290184021,0.06836948543787003,0.8545044422119051,0.7210356599395,0.0,0.0,68040,0.028551112860441208,0.014499107375741005,0.03727424517273903,0.06265620142221451,0.5949011323167062,0.6177013086892134,0.0,0.0,131729,0.00425499165430665,-0.0014406414702534676,0.0579448901116848,0.05706477537751198,1.0154230824243227,1.0348812632419355,0.0,0.0,0.41526568733085545,0.8773830455672618,0.47458777117042744,0.004218908958137035,0.010004051961004734,0.008777385577559471,4096,0.24320977926254272,0.0,1.3769986629486084
300,D1,train,train,scene_0039,128,10112,0,200702,0.011748752556741238,0.007206826005131006,0.04860096424818039,0.0558958500623703,0.8694914594545023,0.8234289150881479,0.0,0.0,79754,0.023958930745720863,0.01979495771229267,0.03592010959982872,0.05079520866274834,0.707155468900976,0.715121769410467,0.0,0.0,120948,0.003697273088619113,-0.0010938792256638408,0.052961498498916626,0.051167383790016174,1.0350636396862354,1.0340613944054928,0.0,0.0,0.43457978069739106,0.797100343058997,0.5458655341487432,0.003665268188342452,0.010834875516593456,0.008636482991278172,4096,0.24399054050445557,0.0,0.7027337551116943
300,D1,train,train,scene_0046,128,11904,0,200574,0.00594286946579814,-4.5278051402419806e-05,0.052784908562898636,0.053314391523599625,0.9900686672853312,0.9852409287018858,0.0,0.0,61885,0.011863786727190018,0.002609418472275138,0.02512357011437416,0.02987593784928322,0.8409299229740138,0.8899171748914751,0.0,0.0,138689,0.0033008726313710213,-0.001229841262102127,0.05638222023844719,0.05511162057518959,1.0230550226975108,1.0243273755013105,0.0,0.0,0.4142113622611627,1.0876537227901935,0.38095520217416223,0.0033403178676962852,0.00677051255479455,0.007363973185420036,4096,0.24397476017475128,0.0,0.9891498684883118
300,D1,train,train,scene_0052,128,13440,0,200635,0.0055727045983076096,0.00043472182005643845,0.05240439251065254,0.053535621613264084,0.9788695999313611,0.9712376262850644,0.0,0.0,91160,0.00788932852447033,0.00224236398935318,0.028997747227549553,0.03297131881117821,0.8794839961851479,0.9225633625642027,0.0,0.0,109475,0.0036436491645872593,-0.001070504542440176,0.05657532066106796,0.05531821399927139,1.0227250044951401,1.018287965389838,0.0,0.0,0.5103115505764095,1.0069983890770446,0.5029230027859449,0.00242941128090024,0.006577382795512676,0.006623413879424334,4096,0.24327194690704346,0.0,0.8229523301124573
300,D1,train,train,scene_0059,128,15232,0,199735,0.01127772219479084,0.00676220515742898,0.05885109677910805,0.06833288073539734,0.8612412669530907,0.805570882136363,0.0,0.0,85876,0.019148537889122963,0.01522466354072094,0.03670334070920944,0.05037938058376312,0.7285389435899225,0.6904563554583911,0.0,0.0,113859,0.005341308657079935,0.0003795567899942398,0.059226877987384796,0.06215624138712883,0.9528709694413626,1.0099050027097338,0.0,0.0,0.44045121708598506,0.746545905228971,0.5873033565149836,0.003122246591374278,0.009780775755643845,0.007301798090338707,4096,0.24263112246990204,0.0,1.2084310054779053
300,D1,train,train,scene_0066,128,17024,0,200531,0.007977433502674103,-0.0016926605021581054,0.046662744134664536,0.04653300344944,1.0027881433736703,1.0279370708361573,0.0,0.0,53207,0.020232878625392914,1.9838691514451057e-05,0.0335056446492672,0.03818947449326515,0.877352859494729,0.8697338220272788,0.0,0.0,147324,0.0035513020120561123,-0.002311140298843384,0.04928740859031677,0.047568727284669876,1.0361304874810215,1.0324471219488334,0.0,0.0,0.40699244141134255,1.0777143580730482,0.37085908916545324,0.004586874507367611,0.009781885892152786,0.010542078875005245,4096,0.2445899099111557,0.0,1.0283626317977905
300,D1,train,train,scene_0072,128,18560,0,200356,0.007407211698591709,0.0010145187843590975,0.053170837461948395,0.05605534091591835,0.9485418622590015,0.9583190607191043,0.0,0.0,66762,0.015005129389464855,0.005353451706469059,0.030969204381108284,0.04116056486964226,0.7523998875911795,0.6800978476321153,0.0,0.0,133594,0.0036102430894970894,-0.001153811113908887,0.055008724331855774,0.05397564545273781,1.0191397225628835,1.0287121829140944,0.0,0.0,0.48170384361382257,0.9331496807387031,0.51450648023345,0.00426066666841507,0.011699389666318893,0.010917281731963158,4096,0.24418295919895172,0.0,0.9733665585517883
300,D1,train,train,scene_0079,128,20352,0,200683,0.01144903153181076,0.0061989761888980865,0.05597172677516937,0.06036735698580742,0.9271853128890258,0.9408467719609037,0.0,0.0,98725,0.018165545538067818,0.012524610385298729,0.034319400787353516,0.039067342877388,0.8784677497792518,0.883816005786012,0.0,0.0,101958,0.004945491906255484,7.392172119580209e-05,0.05815088003873825,0.05715063586831093,1.0175018904904598,1.014182033729646,0.0,0.0,0.4618475625242251,1.6232034146364718,0.28367930130625263,0.003106883028522134,0.005860729143023491,0.009513155557215214,4096,0.24183976650238037,0.0,1.2139251232147217
300,D1,train,train,scene_0085,128,21888,0,200633,0.010204184800386429,-0.00034245403367094696,0.049981601536273956,0.050385165959596634,0.9919904119469153,0.9752330000288992,0.0,0.0,90883,0.016777150332927704,0.000363289553206414,0.03468026965856552,0.038099657744169235,0.9102514749984331,0.9376009584826163,0.0,0.0,109750,0.004761169198900461,-0.0009268734720535576,0.05464759096503258,0.053024355322122574,1.0306130198669812,1.0205130590553146,0.0,0.0,0.5885644568443948,1.0567040397727343,0.5567583675487064,0.003569873282685876,0.008934836834669113,0.009441478177905083,4096,0.24277719855308533,0.0,1.0237865447998047
300,D1,train,train,scene_0092,128,23680,0,200680,0.005965313408523798,-0.002133940812200308,0.05386730283498764,0.05243854597210884,1.027246309682933,1.0403278729292071,0.0,0.0,55656,0.01170276291668415,-0.002734490903094411,0.03647914528846741,0.037250760942697525,0.9792859089397641,1.0090744324347474,0.0,0.0,145024,0.003763446817174554,-0.0019034672295674682,0.0547725073993206,0.05279667675495148,1.0374233903686718,1.0329850104258453,0.0,0.0,0.5349210821898559,1.265515604361578,0.4212170809539694,0.004650232847779989,0.009336077608168125,0.01181495189666748,4096,0.24413329362869263,0.0,0.979106068611145
300,D1,train,train,scene_0099,128,25472,0,200699,0.009291217662394047,0.0035014196764677763,0.051309335976839066,0.05544103682041168,0.9254757652358433,0.8760132788167863,0.0,0.0,77958,0.017459942027926445,0.010414150543510914,0.03550521656870842,0.0436473973095417,0.8134555267272872,0.857550184470275,0.0,0.0,122741,0.004102915525436401,-0.0008891475154086947,0.05225956067442894,0.05100555345416069,1.0245856997002345,1.0228247246529245,0.0,0.0,0.45559846862635084,1.0936359203187398,0.41665869465485855,0.004205524921417236,0.0100361043587327,0.010975844226777554,4096,0.2437063753604889,0.0,1.1327793598175049
300,D1,validation_test_seen,train,scene_0100,128,128,0,199556,0.005198381375521421,-0.0014216993004083633,0.05329796299338341,0.052054379135370255,1.0238900910676343,1.0098248985191403,0.0,0.0,57517,0.009712621569633484,-0.003479817882180214,0.03360309824347496,0.037038180977106094,0.9072556307299644,0.9229342370426827,0.0,0.0,142039,0.003370393766090274,-0.0005882887053303421,0.05513196438550949,0.053139571100473404,1.037493589876158,1.0236825091801065,0.0,0.0,0.6025861065888279,1.2036947696331894,0.49930103993456704,0.0026166774332523346,0.005813529249280691,0.006997714750468731,4096,0.24457505345344543,0.0,1.1617882251739502
300,D1,validation_test_seen,train,scene_0101,128,384,0,200668,0.0048176865093410015,-0.0012618460459634662,0.0569237545132637,0.05655544623732567,1.0065123396673856,1.0164403223010252,0.0,0.0,66409,0.008760460652410984,-0.003654627362266183,0.04873307794332504,0.053048230707645416,0.9186560473976663,0.9454273440675509,0.0,0.0,134259,0.0028674586210399866,-7.829649257473648e-05,0.05041399970650673,0.04894638806581497,1.0299840641707485,1.0257925896431466,0.0,0.0,0.6286361977816581,1.1459235814818125,0.542862494548785,0.0025279901456087828,0.0050209034234285355,0.005753571633249521,4096,0.24421033263206482,0.0,0.9736866354942322
300,D1,validation_test_seen,train,scene_0102,128,640,0,200285,0.008261486887931824,0.001515846699476242,0.05000535026192665,0.05198422446846962,0.9619331782521209,0.9498715347872411,0.0,0.0,48268,0.024277614429593086,0.009672446176409721,0.03225037455558777,0.03879689425230026,0.8312617588887453,0.8146619258054714,0.0,0.0,152017,0.0031760933343321085,-0.0010740130674093962,0.051279596984386444,0.050269003957509995,1.02010370103475,1.0186428713054754,0.0,0.0,0.2572571311726051,0.9547513046121736,0.2683421122526542,0.004225984215736389,0.008749539032578468,0.008353633806109428,4096,0.24498207867145538,0.0,1.3584781885147095
300,D1,validation_test_seen,train,scene_0103,128,896,0,200682,0.006530771031975746,-0.001356173655949533,0.053549204021692276,0.05294144153594971,1.0114799005865729,0.987941141184283,0.0,0.0,54316,0.013747657649219036,-0.0019482143688946962,0.03228098899126053,0.03799759969115257,0.8495533732036471,0.8740394531376451,0.0,0.0,146366,0.0038526058197021484,-0.001136469072662294,0.05450871214270592,0.052473071962594986,1.0387939966915225,1.0379215578815149,0.0,0.0,0.5213339851426565,0.897708339314633,0.5807338268029234,0.004455944523215294,0.011807683855295181,0.01059985626488924,4096,0.24430620670318604,0.0,1.1855087280273438
300,D1,validation_test_seen,train,scene_0104,128,1152,0,200697,0.004948755260556936,-0.0027562908362597227,0.049588482826948166,0.0484677329659462,1.0231236286993126,1.0319267806426418,0.0,0.0,52465,0.00977541133761406,-0.006047115195542574,0.025527343153953552,0.0303192138671875,0.8419526728422244,0.8460347717142063,0.0,0.0,148232,0.0032404158264398575,-0.0015915419207885861,0.05375899001955986,0.05203025043010712,1.0332256634392907,1.0372036417225257,0.0,0.0,0.3391013625200126,0.7513229106476766,0.4477593155728744,0.002811139216646552,0.007778441533446312,0.00584412133321166,4096,0.24471579492092133,0.0,0.8765085339546204
300,D1,validation_test_seen,train,scene_0105,128,1408,0,200704,0.007466240786015987,-0.0016456837765872478,0.05023534223437309,0.05086847394704819,0.9875535540277037,0.9868782340491985,0.0,0.0,55002,0.014715839177370071,0.0036211353726685047,0.03336283937096596,0.03774315118789673,0.8839441944016739,0.9587324888287451,0.0,0.0,145702,0.0047295428812503815,-0.0036338898353278637,0.05187219753861427,0.05001714453101158,1.0370883429071511,1.0343571423726716,0.0,0.0,0.4913252341432297,1.0332744222207129,0.4758787247282731,0.004297385457903147,0.01031164824962616,0.010654762387275696,4096,0.24442273378372192,0.0,1.179548740386963
300,D1,validation_test_seen,train,scene_0106,128,1664,0,200309,0.007446710020303726,0.0021181863266974688,0.05547422170639038,0.057935118675231934,0.957523225547588,0.9930439669449637,0.0,0.0,98174,0.01000288873910904,0.004790022503584623,0.03692830726504326,0.040384773164987564,0.9144116549615546,0.932555344468133,0.0,0.0,102135,0.0049896640703082085,-0.00045003084233030677,0.054208043962717056,0.053902383893728256,1.0056706224643315,1.0336879004183601,0.0,0.0,0.679314147173752,1.1276346448004473,0.5959049945782638,0.002407078631222248,0.005968934390693903,0.006730777211487293,4096,0.2427317351102829,0.0,1.2574836015701294
300,D1,validation_test_seen,train,scene_0107,128,1920,0,199994,0.015078594908118248,0.007984418421983719,0.05060040205717087,0.058338407427072525,0.8673600169909548,0.79151437503095,0.0,0.0,66108,0.03864560276269913,0.025694502517580986,0.03653183951973915,0.04761239513754845,0.767275819966661,0.7864687527629235,0.0,0.0,133886,0.0034420709125697613,-0.0007601737743243575,0.052282217890024185,0.05165746808052063,1.0120940849932818,1.026358616119729,0.0,0.0,0.3912796830361406,1.0141342619778684,0.38814464940833,0.004790661856532097,0.010132870636880398,0.010276091285049915,4096,0.24370771646499634,0.0,1.8294613361358643
300,D1,validation_test_seen,train,scene_0108,128,2176,0,199879,0.008513093926012516,-0.002342699794098735,0.055090710520744324,0.05443450063467026,1.0120550363909486,0.9817815040391064,0.0,0.0,82022,0.01420101523399353,-0.005502976011484861,0.03403729945421219,0.037817005068063736,0.9000527512147309,0.9403785846052746,0.0,0.0,117857,0.004554612096399069,-0.0001433210272807628,0.054310306906700134,0.05369402468204498,1.0114776686661977,1.0323916746511204,0.0,0.0,0.6413768204753438,1.346262094101771,0.4775013953908407,0.0036557612475007772,0.007075968664139509,0.009526108391582966,4096,0.2429630011320114,0.0,1.2212764024734497
300,D1,validation_test_seen,train,scene_0109,128,2432,0,199635,0.014030716381967068,0.007381696719676256,0.04428525269031525,0.054467979818582535,0.8130511327539028,0.8578732451116531,0.0,0.0,90009,0.02520289644598961,0.015476829372346401,0.03155660256743431,0.04967711120843887,0.6352342517467813,0.6830378812846866,0.0,0.0,109626,0.004857739433646202,0.0007351462263613939,0.04921502619981766,0.05085480585694313,0.9677556598733609,1.0554303444162174,0.0,0.0,0.29886503724688707,0.7605251331690479,0.38925466943663484,0.0035852508153766394,0.008185934275388718,0.006225608754903078,4096,0.24382556974887848,0.0,1.1985104084014893
300,D1,validation_test_seen,train,scene_0110,128,2688,0,200090,0.009487869217991829,8.011832687770948e-05,0.050496697425842285,0.05254792049527168,0.9609647146814503,0.9602992993398404,0.0,0.0,68702,0.01876749098300934,0.0024272212758660316,0.02891552820801735,0.03589851036667824,0.8054798907438053,0.7204056242352468,0.0,0.0,131388,0.004635610152035952,-0.0011471678735688329,0.0532819963991642,0.053071681410074234,1.0039628476713391,1.0239193839135121,0.0,0.0,0.31406434700329855,1.0381333719699275,0.30276056991720196,0.003938313107937574,0.0076749287545681,0.007967599667608738,4096,0.24384650588035583,0.0,0.9059987664222717
300,D1,validation_test_seen,train,scene_0111,128,2944,0,200582,0.006165369413793087,0.0032496259082108736,0.04597512260079384,0.045875683426856995,1.0021675791292655,1.0198120869486023,0.0,0.0,85341,0.00962341669946909,0.006523719057440758,0.028194425627589226,0.02907377853989601,0.969754433153568,0.9189516853661349,0.0,0.0,115241,0.0036045347806066275,0.0008250169339589775,0.05267692729830742,0.05075240507721901,1.0379198230736115,1.037719879508167,0.0,0.0,0.35608948980938393,0.7948140734957837,0.4467805301909534,0.00262447539716959,0.006728209555149078,0.005347675643861294,4096,0.24426142871379852,0.0,1.2812068462371826
300,D1,validation_test_seen,train,scene_0112,128,3200,0,200135,0.006522010080516338,0.00030112292733974755,0.0541766956448555,0.05462484434247017,0.9917958814709841,1.008973479471508,0.0,0.0,68226,0.009020320139825344,-0.0007311608060263097,0.03918205201625824,0.04084191843867302,0.9593587547826093,1.020778675048404,0.0,0.0,131909,0.005229833070188761,0.0008350408170372248,0.056247346103191376,0.056647252291440964,0.9929404133109204,1.030127978283382,0.0,0.0,0.6284684222297973,1.1209670504338332,0.5606506196785876,0.004261709284037352,0.00982955377548933,0.011018605902791023,4096,0.24406708776950836,0.0,1.1294771432876587
300,D1,validation_test_seen,train,scene_0113,128,3456,0,200704,0.008982921950519085,-0.004572458099573851,0.05663503333926201,0.05266651511192322,1.0753518287455544,1.046040285204671,0.0,0.0,67285,0.018204107880592346,-0.010117479600012302,0.04020768031477928,0.037633322179317474,1.0684063480549326,1.037256054051238,0.0,0.0,133419,0.004332554526627064,-0.00177602912299335,0.05487686023116112,0.0523630753159523,1.0480068235114335,1.0338252383685929,0.0,0.0,0.356415033527083,1.2857806120129374,0.2772249245835438,0.005020488053560257,0.010529140010476112,0.013538164086639881,4096,0.2428750842809677,0.0,1.4614015817642212
300,D1,validation_test_seen,train,scene_0114,128,3712,0,199834,0.010203029960393906,0.0017106843879446387,0.050875477492809296,0.057798922061920166,0.88021498806338,0.7891517657715297,0.0,0.0,58958,0.024613691493868828,0.009190907701849937,0.03616819530725479,0.0569305457174778,0.6353038575590375,0.6992118608305607,0.0,0.0,140876,0.004172025714069605,-0.0014198633143678308,0.05295444652438164,0.053133003413677216,0.9966394354201025,1.0281723021343017,0.0,0.0,0.45039725072401793,0.9373858773973596,0.4810388460363618,0.004752530716359615,0.010604345239698887,0.009940363466739655,4096,0.24414631724357605,0.0,1.4888420104980469
300,D1,validation_test_seen,train,scene_0115,128,3968,0,200648,0.011476793326437473,0.004479703493416309,0.04727726802229881,0.05591801553964615,0.8454747108966876,0.7989401772928775,0.0,0.0,51118,0.035723309963941574,0.02150661125779152,0.02199881337583065,0.05734998360276222,0.3835888346229814,0.3601163993681907,0.0,0.0,149530,0.0031879323069006205,-0.0013410800602287054,0.05172407627105713,0.04989656060934067,1.036626084832275,1.0295269575278116,0.0,0.0,0.13907214354299807,0.7112122900450908,0.19563876193341329,0.00443718396127224,0.011162856593728065,0.00793916080147028,4096,0.2446976900100708,0.0,1.4169189929962158
300,D1,validation_test_seen,train,scene_0116,128,4224,0,200682,0.015257192775607109,0.011178658343851566,0.05257608741521835,0.06261704117059708,0.8396450300482479,0.8536605090205576,0.0,0.0,68868,0.035884786397218704,0.03133780509233475,0.03435762971639633,0.046667635440826416,0.7362196389821611,0.7049298553342177,0.0,0.0,131814,0.004480029456317425,0.0006462374003604054,0.05289580672979355,0.051975592970848083,1.0177047284378573,1.0292693034472427,0.0,0.0,0.22392059290925037,1.0694079761514648,0.2098993864228851,0.0046875667758286,0.010103420354425907,0.010804678313434124,4096,0.24384668469429016,0.0,1.631388783454895
300,D1,validation_test_seen,train,scene_0117,128,4480,0,200501,0.005128530785441399,0.0014250304084271193,0.05311454460024834,0.0538739413022995,0.9859041925707642,0.9721602658746715,0.0,0.0,53935,0.011221317574381828,0.0046988860704004765,0.03402415290474892,0.03975345194339752,0.8558792064949178,0.8953830299695549,0.0,0.0,146566,0.0028864387422800064,0.000220280431676656,0.05452082306146622,0.05313188582658768,1.0261413125709817,1.0300764965828666,0.0,0.0,0.7061988589989783,1.2851904952037645,0.5472112676104731,0.0029846620745956898,0.0057647996582090855,0.007408865727484226,4096,0.24468335509300232,0.0,1.1609094142913818
300,D1,validation_test_seen,train,scene_0118,128,4736,0,200491,0.005937186069786549,-0.0007711530779488385,0.0574348159134388,0.057867057621479034,0.9925304356950785,0.9678838749297941,0.0,0.0,65199,0.011076502501964569,-0.0030329248402267694,0.04244421049952507,0.04918580502271652,0.8629361759947237,0.8517265036751775,0.0,0.0,135292,0.0034604815300554037,0.0003188247501384467,0.053380124270915985,0.05246668681502342,1.0174098558788929,1.0274303340799915,0.0,0.0,0.49610026599189966,1.099631208097138,0.44307191676793045,0.002998373005539179,0.005581997334957123,0.006138138473033905,4096,0.24381130933761597,0.0,1.1584172248840332
300,D1,validation_test_seen,train,scene_0119,128,4992,0,199640,0.011693787761032581,0.0018548809457570314,0.053791943937540054,0.056304823607206345,0.9553700818388734,0.9148076132332545,0.0,0.0,70329,0.02372359111905098,0.004580778535455465,0.03265875205397606,0.04295191913843155,0.7603560611277645,0.7285671149224964,0.0,0.0,129311,0.005151082761585712,0.00037233380135148764,0.05328059196472168,0.051717229187488556,1.0302290513586008,1.0377603672300124,0.0,0.0,0.23205447064343143,1.1011939044198027,0.2093370523304658,0.004835103638470173,0.010213229805231094,0.01124674640595913,4096,0.2435055822134018,0.0,1.3916035890579224
300,D1,validation_test_seen,train,scene_0120,128,5248,0,200686,0.006672114599496126,-0.0006462009041570127,0.052285317331552505,0.0505831353366375,1.0336511761002312,1.0235291393268902,0.0,0.0,62231,0.014091560617089272,-0.001976756379008293,0.03255876526236534,0.03299010917544365,0.9869250534824122,0.9792289279675017,0.0,0.0,138455,0.0033373157493770123,-4.815966167370789e-05,0.0542423389852047,0.052198220044374466,1.0391607020142162,1.0305179804024713,0.0,0.0,0.5220086091515462,1.4516917300598062,0.3591983340738021,0.004769227467477322,0.009270037524402142,0.013457236811518669,4096,0.24409371614456177,0.0,1.3669204711914062
300,D1,validation_test_seen,train,scene_0121,128,5504,0,199742,0.008160939440131187,0.0033647571690380573,0.049412187188863754,0.05205470323562622,0.9492357869220561,0.9471195957734955,0.0,0.0,68418,0.016626009717583656,0.01026393473148346,0.031841713935136795,0.03979155048727989,0.8002129483573551,0.7386171479661126,0.0,0.0,131324,0.0037507545202970505,-0.00022962034563533962,0.052957456558942795,0.05136334151029587,1.0310360463664028,1.0306898667590947,0.0,0.0,0.38472038053774843,1.1239697817381853,0.3431979863492448,0.0038284144829958677,0.008635847829282284,0.00970643199980259,4096,0.2443099021911621,0.0,1.1680936813354492
300,D1,validation_test_seen,train,scene_0122,128,5760,0,200023,0.005835446063429117,0.0020357707981020212,0.06219898909330368,0.06293501704931259,0.9883049534183458,0.9876025530549053,0.0,0.0,78065,0.008453592658042908,0.003975566942244768,0.04286725074052811,0.04501315951347351,0.9523270795443034,1.0008530132855828,0.0,0.0,121958,0.004159578122198582,0.000794112216681242,0.05781805142760277,0.056563809514045715,1.0221739293080252,1.020424458570228,0.0,0.0,0.6288276275621114,1.000023650175928,0.627466139548319,0.0024718258064240217,0.007186685223132372,0.007186855189502239,4096,0.24256980419158936,0.0,1.192866563796997
300,D1,validation_test_seen,train,scene_0123,128,6016,0,200684,0.012617220170795918,0.007378541864454746,0.051015451550483704,0.05883701890707016,0.8670638400470256,0.7832202176491191,0.0,0.0,72385,0.02878018096089363,0.020144406706094742,0.030498048290610313,0.04689929634332657,0.6502879716435227,0.6345655044342562,0.0,0.0,128299,0.0034982417710125446,0.00017617063713259995,0.05337530001997948,0.051957398653030396,1.0272896912414298,1.028240029096795,0.0,0.0,0.5107806449833778,0.8116032277663534,0.6305070607583039,0.004298587795346975,0.012482126243412495,0.010130533948540688,4096,0.24384163320064545,0.0,1.2045214176177979
300,D1,validation_test_seen,train,scene_0124,128,6272,0,200223,0.007492163684219122,-0.0003023986064363271,0.04989796131849289,0.04967567324638367,1.0044747873069924,1.0108450437444032,0.0,0.0,71991,0.013917154632508755,0.0006599482730962336,0.03311244025826454,0.034191593527793884,0.9684380528023032,0.9678290992743843,0.0,0.0,128232,0.003885095240548253,-0.0008426720160059631,0.05224810540676117,0.05110533535480499,1.0223610713836893,1.0265127109933254,0.0,0.0,0.44311378319406447,1.0789519959164062,0.41341936947440605,0.00413146335631609,0.008394596166908741,0.009057366289198399,4096,0.2439321130514145,0.0,1.186626672744751
300,D1,validation_test_seen,train,scene_0125,128,6528,0,200704,0.018197553232312202,0.014603887684643269,0.04801272973418236,0.0626876950263977,0.7659035750790368,0.6822435803978512,0.0,0.0,61232,0.05102381855249405,0.046687208116054535,0.029180817306041718,0.055785808712244034,0.523086748756535,0.526305544075824,0.0,0.0,139472,0.00378593010827899,0.0005184345063753426,0.05207192897796631,0.05128074064850807,1.015428566737779,1.024638205924701,0.0,0.0,0.2902653570544552,0.7208514553624982,0.40047705062895417,0.004655697848647833,0.011862926185131073,0.008551407605409622,4096,0.24440884590148926,0.0,1.648145318031311
300,D1,validation_test_seen,train,scene_0126,128,6784,0,200700,0.0053056832402944565,-0.00036072125658392906,0.05279908701777458,0.05136072263121605,1.0280051430912758,1.009540915110075,0.0,0.0,60523,0.010883783921599388,-0.0005761419888585806,0.03302894905209541,0.03332030400633812,0.9912559334936655,0.9709476564574115,0.0,0.0,140177,0.002897274913266301,-0.00026771071134135127,0.055383361876010895,0.053400807082653046,1.0371259331397236,1.0323980969433553,0.0,0.0,0.6364112258889764,1.1596478207701266,0.5513540144357888,0.0031739049591124058,0.007858054712414742,0.009112576022744179,4096,0.24449650943279266,0.0,1.0931010246276855
300,D1,validation_test_seen,train,scene_0127,128,7040,0,200161,0.008097581565380096,-0.0020296017173677683,0.053532615303993225,0.05238356813788414,1.0219352596043965,1.0378404991487207,0.0,0.0,42698,0.02248111367225647,-0.003898210357874632,0.03565867617726326,0.03676766902208328,0.9698378256137493,0.9327258353039238,0.0,0.0,157463,0.004197312984615564,-0.0015229058917611837,0.054318320006132126,0.05304429680109024,1.0240180996237789,1.0305767796416312,0.0,0.0,0.358012450853917,1.1847896048835536,0.293627405135134,0.004936239216476679,0.009289361536502838,0.011005938984453678,4096,0.2441728562116623,0.0,1.2211394309997559
300,D1,validation_test_seen,train,scene_0128,128,7296,0,200671,0.0078575499355793,0.003207176923751831,0.053318239748477936,0.05794762074947357,0.9201109391357074,0.8530771906530604,0.0,0.0,61355,0.017786644399166107,0.011117345653474331,0.038278356194496155,0.050289787352085114,0.7611556582354302,0.8513309084584911,0.0,0.0,139316,0.0034847615752369165,-0.0002764748642221093,0.052643172442913055,0.051738664507865906,1.0174822435725923,0.9867704956223698,0.0,0.0,0.36475974940971734,1.0344704187791958,0.3524090482962928,0.0034744380973279476,0.007903825491666794,0.008176273666322231,4096,0.24441756308078766,0.0,1.2072607278823853
300,D1,validation_test_seen,train,scene_0129,128,7552,0,200043,0.004784435965120792,-0.0006433557136915624,0.05549859628081322,0.05616459250450134,0.9881420625702083,1.0108639767729335,0.0,0.0,59425,0.007275691721588373,-0.0009002864244394004,0.042209893465042114,0.04574619233608246,0.922697416102737,0.987492324845308,0.0,0.0,140618,0.0037316340021789074,-0.0005347770638763905,0.05639609321951866,0.056242913007736206,1.0027235469073479,1.0315792837796558,0.0,0.0,0.7471381725594934,1.2302370771207098,0.6049851760890655,0.002088079694658518,0.00458768755197525,0.005643943324685097,4096,0.2444128394126892,0.0,1.1030066013336182
300,D1,validation_test_seen,train,scene_0100,192,192,0,198401,0.00741230696439743,0.0008545088930986822,0.08823296427726746,0.08828484266996384,0.9994123748638221,0.9905543668331659,0.0,0.0,54212,0.012763981707394123,0.00028331662178970873,0.04662823677062988,0.05435025691986084,0.8579211840595891,0.9007126834594462,0.0,0.0,144189,0.005400191526859999,0.0010692651849240065,0.0895027294754982,0.08812298625707626,1.015657018412845,1.0195942116311405,0.0,0.0,0.5071369550571655,1.018339691415324,0.4650990524221104,0.003352516330778599,0.007397410459816456,0.00753307668492198,4096,0.2407543659210205,0.0,1.2926678657531738
300,D1,validation_test_seen,train,scene_0129,192,7616,0,199019,0.006502083968371153,-0.0008926743757911026,0.08724523335695267,0.08601099997758865,1.0143497154978505,0.993125279991258,0.0,0.0,57613,0.01015604566782713,-0.004514305852353573,0.05297502130270004,0.05941979959607124,0.8915382021282124,0.9018273843191471,0.0,0.0,141406,0.005013350863009691,0.0005828858120366931,0.08879486471414566,0.08663759380578995,1.024899940240625,1.022524852661412,0.0,0.0,0.6754810524681849,1.527437257511172,0.4222559968330301,0.003123852191492915,0.00579006876796484,0.008843966759741306,4096,0.2407902181148529,0.0,1.1092944145202637
300,D1,train,eval,scene_0000,128,128,0,199291,0.005532182287424803,0.00011105347221018746,0.04929086193442345,0.05072623863816261,0.9717034666422262,0.9622372070178361,0.0,0.0,97957,0.006605767644941807,0.0017987678293138742,0.041339270770549774,0.04420310631394386,0.9352118938643302,0.9430547696610796,0.0,0.0,101334,0.004494375083595514,-0.0015204172814264894,0.05402350053191185,0.05377337336540222,1.0046515059564882,1.0322167258054438,0.0,0.0,0.6351303826672036,0.9866593918245995,0.6413983784826844,0.0022935224696993828,0.008893096819519997,0.00877445749938488,4096,0.2439405471086502,0.0,0.8062967658042908
300,D1,train,eval,scene_0006,128,1664,0,200073,0.011222767643630505,0.006105870008468628,0.054157380014657974,0.06395228207111359,0.8468404607428413,0.7798276441752655,0.0,0.0,62719,0.02805265597999096,0.02292412891983986,0.034033648669719696,0.05385834351181984,0.6319104237257245,0.6090686603592328,0.0,0.0,137354,0.003537853015586734,-0.00157373386900872,0.053873080760240555,0.0529913492500782,1.0166391594598065,1.017345734758564,0.0,0.0,0.31166904507996057,0.8508947614634558,0.36571910425105697,0.003844885854050517,0.008401311933994293,0.007148632314056158,4096,0.24394696950912476,0.0,1.2377307415008545
300,D1,train,eval,scene_0013,128,3456,0,200704,0.02485446259379387,0.021303463727235794,0.048040300607681274,0.0688348039984703,0.6979071315253379,0.6620321669867054,0.0,0.0,89703,0.051595523953437805,0.048361144959926605,0.024474719539284706,0.04699346423149109,0.5208111370279401,0.4978264580531341,0.0,0.0,111001,0.0032442614901810884,-0.0005626021302305162,0.05174729973077774,0.05120379477739334,1.0106145444052979,1.0176425761209373,0.0,0.0,0.16894575651704352,1.2232034968119585,0.13315943020110999,0.004914725665003061,0.00777825340628624,0.009514386765658855,4096,0.2433469295501709,0.0,1.278658390045166
300,D1,train,eval,scene_0019,128,4992,0,200704,0.0091327503323555,0.001590005704201758,0.05267628654837608,0.055892203003168106,0.9424621631999416,0.9474178398573756,0.0,0.0,58792,0.022761113941669464,0.008476801216602325,0.033024102449417114,0.04431021586060524,0.7452931972461403,0.6893898558086017,0.0,0.0,141912,0.0034867257345467806,-0.0012630895944312215,0.05372026190161705,0.05229644477367401,1.027225887612532,1.027866998911911,0.0,0.0,0.20828029482904112,0.8977767746377276,0.23455897270728773,0.005343606695532799,0.011479240842163563,0.010305795818567276,4096,0.2437307983636856,0.0,1.3775726556777954
300,D1,train,eval,scene_0026,128,6784,0,200606,0.005521044600754976,0.00011970553896389902,0.053305841982364655,0.05439907684922218,0.9799034297973908,0.9297192937060657,0.0,0.0,73365,0.00917865987867117,0.002814224921166897,0.034302692860364914,0.03955148905515671,0.8672920711664721,0.8173757135131887,0.0,0.0,127241,0.003412125399336219,-0.001433908473700285,0.055735036730766296,0.05409681051969528,1.030283231032162,1.0198964554526455,0.0,0.0,0.6340561836831082,0.8798695209422212,0.7176811055597918,0.0026805768720805645,0.00924619846045971,0.008135448209941387,4096,0.2443101704120636,0.0,0.8227971196174622
300,D1,train,eval,scene_0033,128,8576,0,199769,0.012530090287327766,0.003988331649452448,0.0584220290184021,0.06836948543787003,0.8545044422119051,0.7210356599395,0.0,0.0,68040,0.028551112860441208,0.014499107375741005,0.03727424517273903,0.06265620142221451,0.5949011323167062,0.6177013086892134,0.0,0.0,131729,0.00425499165430665,-0.0014406414702534676,0.0579448901116848,0.05706477537751198,1.0154230824243227,1.0348812632419355,0.0,0.0,0.41526568733085545,0.8773830455672618,0.47458777117042744,0.004218908958137035,0.010004051961004734,0.008777385577559471,4096,0.24320977926254272,0.0,1.4878219366073608
300,D1,train,eval,scene_0039,128,10112,0,200702,0.011748752556741238,0.007206826005131006,0.04860096424818039,0.0558958500623703,0.8694914594545023,0.8234289150881479,0.0,0.0,79754,0.023958930745720863,0.01979495771229267,0.03592010959982872,0.05079520866274834,0.707155468900976,0.715121769410467,0.0,0.0,120948,0.003697273088619113,-0.0010938792256638408,0.052961498498916626,0.051167383790016174,1.0350636396862354,1.0340613944054928,0.0,0.0,0.43457978069739106,0.797100343058997,0.5458655341487432,0.003665268188342452,0.010834875516593456,0.008636482991278172,4096,0.24399054050445557,0.0,0.7667344808578491
300,D1,train,eval,scene_0046,128,11904,0,200574,0.00594286946579814,-4.5278051402419806e-05,0.052784908562898636,0.053314391523599625,0.9900686672853312,0.9852409287018858,0.0,0.0,61885,0.011863786727190018,0.002609418472275138,0.02512357011437416,0.02987593784928322,0.8409299229740138,0.8899171748914751,0.0,0.0,138689,0.0033008726313710213,-0.001229841262102127,0.05638222023844719,0.05511162057518959,1.0230550226975108,1.0243273755013105,0.0,0.0,0.4142113622611627,1.0876537227901935,0.38095520217416223,0.0033403178676962852,0.00677051255479455,0.007363973185420036,4096,0.24397476017475128,0.0,1.0842355489730835
300,D1,train,eval,scene_0052,128,13440,0,200635,0.0055727045983076096,0.00043472182005643845,0.05240439251065254,0.053535621613264084,0.9788695999313611,0.9712376262850644,0.0,0.0,91160,0.00788932852447033,0.00224236398935318,0.028997747227549553,0.03297131881117821,0.8794839961851479,0.9225633625642027,0.0,0.0,109475,0.0036436491645872593,-0.001070504542440176,0.05657532066106796,0.05531821399927139,1.0227250044951401,1.018287965389838,0.0,0.0,0.5103115505764095,1.0069983890770446,0.5029230027859449,0.00242941128090024,0.006577382795512676,0.006623413879424334,4096,0.24327194690704346,0.0,0.8891379237174988
300,D1,train,eval,scene_0059,128,15232,0,199735,0.01127772219479084,0.00676220515742898,0.05885109677910805,0.06833288073539734,0.8612412669530907,0.805570882136363,0.0,0.0,85876,0.019148537889122963,0.01522466354072094,0.03670334070920944,0.05037938058376312,0.7285389435899225,0.6904563554583911,0.0,0.0,113859,0.005341308657079935,0.0003795567899942398,0.059226877987384796,0.06215624138712883,0.9528709694413626,1.0099050027097338,0.0,0.0,0.44045121708598506,0.746545905228971,0.5873033565149836,0.003122246591374278,0.009780775755643845,0.007301798090338707,4096,0.24263112246990204,0.0,1.280741572380066
300,D1,train,eval,scene_0066,128,17024,0,200531,0.007977433502674103,-0.0016926605021581054,0.046662744134664536,0.04653300344944,1.0027881433736703,1.0279370708361573,0.0,0.0,53207,0.020232878625392914,1.9838691514451057e-05,0.0335056446492672,0.03818947449326515,0.877352859494729,0.8697338220272788,0.0,0.0,147324,0.0035513020120561123,-0.002311140298843384,0.04928740859031677,0.047568727284669876,1.0361304874810215,1.0324471219488334,0.0,0.0,0.40699244141134255,1.0777143580730482,0.37085908916545324,0.004586874507367611,0.009781885892152786,0.010542078875005245,4096,0.2445899099111557,0.0,1.1085087060928345
300,D1,train,eval,scene_0072,128,18560,0,200356,0.007407211698591709,0.0010145187843590975,0.053170837461948395,0.05605534091591835,0.9485418622590015,0.9583190607191043,0.0,0.0,66762,0.015005129389464855,0.005353451706469059,0.030969204381108284,0.04116056486964226,0.7523998875911795,0.6800978476321153,0.0,0.0,133594,0.0036102430894970894,-0.001153811113908887,0.055008724331855774,0.05397564545273781,1.0191397225628835,1.0287121829140944,0.0,0.0,0.48170384361382257,0.9331496807387031,0.51450648023345,0.00426066666841507,0.011699389666318893,0.010917281731963158,4096,0.24418295919895172,0.0,1.0386980772018433
300,D1,train,eval,scene_0079,128,20352,0,200683,0.01144903153181076,0.0061989761888980865,0.05597172677516937,0.06036735698580742,0.9271853128890258,0.9408467719609037,0.0,0.0,98725,0.018165545538067818,0.012524610385298729,0.034319400787353516,0.039067342877388,0.8784677497792518,0.883816005786012,0.0,0.0,101958,0.004945491906255484,7.392172119580209e-05,0.05815088003873825,0.05715063586831093,1.0175018904904598,1.014182033729646,0.0,0.0,0.4618475625242251,1.6232034146364718,0.28367930130625263,0.003106883028522134,0.005860729143023491,0.009513155557215214,4096,0.24183976650238037,0.0,1.285505771636963
300,D1,train,eval,scene_0085,128,21888,0,200633,0.010204184800386429,-0.00034245403367094696,0.049981601536273956,0.050385165959596634,0.9919904119469153,0.9752330000288992,0.0,0.0,90883,0.016777150332927704,0.000363289553206414,0.03468026965856552,0.038099657744169235,0.9102514749984331,0.9376009584826163,0.0,0.0,109750,0.004761169198900461,-0.0009268734720535576,0.05464759096503258,0.053024355322122574,1.0306130198669812,1.0205130590553146,0.0,0.0,0.5885644568443948,1.0567040397727343,0.5567583675487064,0.003569873282685876,0.008934836834669113,0.009441478177905083,4096,0.24277719855308533,0.0,1.1293278932571411
300,D1,train,eval,scene_0092,128,23680,0,200680,0.005965313408523798,-0.002133940812200308,0.05386730283498764,0.05243854597210884,1.027246309682933,1.0403278729292071,0.0,0.0,55656,0.01170276291668415,-0.002734490903094411,0.03647914528846741,0.037250760942697525,0.9792859089397641,1.0090744324347474,0.0,0.0,145024,0.003763446817174554,-0.0019034672295674682,0.0547725073993206,0.05279667675495148,1.0374233903686718,1.0329850104258453,0.0,0.0,0.5349210821898559,1.265515604361578,0.4212170809539694,0.004650232847779989,0.009336077608168125,0.01181495189666748,4096,0.24413329362869263,0.0,1.0716217756271362
300,D1,train,eval,scene_0099,128,25472,0,200699,0.009291217662394047,0.0035014196764677763,0.051309335976839066,0.05544103682041168,0.9254757652358433,0.8760132788167863,0.0,0.0,77958,0.017459942027926445,0.010414150543510914,0.03550521656870842,0.0436473973095417,0.8134555267272872,0.857550184470275,0.0,0.0,122741,0.004102915525436401,-0.0008891475154086947,0.05225956067442894,0.05100555345416069,1.0245856997002345,1.0228247246529245,0.0,0.0,0.45559846862635084,1.0936359203187398,0.41665869465485855,0.004205524921417236,0.0100361043587327,0.010975844226777554,4096,0.2437063753604889,0.0,1.2291454076766968
300,D1,validation_test_seen,eval,scene_0100,128,128,0,199556,0.005198381375521421,-0.0014216993004083633,0.05329796299338341,0.052054379135370255,1.0238900910676343,1.0098248985191403,0.0,0.0,57517,0.009712621569633484,-0.003479817882180214,0.03360309824347496,0.037038180977106094,0.9072556307299644,0.9229342370426827,0.0,0.0,142039,0.003370393766090274,-0.0005882887053303421,0.05513196438550949,0.053139571100473404,1.037493589876158,1.0236825091801065,0.0,0.0,0.6025861065888279,1.2036947696331894,0.49930103993456704,0.0026166774332523346,0.005813529249280691,0.006997714750468731,4096,0.24457505345344543,0.0,1.260431170463562
300,D1,validation_test_seen,eval,scene_0101,128,384,0,200668,0.0048176865093410015,-0.0012618460459634662,0.0569237545132637,0.05655544623732567,1.0065123396673856,1.0164403223010252,0.0,0.0,66409,0.008760460652410984,-0.003654627362266183,0.04873307794332504,0.053048230707645416,0.9186560473976663,0.9454273440675509,0.0,0.0,134259,0.0028674586210399866,-7.829649257473648e-05,0.05041399970650673,0.04894638806581497,1.0299840641707485,1.0257925896431466,0.0,0.0,0.6286361977816581,1.1459235814818125,0.542862494548785,0.0025279901456087828,0.0050209034234285355,0.005753571633249521,4096,0.24421033263206482,0.0,1.0562564134597778
300,D1,validation_test_seen,eval,scene_0102,128,640,0,200285,0.008261486887931824,0.001515846699476242,0.05000535026192665,0.05198422446846962,0.9619331782521209,0.9498715347872411,0.0,0.0,48268,0.024277614429593086,0.009672446176409721,0.03225037455558777,0.03879689425230026,0.8312617588887453,0.8146619258054714,0.0,0.0,152017,0.0031760933343321085,-0.0010740130674093962,0.051279596984386444,0.050269003957509995,1.02010370103475,1.0186428713054754,0.0,0.0,0.2572571311726051,0.9547513046121736,0.2683421122526542,0.004225984215736389,0.008749539032578468,0.008353633806109428,4096,0.24498207867145538,0.0,1.4780634641647339
300,D1,validation_test_seen,eval,scene_0103,128,896,0,200682,0.006530771031975746,-0.001356173655949533,0.053549204021692276,0.05294144153594971,1.0114799005865729,0.987941141184283,0.0,0.0,54316,0.013747657649219036,-0.0019482143688946962,0.03228098899126053,0.03799759969115257,0.8495533732036471,0.8740394531376451,0.0,0.0,146366,0.0038526058197021484,-0.001136469072662294,0.05450871214270592,0.052473071962594986,1.0387939966915225,1.0379215578815149,0.0,0.0,0.5213339851426565,0.897708339314633,0.5807338268029234,0.004455944523215294,0.011807683855295181,0.01059985626488924,4096,0.24430620670318604,0.0,1.3043256998062134
300,D1,validation_test_seen,eval,scene_0104,128,1152,0,200697,0.004948755260556936,-0.0027562908362597227,0.049588482826948166,0.0484677329659462,1.0231236286993126,1.0319267806426418,0.0,0.0,52465,0.00977541133761406,-0.006047115195542574,0.025527343153953552,0.0303192138671875,0.8419526728422244,0.8460347717142063,0.0,0.0,148232,0.0032404158264398575,-0.0015915419207885861,0.05375899001955986,0.05203025043010712,1.0332256634392907,1.0372036417225257,0.0,0.0,0.3391013625200126,0.7513229106476766,0.4477593155728744,0.002811139216646552,0.007778441533446312,0.00584412133321166,4096,0.24471579492092133,0.0,1.0043026208877563
300,D1,validation_test_seen,eval,scene_0105,128,1408,0,200704,0.007466240786015987,-0.0016456837765872478,0.05023534223437309,0.05086847394704819,0.9875535540277037,0.9868782340491985,0.0,0.0,55002,0.014715839177370071,0.0036211353726685047,0.03336283937096596,0.03774315118789673,0.8839441944016739,0.9587324888287451,0.0,0.0,145702,0.0047295428812503815,-0.0036338898353278637,0.05187219753861427,0.05001714453101158,1.0370883429071511,1.0343571423726716,0.0,0.0,0.4913252341432297,1.0332744222207129,0.4758787247282731,0.004297385457903147,0.01031164824962616,0.010654762387275696,4096,0.24442273378372192,0.0,1.2633570432662964
300,D1,validation_test_seen,eval,scene_0106,128,1664,0,200309,0.007446710020303726,0.0021181863266974688,0.05547422170639038,0.057935118675231934,0.957523225547588,0.9930439669449637,0.0,0.0,98174,0.01000288873910904,0.004790022503584623,0.03692830726504326,0.040384773164987564,0.9144116549615546,0.932555344468133,0.0,0.0,102135,0.0049896640703082085,-0.00045003084233030677,0.054208043962717056,0.053902383893728256,1.0056706224643315,1.0336879004183601,0.0,0.0,0.679314147173752,1.1276346448004473,0.5959049945782638,0.002407078631222248,0.005968934390693903,0.006730777211487293,4096,0.2427317351102829,0.0,1.332770586013794
300,D1,validation_test_seen,eval,scene_0107,128,1920,0,199994,0.015078594908118248,0.007984418421983719,0.05060040205717087,0.058338407427072525,0.8673600169909548,0.79151437503095,0.0,0.0,66108,0.03864560276269913,0.025694502517580986,0.03653183951973915,0.04761239513754845,0.767275819966661,0.7864687527629235,0.0,0.0,133886,0.0034420709125697613,-0.0007601737743243575,0.052282217890024185,0.05165746808052063,1.0120940849932818,1.026358616119729,0.0,0.0,0.3912796830361406,1.0141342619778684,0.38814464940833,0.004790661856532097,0.010132870636880398,0.010276091285049915,4096,0.24370771646499634,0.0,1.9008221626281738
300,D1,validation_test_seen,eval,scene_0108,128,2176,0,199879,0.008513093926012516,-0.002342699794098735,0.055090710520744324,0.05443450063467026,1.0120550363909486,0.9817815040391064,0.0,0.0,82022,0.01420101523399353,-0.005502976011484861,0.03403729945421219,0.037817005068063736,0.9000527512147309,0.9403785846052746,0.0,0.0,117857,0.004554612096399069,-0.0001433210272807628,0.054310306906700134,0.05369402468204498,1.0114776686661977,1.0323916746511204,0.0,0.0,0.6413768204753438,1.346262094101771,0.4775013953908407,0.0036557612475007772,0.007075968664139509,0.009526108391582966,4096,0.2429630011320114,0.0,1.288312554359436
300,D1,validation_test_seen,eval,scene_0109,128,2432,0,199635,0.014030716381967068,0.007381696719676256,0.04428525269031525,0.054467979818582535,0.8130511327539028,0.8578732451116531,0.0,0.0,90009,0.02520289644598961,0.015476829372346401,0.03155660256743431,0.04967711120843887,0.6352342517467813,0.6830378812846866,0.0,0.0,109626,0.004857739433646202,0.0007351462263613939,0.04921502619981766,0.05085480585694313,0.9677556598733609,1.0554303444162174,0.0,0.0,0.29886503724688707,0.7605251331690479,0.38925466943663484,0.0035852508153766394,0.008185934275388718,0.006225608754903078,4096,0.24382556974887848,0.0,1.2831734418869019
300,D1,validation_test_seen,eval,scene_0110,128,2688,0,200090,0.009487869217991829,8.011832687770948e-05,0.050496697425842285,0.05254792049527168,0.9609647146814503,0.9602992993398404,0.0,0.0,68702,0.01876749098300934,0.0024272212758660316,0.02891552820801735,0.03589851036667824,0.8054798907438053,0.7204056242352468,0.0,0.0,131388,0.004635610152035952,-0.0011471678735688329,0.0532819963991642,0.053071681410074234,1.0039628476713391,1.0239193839135121,0.0,0.0,0.31406434700329855,1.0381333719699275,0.30276056991720196,0.003938313107937574,0.0076749287545681,0.007967599667608738,4096,0.24384650588035583,0.0,1.0003694295883179
300,D1,validation_test_seen,eval,scene_0111,128,2944,0,200582,0.006165369413793087,0.0032496259082108736,0.04597512260079384,0.045875683426856995,1.0021675791292655,1.0198120869486023,0.0,0.0,85341,0.00962341669946909,0.006523719057440758,0.028194425627589226,0.02907377853989601,0.969754433153568,0.9189516853661349,0.0,0.0,115241,0.0036045347806066275,0.0008250169339589775,0.05267692729830742,0.05075240507721901,1.0379198230736115,1.037719879508167,0.0,0.0,0.35608948980938393,0.7948140734957837,0.4467805301909534,0.00262447539716959,0.006728209555149078,0.005347675643861294,4096,0.24426142871379852,0.0,1.3442819118499756
300,D1,validation_test_seen,eval,scene_0112,128,3200,0,200135,0.006522010080516338,0.00030112292733974755,0.0541766956448555,0.05462484434247017,0.9917958814709841,1.008973479471508,0.0,0.0,68226,0.009020320139825344,-0.0007311608060263097,0.03918205201625824,0.04084191843867302,0.9593587547826093,1.020778675048404,0.0,0.0,131909,0.005229833070188761,0.0008350408170372248,0.056247346103191376,0.056647252291440964,0.9929404133109204,1.030127978283382,0.0,0.0,0.6284684222297973,1.1209670504338332,0.5606506196785876,0.004261709284037352,0.00982955377548933,0.011018605902791023,4096,0.24406708776950836,0.0,1.2020704746246338
300,D1,validation_test_seen,eval,scene_0113,128,3456,0,200704,0.008982921950519085,-0.004572458099573851,0.05663503333926201,0.05266651511192322,1.0753518287455544,1.046040285204671,0.0,0.0,67285,0.018204107880592346,-0.010117479600012302,0.04020768031477928,0.037633322179317474,1.0684063480549326,1.037256054051238,0.0,0.0,133419,0.004332554526627064,-0.00177602912299335,0.05487686023116112,0.0523630753159523,1.0480068235114335,1.0338252383685929,0.0,0.0,0.356415033527083,1.2857806120129374,0.2772249245835438,0.005020488053560257,0.010529140010476112,0.013538164086639881,4096,0.2428750842809677,0.0,1.6051629781723022
300,D1,validation_test_seen,eval,scene_0114,128,3712,0,199834,0.010203029960393906,0.0017106843879446387,0.050875477492809296,0.057798922061920166,0.88021498806338,0.7891517657715297,0.0,0.0,58958,0.024613691493868828,0.009190907701849937,0.03616819530725479,0.0569305457174778,0.6353038575590375,0.6992118608305607,0.0,0.0,140876,0.004172025714069605,-0.0014198633143678308,0.05295444652438164,0.053133003413677216,0.9966394354201025,1.0281723021343017,0.0,0.0,0.45039725072401793,0.9373858773973596,0.4810388460363618,0.004752530716359615,0.010604345239698887,0.009940363466739655,4096,0.24414631724357605,0.0,1.5748043060302734
300,D1,validation_test_seen,eval,scene_0115,128,3968,0,200648,0.011476793326437473,0.004479703493416309,0.04727726802229881,0.05591801553964615,0.8454747108966876,0.7989401772928775,0.0,0.0,51118,0.035723309963941574,0.02150661125779152,0.02199881337583065,0.05734998360276222,0.3835888346229814,0.3601163993681907,0.0,0.0,149530,0.0031879323069006205,-0.0013410800602287054,0.05172407627105713,0.04989656060934067,1.036626084832275,1.0295269575278116,0.0,0.0,0.13907214354299807,0.7112122900450908,0.19563876193341329,0.00443718396127224,0.011162856593728065,0.00793916080147028,4096,0.2446976900100708,0.0,1.5269861221313477
300,D1,validation_test_seen,eval,scene_0116,128,4224,0,200682,0.015257192775607109,0.011178658343851566,0.05257608741521835,0.06261704117059708,0.8396450300482479,0.8536605090205576,0.0,0.0,68868,0.035884786397218704,0.03133780509233475,0.03435762971639633,0.046667635440826416,0.7362196389821611,0.7049298553342177,0.0,0.0,131814,0.004480029456317425,0.0006462374003604054,0.05289580672979355,0.051975592970848083,1.0177047284378573,1.0292693034472427,0.0,0.0,0.22392059290925037,1.0694079761514648,0.2098993864228851,0.0046875667758286,0.010103420354425907,0.010804678313434124,4096,0.24384668469429016,0.0,1.7407574653625488
300,D1,validation_test_seen,eval,scene_0117,128,4480,0,200501,0.005128530785441399,0.0014250304084271193,0.05311454460024834,0.0538739413022995,0.9859041925707642,0.9721602658746715,0.0,0.0,53935,0.011221317574381828,0.0046988860704004765,0.03402415290474892,0.03975345194339752,0.8558792064949178,0.8953830299695549,0.0,0.0,146566,0.0028864387422800064,0.000220280431676656,0.05452082306146622,0.05313188582658768,1.0261413125709817,1.0300764965828666,0.0,0.0,0.7061988589989783,1.2851904952037645,0.5472112676104731,0.0029846620745956898,0.0057647996582090855,0.007408865727484226,4096,0.24468335509300232,0.0,1.2735105752944946
300,D1,validation_test_seen,eval,scene_0118,128,4736,0,200491,0.005937186069786549,-0.0007711530779488385,0.0574348159134388,0.057867057621479034,0.9925304356950785,0.9678838749297941,0.0,0.0,65199,0.011076502501964569,-0.0030329248402267694,0.04244421049952507,0.04918580502271652,0.8629361759947237,0.8517265036751775,0.0,0.0,135292,0.0034604815300554037,0.0003188247501384467,0.053380124270915985,0.05246668681502342,1.0174098558788929,1.0274303340799915,0.0,0.0,0.49610026599189966,1.099631208097138,0.44307191676793045,0.002998373005539179,0.005581997334957123,0.006138138473033905,4096,0.24381130933761597,0.0,1.2652806043624878
300,D1,validation_test_seen,eval,scene_0119,128,4992,0,199640,0.011693787761032581,0.0018548809457570314,0.053791943937540054,0.056304823607206345,0.9553700818388734,0.9148076132332545,0.0,0.0,70329,0.02372359111905098,0.004580778535455465,0.03265875205397606,0.04295191913843155,0.7603560611277645,0.7285671149224964,0.0,0.0,129311,0.005151082761585712,0.00037233380135148764,0.05328059196472168,0.051717229187488556,1.0302290513586008,1.0377603672300124,0.0,0.0,0.23205447064343143,1.1011939044198027,0.2093370523304658,0.004835103638470173,0.010213229805231094,0.01124674640595913,4096,0.2435055822134018,0.0,1.4622138738632202
300,D1,validation_test_seen,eval,scene_0120,128,5248,0,200686,0.006672114599496126,-0.0006462009041570127,0.052285317331552505,0.0505831353366375,1.0336511761002312,1.0235291393268902,0.0,0.0,62231,0.014091560617089272,-0.001976756379008293,0.03255876526236534,0.03299010917544365,0.9869250534824122,0.9792289279675017,0.0,0.0,138455,0.0033373157493770123,-4.815966167370789e-05,0.0542423389852047,0.052198220044374466,1.0391607020142162,1.0305179804024713,0.0,0.0,0.5220086091515462,1.4516917300598062,0.3591983340738021,0.004769227467477322,0.009270037524402142,0.013457236811518669,4096,0.24409371614456177,0.0,1.4575406312942505
300,D1,validation_test_seen,eval,scene_0121,128,5504,0,199742,0.008160939440131187,0.0033647571690380573,0.049412187188863754,0.05205470323562622,0.9492357869220561,0.9471195957734955,0.0,0.0,68418,0.016626009717583656,0.01026393473148346,0.031841713935136795,0.03979155048727989,0.8002129483573551,0.7386171479661126,0.0,0.0,131324,0.0037507545202970505,-0.00022962034563533962,0.052957456558942795,0.05136334151029587,1.0310360463664028,1.0306898667590947,0.0,0.0,0.38472038053774843,1.1239697817381853,0.3431979863492448,0.0038284144829958677,0.008635847829282284,0.00970643199980259,4096,0.2443099021911621,0.0,1.242691993713379
300,D1,validation_test_seen,eval,scene_0122,128,5760,0,200023,0.005835446063429117,0.0020357707981020212,0.06219898909330368,0.06293501704931259,0.9883049534183458,0.9876025530549053,0.0,0.0,78065,0.008453592658042908,0.003975566942244768,0.04286725074052811,0.04501315951347351,0.9523270795443034,1.0008530132855828,0.0,0.0,121958,0.004159578122198582,0.000794112216681242,0.05781805142760277,0.056563809514045715,1.0221739293080252,1.020424458570228,0.0,0.0,0.6288276275621114,1.000023650175928,0.627466139548319,0.0024718258064240217,0.007186685223132372,0.007186855189502239,4096,0.24256980419158936,0.0,1.2283837795257568
300,D1,validation_test_seen,eval,scene_0123,128,6016,0,200684,0.012617220170795918,0.007378541864454746,0.051015451550483704,0.05883701890707016,0.8670638400470256,0.7832202176491191,0.0,0.0,72385,0.02878018096089363,0.020144406706094742,0.030498048290610313,0.04689929634332657,0.6502879716435227,0.6345655044342562,0.0,0.0,128299,0.0034982417710125446,0.00017617063713259995,0.05337530001997948,0.051957398653030396,1.0272896912414298,1.028240029096795,0.0,0.0,0.5107806449833778,0.8116032277663534,0.6305070607583039,0.004298587795346975,0.012482126243412495,0.010130533948540688,4096,0.24384163320064545,0.0,1.2699638605117798
300,D1,validation_test_seen,eval,scene_0124,128,6272,0,200223,0.007492163684219122,-0.0003023986064363271,0.04989796131849289,0.04967567324638367,1.0044747873069924,1.0108450437444032,0.0,0.0,71991,0.013917154632508755,0.0006599482730962336,0.03311244025826454,0.034191593527793884,0.9684380528023032,0.9678290992743843,0.0,0.0,128232,0.003885095240548253,-0.0008426720160059631,0.05224810540676117,0.05110533535480499,1.0223610713836893,1.0265127109933254,0.0,0.0,0.44311378319406447,1.0789519959164062,0.41341936947440605,0.00413146335631609,0.008394596166908741,0.009057366289198399,4096,0.2439321130514145,0.0,1.2731268405914307
300,D1,validation_test_seen,eval,scene_0125,128,6528,0,200704,0.018197553232312202,0.014603887684643269,0.04801272973418236,0.0626876950263977,0.7659035750790368,0.6822435803978512,0.0,0.0,61232,0.05102381855249405,0.046687208116054535,0.029180817306041718,0.055785808712244034,0.523086748756535,0.526305544075824,0.0,0.0,139472,0.00378593010827899,0.0005184345063753426,0.05207192897796631,0.05128074064850807,1.015428566737779,1.024638205924701,0.0,0.0,0.2902653570544552,0.7208514553624982,0.40047705062895417,0.004655697848647833,0.011862926185131073,0.008551407605409622,4096,0.24440884590148926,0.0,1.6908223628997803
300,D1,validation_test_seen,eval,scene_0126,128,6784,0,200700,0.0053056832402944565,-0.00036072125658392906,0.05279908701777458,0.05136072263121605,1.0280051430912758,1.009540915110075,0.0,0.0,60523,0.010883783921599388,-0.0005761419888585806,0.03302894905209541,0.03332030400633812,0.9912559334936655,0.9709476564574115,0.0,0.0,140177,0.002897274913266301,-0.00026771071134135127,0.055383361876010895,0.053400807082653046,1.0371259331397236,1.0323980969433553,0.0,0.0,0.6364112258889764,1.1596478207701266,0.5513540144357888,0.0031739049591124058,0.007858054712414742,0.009112576022744179,4096,0.24449650943279266,0.0,1.1874674558639526
300,D1,validation_test_seen,eval,scene_0127,128,7040,0,200161,0.008097581565380096,-0.0020296017173677683,0.053532615303993225,0.05238356813788414,1.0219352596043965,1.0378404991487207,0.0,0.0,42698,0.02248111367225647,-0.003898210357874632,0.03565867617726326,0.03676766902208328,0.9698378256137493,0.9327258353039238,0.0,0.0,157463,0.004197312984615564,-0.0015229058917611837,0.054318320006132126,0.05304429680109024,1.0240180996237789,1.0305767796416312,0.0,0.0,0.358012450853917,1.1847896048835536,0.293627405135134,0.004936239216476679,0.009289361536502838,0.011005938984453678,4096,0.2441728562116623,0.0,1.3592345714569092
300,D1,validation_test_seen,eval,scene_0128,128,7296,0,200671,0.0078575499355793,0.003207176923751831,0.053318239748477936,0.05794762074947357,0.9201109391357074,0.8530771906530604,0.0,0.0,61355,0.017786644399166107,0.011117345653474331,0.038278356194496155,0.050289787352085114,0.7611556582354302,0.8513309084584911,0.0,0.0,139316,0.0034847615752369165,-0.0002764748642221093,0.052643172442913055,0.051738664507865906,1.0174822435725923,0.9867704956223698,0.0,0.0,0.36475974940971734,1.0344704187791958,0.3524090482962928,0.0034744380973279476,0.007903825491666794,0.008176273666322231,4096,0.24441756308078766,0.0,1.308191180229187
300,D1,validation_test_seen,eval,scene_0129,128,7552,0,200043,0.004784435965120792,-0.0006433557136915624,0.05549859628081322,0.05616459250450134,0.9881420625702083,1.0108639767729335,0.0,0.0,59425,0.007275691721588373,-0.0009002864244394004,0.042209893465042114,0.04574619233608246,0.922697416102737,0.987492324845308,0.0,0.0,140618,0.0037316340021789074,-0.0005347770638763905,0.05639609321951866,0.056242913007736206,1.0027235469073479,1.0315792837796558,0.0,0.0,0.7471381725594934,1.2302370771207098,0.6049851760890655,0.002088079694658518,0.00458768755197525,0.005643943324685097,4096,0.2444128394126892,0.0,1.1581999063491821
300,D1,validation_test_seen,eval,scene_0100,192,192,0,198401,0.00741230696439743,0.0008545088930986822,0.08823296427726746,0.08828484266996384,0.9994123748638221,0.9905543668331659,0.0,0.0,54212,0.012763981707394123,0.00028331662178970873,0.04662823677062988,0.05435025691986084,0.8579211840595891,0.9007126834594462,0.0,0.0,144189,0.005400191526859999,0.0010692651849240065,0.0895027294754982,0.08812298625707626,1.015657018412845,1.0195942116311405,0.0,0.0,0.5071369550571655,1.018339691415324,0.4650990524221104,0.003352516330778599,0.007397410459816456,0.00753307668492198,4096,0.2407543659210205,0.0,1.4115097522735596
300,D1,validation_test_seen,eval,scene_0129,192,7616,0,199019,0.006502083968371153,-0.0008926743757911026,0.08724523335695267,0.08601099997758865,1.0143497154978505,0.993125279991258,0.0,0.0,57613,0.01015604566782713,-0.004514305852353573,0.05297502130270004,0.05941979959607124,0.8915382021282124,0.9018273843191471,0.0,0.0,141406,0.005013350863009691,0.0005828858120366931,0.08879486471414566,0.08663759380578995,1.024899940240625,1.022524852661412,0.0,0.0,0.6754810524681849,1.527437257511172,0.4222559968330301,0.003123852191492915,0.00579006876796484,0.008843966759741306,4096,0.2407902181148529,0.0,1.1700737476348877
400,D1,train,train,scene_0000,128,128,0,199291,0.007756556384265423,-0.0022445416543632746,0.0482596755027771,0.05072623863816261,0.9513750043053684,0.9554367368288531,0.0,0.0,97957,0.009984630160033703,-0.0012018870329484344,0.03937748447060585,0.04420310631394386,0.890830707483203,0.88513986388141,0.0,0.0,101334,0.005602732766419649,-0.003252449445426464,0.05336057394742966,0.05377337336540222,0.9923233490454932,1.0215953822425818,0.0,0.0,0.5728934644763298,0.8033079237482053,0.711078014307292,0.002525359857827425,0.008893096819519997,0.0071438951417803764,4096,0.24375174939632416,0.0,0.8379670977592468
400,D1,train,train,scene_0006,128,1664,0,200073,0.011869160458445549,0.006267648655921221,0.053401049226522446,0.06395228207111359,0.8350139744370906,0.7663740637584611,0.0,0.0,62719,0.029264910146594048,0.02493254840373993,0.03394818678498268,0.05385834351181984,0.6303236336545025,0.6001377426075883,0.0,0.0,137354,0.003925859462469816,-0.0022551759611815214,0.05358687415719032,0.0529913492500782,1.0112381533125663,1.0198434437051813,0.0,0.0,0.3457339260689132,0.8234627263093016,0.4211753901042058,0.003576101968064904,0.008401311933994293,0.006918167229741812,4096,0.24404634535312653,0.0,1.1887869834899902
400,D1,train,train,scene_0013,128,3456,0,200704,0.029770705848932266,0.025212353095412254,0.04895772412419319,0.0688348039984703,0.7112350334473411,0.6812968304774943,0.0,0.0,89703,0.062085166573524475,0.05747992917895317,0.03439026325941086,0.04699346423149109,0.7318094935500707,0.7395181998912519,0.0,0.0,111001,0.0036564848851412535,-0.0008639686275273561,0.05222870409488678,0.05120379477739334,1.0200162765660084,1.0231766077754065,0.0,0.0,0.3806917478802486,0.8465163228779875,0.44634160554297747,0.003999665379524231,0.00777825340628624,0.006584418471902609,4096,0.24375800788402557,0.0,1.3073651790618896
400,D1,train,train,scene_0019,128,4992,0,200704,0.011060040444135666,0.004624640569090843,0.04959115386009216,0.055892203003168106,0.887264255038958,0.9126171833967185,0.0,0.0,58792,0.02820035256445408,0.019495101645588875,0.028485283255577087,0.04431021586060524,0.6428604036863296,0.5792451090875973,0.0,0.0,141912,0.00395906763151288,-0.0015359679237008095,0.05304713174700737,0.05229644477367401,1.0143544551944619,1.0249204206953024,0.0,0.0,0.24346593527858898,0.6382908743579798,0.3855469400533091,0.004518318921327591,0.011479240842163563,0.007327094674110413,4096,0.2443958967924118,0.0,1.4308583736419678
400,D1,train,train,scene_0026,128,6784,0,200606,0.006083422806113958,-0.003063182346522808,0.05386066809296608,0.05439907684922218,0.9901026122603439,0.960041575988727,0.0,0.0,73365,0.009412041865289211,-0.0035287372302263975,0.03511594235897064,0.03955148905515671,0.8878538633526426,0.8806638226281319,0.0,0.0,127241,0.004164197947829962,-0.002794751198962331,0.05476902425289154,0.05409681051969528,1.0124261250661262,1.019036668342479,0.0,0.0,0.570085399310691,0.7934335915584462,0.7150747307629938,0.0028176975902169943,0.00924619846045971,0.007336244452744722,4096,0.243900865316391,0.0,0.8633384108543396
400,D1,train,train,scene_0033,128,8576,0,199769,0.012578465975821018,0.004406818188726902,0.0556669645011425,0.06836948543787003,0.8142077440633835,0.6872129386220496,0.0,0.0,68040,0.02818097360432148,0.01795293018221855,0.03544703125953674,0.06265620142221451,0.5657385933863706,0.5658761988902519,0.0,0.0,131729,0.004519538022577763,-0.0025899505708366632,0.055862460285425186,0.05706477537751198,0.9789306961407825,1.0290968681290455,0.0,0.0,0.3709409471391273,0.7552980333127626,0.4972023144098766,0.0042117005214095116,0.010004051961004734,0.007556040771305561,4096,0.24357257783412933,0.0,1.4711874723434448
400,D1,train,train,scene_0039,128,10112,0,200702,0.012975882738828659,0.005678592715412378,0.04897087812423706,0.0558958500623703,0.8761093725132341,0.8623906020203969,0.0,0.0,79754,0.02664680778980255,0.017233703285455704,0.03723643347620964,0.05079520866274834,0.7330698004104806,0.7352568277835189,0.0,0.0,120948,0.003961173351854086,-0.0019409304950386286,0.052583638578653336,0.051167383790016174,1.0276788587520769,1.0368475027699824,0.0,0.0,0.4735949337994325,0.705230182005816,0.6737485979003243,0.0034109712578356266,0.010834875516593456,0.007641081232577562,4096,0.24376749992370605,0.0,0.7680338621139526
400,D1,train,train,scene_0046,128,11904,0,200574,0.008396554738283157,0.0011599534191191196,0.05181415006518364,0.053314391523599625,0.9718604786523372,0.980303356875886,0.0,0.0,61885,0.018601810559630394,0.00942568015307188,0.02920536696910858,0.02987593784928322,0.9775548174066534,0.9921420138003803,0.0,0.0,138689,0.003842823440209031,-0.0025283319409936666,0.055927250534296036,0.05511162057518959,1.0147996003491435,1.022210818833486,0.0,0.0,0.4285683630001031,0.8911256973643985,0.48250455536212156,0.0030505794566124678,0.00677051255479455,0.006033377721905708,4096,0.24421201646327972,0.0,1.1013188362121582
400,D1,train,train,scene_0052,128,13440,0,200635,0.0073944637551903725,-0.00018903016461990774,0.05354868620634079,0.053535621613264084,1.0002440355165965,1.0309281934987877,0.0,0.0,91160,0.011415495537221432,0.002116119023412466,0.03439502418041229,0.03297131881117821,1.043180115948271,1.0558316606191616,0.0,0.0,109475,0.004046143498271704,-0.0021085315383970737,0.05638296157121658,0.05531821399927139,1.019247685255334,1.0245979647582657,0.0,0.0,0.3580082782786923,0.7279254917336303,0.4841814948602367,0.0024238869082182646,0.006577382795512676,0.004787844605743885,4096,0.24307160079479218,0.0,0.8068958520889282
400,D1,train,train,scene_0059,128,15232,0,199735,0.012736788019537926,0.00669439323246479,0.0568598248064518,0.06833288073539734,0.8321005084891387,0.779535654961942,0.0,0.0,85876,0.021837925538420677,0.01737549901008606,0.03534770756959915,0.05037938058376312,0.7016304519827987,0.6566544227342567,0.0,0.0,113859,0.005872425157576799,-0.0013616295764222741,0.05806761980056763,0.06215624138712883,0.9342202569634807,1.0088112383246537,0.0,0.0,0.3664751800223714,0.6555665248654832,0.5563492975363037,0.0033375336788594723,0.009780775755643845,0.006411949172616005,4096,0.242853045463562,0.0,1.1839869022369385
400,D1,train,train,scene_0066,128,17024,0,200531,0.010317740961909294,0.003339326474815607,0.044130146503448486,0.04653300344944,0.9483623070107151,1.0015713951070842,0.0,0.0,53207,0.02906554564833641,0.0187281034886837,0.028208104893565178,0.03818947449326515,0.7386355865813178,0.7786055398666106,0.0,0.0,147324,0.0035468516871333122,-0.0022184273693710566,0.048582859337329865,0.047568727284669876,1.0213193017881481,1.019949467596965,0.0,0.0,0.23565654129398053,0.6628622936585161,0.3577382581276042,0.004369369708001614,0.009781885892152786,0.0064840433187782764,4096,0.24536675214767456,0.0,1.0591927766799927
400,D1,train,train,scene_0072,128,18560,0,200356,0.008930698968470097,0.00013121312076691538,0.05398573726415634,0.05605534091591835,0.9630792781214842,0.9972622335773567,0.0,0.0,66762,0.01833210699260235,0.005528503097593784,0.03617767244577408,0.04116056486964226,0.8789401350625466,0.75504109320527,0.0,0.0,133594,0.004232459701597691,-0.0025660183746367693,0.05505429580807686,0.05397564545273781,1.0199840195757093,1.0356118122281273,0.0,0.0,0.4085736780721186,0.6768677016721057,0.602443695499894,0.004062829073518515,0.011699389666318893,0.007918938994407654,4096,0.24399825930595398,0.0,1.10015070438385
400,D1,train,train,scene_0079,128,20352,0,200683,0.015187512151896954,0.010521311312913895,0.05347786843776703,0.06036735698580742,0.8858739409502369,0.8769687770426712,0.0,0.0,98725,0.02547302283346653,0.02168271876871586,0.03503338620066643,0.039067342877388,0.8967435105739836,0.9033222321697909,0.0,0.0,101958,0.0052281455136835575,-0.0002861784305423498,0.05738629028201103,0.05715063586831093,1.0041233909320468,1.0165929252776502,0.0,0.0,0.3127739897539534,0.9574849314546052,0.3274622478772156,0.0027494400274008512,0.005860729143023491,0.005611559841781855,4096,0.24270696938037872,0.0,1.2294886112213135
400,D1,train,train,scene_0085,128,21888,0,200633,0.012730002403259277,0.007294121664017439,0.04627446457743645,0.050385165959596634,0.9184144518754485,0.8806517859723145,0.0,0.0,90883,0.02155216597020626,0.01586647517979145,0.03209774196147919,0.038099657744169235,0.8424679869044603,0.842778748092276,0.0,0.0,109750,0.005424447823315859,0.00019543115922715515,0.053396452218294144,0.053024355322122574,1.0070174713848208,1.0125963138555023,0.0,0.0,0.48195035986191836,0.8808340841726682,0.550441504710715,0.0037961904890835285,0.008934836834669113,0.00787010882049799,4096,0.24412553012371063,0.0,1.046315312385559
400,D1,train,train,scene_0092,128,23680,0,200680,0.006261943839490414,-0.00016555405454710126,0.051232241094112396,0.05243854597210884,0.976995836638223,1.0040590370217886,0.0,0.0,55656,0.01256579626351595,0.005365097429603338,0.03400958701968193,0.037250760942697525,0.9129903969478245,0.8812990908788104,0.0,0.0,145024,0.0038427081890404224,-0.002288057701662183,0.05351976305246353,0.05279667675495148,1.0136956782501323,1.0268594413256866,0.0,0.0,0.4700701631207122,0.9059897728942494,0.5166567873937269,0.0042568594217300415,0.009336077608168125,0.008458390831947327,4096,0.24462071061134338,0.0,1.0686861276626587
400,D1,train,train,scene_0099,128,25472,0,200699,0.011787435971200466,0.002547083655372262,0.05217811092734337,0.05544103682041168,0.9411460160162985,0.9436244620167743,0.0,0.0,77958,0.022832391783595085,0.009511349722743034,0.039571985602378845,0.0436473973095417,0.906628757763938,0.8560075596522819,0.0,0.0,122741,0.004772316198796034,-0.0018762161489576101,0.05183693766593933,0.05100555345416069,1.0162998762973097,1.0271784988632544,0.0,0.0,0.2752852172972416,0.7566008285863689,0.36384386323148055,0.003932597581297159,0.0100361043587327,0.00759332487359643,4096,0.24350005388259888,0.0,1.2562390565872192
400,D1,validation_test_seen,train,scene_0100,128,128,0,199556,0.004688757471740246,-0.0023649828508496284,0.05286788567900658,0.052054379135370255,1.0156280135725133,1.0132292712502904,0.0,0.0,57517,0.007512230426073074,-0.0035197800025343895,0.03621417656540871,0.037038180977106094,0.97775256802685,1.0068920623453488,0.0,0.0,142039,0.0035454253666102886,-0.0018973610131070018,0.05414235219359398,0.053139571100473404,1.0188707035520586,1.0203583589335221,0.0,0.0,0.5405807467417848,0.9825760972101394,0.5494464874837764,0.002408897038549185,0.005813529249280691,0.005712234880775213,4096,0.24452394247055054,0.0,1.1277729272842407
400,D1,validation_test_seen,train,scene_0101,128,384,0,200668,0.005522776395082474,-0.002411251189187169,0.05607381835579872,0.05655544623732567,0.9914839699167809,1.0014586107077863,0.0,0.0,66409,0.010145776905119419,-0.00444409903138876,0.04740425944328308,0.053048230707645416,0.8936067953808511,0.9125409685714384,0.0,0.0,134259,0.0032360870391130447,-0.0014057365478947759,0.04981863126158714,0.04894638806581497,1.0178203791993665,1.0302375954434484,0.0,0.0,0.6383073660565238,1.0583406632420442,0.5978261133602255,0.0024123904295265675,0.0050209034234285355,0.005313826259225607,4096,0.24418897926807404,0.0,0.9754133820533752
400,D1,validation_test_seen,train,scene_0102,128,640,0,200285,0.007764940615743399,0.0015986039070412517,0.05001915246248245,0.05198422446846962,0.9621986857343797,0.9505380752397893,0.0,0.0,48268,0.021914390847086906,0.011412044987082481,0.03631952032446861,0.03879689425230026,0.9361450452265321,0.940269530134602,0.0,0.0,152017,0.003272248664870858,-0.0015173318097367883,0.05080237612128258,0.050269003957509995,1.0106103587058024,1.020551638904556,0.0,0.0,0.3420021987251951,0.7657207549836899,0.4466082178358192,0.003703807946294546,0.008749539032578468,0.006699703633785248,4096,0.24498897790908813,0.0,1.4314762353897095
400,D1,validation_test_seen,train,scene_0103,128,896,0,200682,0.007049383129924536,-0.0010570447193458676,0.05225920304656029,0.05294144153594971,0.9871133374990149,0.9772113511683655,0.0,0.0,54316,0.01553313061594963,0.0009326167055405676,0.030899910256266594,0.03799759969115257,0.8132069001048343,0.8771746061597292,0.0,0.0,146366,0.003901090007275343,-0.0017954024951905012,0.053863391280174255,0.052473071962594986,1.0264958628412368,1.0351655429123472,0.0,0.0,0.45249294616278823,0.7449925873950696,0.6100666854620278,0.004486435558646917,0.011807683855295181,0.008796636946499348,4096,0.24447442591190338,0.0,1.4001573324203491
400,D1,validation_test_seen,train,scene_0104,128,1152,0,200697,0.005427113734185696,-0.004116639029234648,0.049739349633455276,0.0484677329659462,1.0262363553996332,1.0330911411125832,0.0,0.0,52465,0.011049442924559116,-0.008438043296337128,0.02687354013323784,0.0303192138671875,0.8863534605797055,0.8952959662848073,0.0,0.0,148232,0.003437155159190297,-0.0025871279649436474,0.053518496453762054,0.05203025043010712,1.0286034760807872,1.0411158558305411,0.0,0.0,0.4825461551008955,0.8500806629471753,0.5652087959834617,0.002758875023573637,0.007778441533446312,0.006612302735447884,4096,0.24455435574054718,0.0,0.9916107058525085
400,D1,validation_test_seen,train,scene_0105,128,1408,0,200704,0.008302237838506699,-0.001271540648303926,0.049876514822244644,0.05086847394704819,0.9804995304982782,0.9872370540677793,0.0,0.0,55002,0.017091527581214905,0.006262929644435644,0.03585321828722954,0.03774315118789673,0.9499264676852619,0.9409278438337284,0.0,0.0,145702,0.004984310828149319,-0.004115776624530554,0.05134205520153046,0.05001714453101158,1.0264891305359787,1.0322493989694153,0.0,0.0,0.4874612811512946,0.7864869263572557,0.6215996242328975,0.003562445752322674,0.01031164824962616,0.008109976537525654,4096,0.24449986219406128,0.0,1.2920646667480469
400,D1,validation_test_seen,train,scene_0106,128,1664,0,200309,0.009281178936362267,0.002449697582051158,0.055178217589855194,0.057935118675231934,0.9524139908846799,1.0118242003397464,0.0,0.0,98174,0.013990657404065132,0.006575901061296463,0.03975117206573486,0.040384773164987564,0.9843108912197132,0.9468726911540927,0.0,0.0,102135,0.004754345398396254,-0.0015164829092100263,0.05320724472403526,0.053902383893728256,0.9871037397703318,1.037453262709885,0.0,0.0,0.5999032171794054,0.9358916458479432,0.6335539712482576,0.002318337094038725,0.005968934390693903,0.005586275830864906,4096,0.2428072988986969,0.0,1.2896288633346558
400,D1,validation_test_seen,train,scene_0107,128,1920,0,199994,0.01683114282786846,0.01179119385778904,0.047778401523828506,0.058338407427072525,0.8189870726854374,0.7307027312927571,0.0,0.0,66108,0.04405723512172699,0.03822322189807892,0.03558046743273735,0.04761239513754845,0.7472942146671722,0.7401754164626035,0.0,0.0,133886,0.0033878919202834368,-0.0012599750189110637,0.05106811970472336,0.05165746808052063,0.9885912260570218,1.0184521617168771,0.0,0.0,0.3200620119409516,0.7191195254229125,0.44941831460680837,0.0041202763095498085,0.010132870636880398,0.007286745123565197,4096,0.24443596601486206,0.0,1.9423328638076782
400,D1,validation_test_seen,train,scene_0108,128,2176,0,199879,0.008193711750209332,0.0002044759748969227,0.053051989525556564,0.05443450063467026,0.9746023001406364,1.0108460806650592,0.0,0.0,82022,0.013308493420481682,0.0025114549789577723,0.03867295756936073,0.037817005068063736,1.0226340636905655,1.029908504379438,0.0,0.0,117857,0.004634105134755373,-0.0014010547893121839,0.05243036150932312,0.05369402468204498,0.9764654786039083,1.035872666650718,0.0,0.0,0.4301204581781105,0.9685094830867005,0.44851212831854803,0.003282492980360985,0.007075968664139509,0.006853142753243446,4096,0.2434992641210556,0.0,1.2944411039352417
400,D1,validation_test_seen,train,scene_0109,128,2432,0,199635,0.016455406323075294,0.008836486376821995,0.04598430544137955,0.054467979818582535,0.8442447396532842,0.9053052558009791,0.0,0.0,90009,0.029630443081259727,0.019564172253012657,0.03925330191850662,0.04967711120843887,0.7901687711631366,0.8509628682534748,0.0,0.0,109626,0.005637974478304386,2.8463906346587464e-05,0.048588380217552185,0.05085480585694313,0.9554334029753943,1.050649482414768,0.0,0.0,0.3535306207105825,0.6857285558581866,0.510737521998047,0.0035475098993629217,0.008185934275388718,0.005613328889012337,4096,0.2438589334487915,0.0,1.2542688846588135
400,D1,validation_test_seen,train,scene_0110,128,2688,0,200090,0.009512615390121937,0.002729271072894335,0.04919061064720154,0.05254792049527168,0.9361095583530801,0.9608452931058067,0.0,0.0,68702,0.019384464249014854,0.010388522408902645,0.03259078785777092,0.03589851036667824,0.9078590594673361,0.8317578410026673,0.0,0.0,131388,0.004350684583187103,-0.0012757054064422846,0.05228397622704506,0.053071681410074234,0.9851577119454209,1.0233191087655877,0.0,0.0,0.35596003302858364,0.8332398361730745,0.4318240061684245,0.0033290195278823376,0.0076749287545681,0.006395056378096342,4096,0.24428772926330566,0.0,0.9501746892929077
400,D1,validation_test_seen,train,scene_0111,128,2944,0,200582,0.008435237221419811,0.0033928239718079567,0.04711781069636345,0.045875683426856995,1.0270759403832506,1.0347149178153936,0.0,0.0,85341,0.01445784792304039,0.00941486470401287,0.03347345441579819,0.02907377853989601,1.1513279696295682,1.077066426102306,0.0,0.0,115241,0.003975230734795332,-0.0010667607421055436,0.053103867918252945,0.05075240507721901,1.0463320474656566,1.0505032276947057,0.0,0.0,0.32498448448601536,0.7641542641839554,0.42437604556281333,0.002798817353323102,0.006728209555149078,0.005141390021890402,4096,0.24417223036289215,0.0,1.2080254554748535
400,D1,validation_test_seen,train,scene_0112,128,3200,0,200135,0.006931612733751535,-0.0005093026557005942,0.05328290909528732,0.05462484434247017,0.9754336096818951,0.9969158320929669,0.0,0.0,68226,0.009951039217412472,-0.00047555999481119215,0.03897159919142723,0.04084191843867302,0.9542058914285771,0.9732511749565135,0.0,0.0,131909,0.005369903519749641,-0.0005267549422569573,0.05538676306605339,0.056647252291440964,0.9777484489644341,1.0291046335902978,0.0,0.0,0.4613816535213187,0.7444498281901876,0.6199932839003834,0.003487883834168315,0.00982955377548933,0.007317609619349241,4096,0.244073748588562,0.0,1.2152011394500732
400,D1,validation_test_seen,train,scene_0113,128,3456,0,200704,0.00886502955108881,-2.0107139789615758e-05,0.052058737725019455,0.05266651511192322,0.9884598898254012,0.9107116921168359,0.0,0.0,67285,0.01955864392220974,0.0027774590998888016,0.03557286411523819,0.037633322179317474,0.9452491051876448,0.9886145432915091,0.0,0.0,133419,0.0034720946568995714,-0.0014309575781226158,0.053354665637016296,0.0523630753159523,1.0189368236124572,1.024163884783013,0.0,0.0,0.3063345998427692,0.8288519171686755,0.36910388154320084,0.004539732821285725,0.010529140010476112,0.008727097883820534,4096,0.2439216524362564,0.0,1.6993958950042725
400,D1,validation_test_seen,train,scene_0114,128,3712,0,199834,0.011087466962635517,0.0026759670581668615,0.048999059945344925,0.057798922061920166,0.8477504112075321,0.7778091300988518,0.0,0.0,58958,0.027571486309170723,0.014848713763058186,0.036531832069158554,0.0569305457174778,0.6416912328655793,0.7157546186105099,0.0,0.0,140876,0.0041887396946549416,-0.0024184472858905792,0.05141532048583031,0.053133003413677216,0.9676720151790864,1.0250838293833526,0.0,0.0,0.3504509218448025,0.6817153272138896,0.5149036738193135,0.004196540918201208,0.010604345239698887,0.007229144684970379,4096,0.24444308876991272,0.0,1.457817792892456
400,D1,validation_test_seen,train,scene_0115,128,3968,0,200648,0.013851839117705822,0.006284343544393778,0.04641254246234894,0.05591801553964615,0.830010543372059,0.7948533505871953,0.0,0.0,51118,0.044996265321969986,0.030603162944316864,0.024132132530212402,0.05734998360276222,0.42078708683449556,0.440536009560324,0.0,0.0,149530,0.0032048719003796577,-0.002029234543442726,0.051312342286109924,0.04989656060934067,1.0283743340117961,1.0312889688335065,0.0,0.0,0.1854694996286522,0.5435860893343633,0.3418344365604368,0.003833738388493657,0.011162856593728065,0.0060679735615849495,4096,0.24497534334659576,0.0,1.5963969230651855
400,D1,validation_test_seen,train,scene_0116,128,4224,0,200682,0.017026960849761963,0.01153581403195858,0.053059689700603485,0.06261704117059708,0.8473682037457654,0.8495783669910721,0.0,0.0,68868,0.04020494222640991,0.03465767577290535,0.039577532559633255,0.046667635440826416,0.8480723779077416,0.8264986332777228,0.0,0.0,131814,0.004917311016470194,-0.0005445136339403689,0.05306612327694893,0.051975592970848083,1.0209815846971193,1.0337231396504591,0.0,0.0,0.2576827811603607,0.8212584914086923,0.3140338873773791,0.004206100944429636,0.010103420354425907,0.008297519758343697,4096,0.24383704364299774,0.0,1.6156948804855347
400,D1,validation_test_seen,train,scene_0117,128,4480,0,200501,0.006156482268124819,2.9942179935460445e-06,0.05318212881684303,0.0538739413022995,0.987158680639782,0.9726739288153521,0.0,0.0,53935,0.013469249941408634,0.0035069247242063284,0.035768523812294006,0.03975345194339752,0.8997589407637503,0.8618357192838478,0.0,0.0,146566,0.0034654478076845407,-0.001286421320401132,0.054263513535261154,0.05313188582658768,1.021298466844691,1.0308098322209123,0.0,0.0,0.7169816326185197,1.1210339768460154,0.6342091747186438,0.002891882322728634,0.0057647996582090855,0.006462536286562681,4096,0.24453206360340118,0.0,1.1762561798095703
400,D1,validation_test_seen,train,scene_0118,128,4736,0,200491,0.005234015639871359,-0.0006533685373142362,0.05632256716489792,0.057867057621479034,0.9733096770414013,0.9183652537881845,0.0,0.0,65199,0.009192241355776787,0.0002334567398065701,0.04334487020969391,0.04918580502271652,0.8812475507857405,0.9099908613014185,0.0,0.0,135292,0.0033264944795519114,-0.0010807412909343839,0.052912335842847824,0.05246668681502342,1.0084939426305988,1.0284568139401244,0.0,0.0,0.5345804285840113,1.0145762396840377,0.5158867197670457,0.002755135530605912,0.005581997334957123,0.005663361866027117,4096,0.2439505010843277,0.0,1.2052892446517944
400,D1,validation_test_seen,train,scene_0119,128,4992,0,199640,0.010643101297318935,0.005275068338960409,0.05140506848692894,0.056304823607206345,0.9129780575380348,0.8841760926076927,0.0,0.0,70329,0.02257576957345009,0.015154427848756313,0.0368260033428669,0.04295191913843155,0.8573773671015449,0.8044986598270348,0.0,0.0,129311,0.004153222776949406,-9.806752495933324e-05,0.05172235146164894,0.051717229187488556,1.0000990438629613,1.0303130510113807,0.0,0.0,0.25916073089126107,0.8048373700983333,0.32580397170658637,0.003954004961997271,0.010213229805231094,0.008219989016652107,4096,0.24415545165538788,0.0,1.4181855916976929
400,D1,validation_test_seen,train,scene_0120,128,5248,0,200686,0.006709858775138855,0.0011453722836449742,0.05038262903690338,0.0505831353366375,0.9960361037646298,1.0168695272202986,0.0,0.0,62231,0.014667898416519165,0.005132549908012152,0.03267038241028786,0.03299010917544365,0.9903084053630904,0.9883607605437892,0.0,0.0,138455,0.0031329793855547905,-0.0006467336788773537,0.053268857300281525,0.052198220044374466,1.0205109916582769,1.02367684679405,0.0,0.0,0.5255535464476715,1.0124799733805576,0.5168252677064135,0.0040860865265131,0.009270037524402142,0.009385727345943451,4096,0.2444876730442047,0.0,1.4352573156356812
400,D1,validation_test_seen,train,scene_0121,128,5504,0,199742,0.008521191775798798,0.0028635351918637753,0.049549903720617294,0.05205470323562622,0.9518813986188545,0.9474541077632954,0.0,0.0,68418,0.01775926724076271,0.011694635264575481,0.03710786625742912,0.03979155048727989,0.9325564297699669,0.9000367077397603,0.0,0.0,131324,0.0037082803901284933,-0.0017373465234413743,0.051963627338409424,0.05136334151029587,1.0116870478139206,1.0194739848122434,0.0,0.0,0.43253693311177505,0.9493120159229201,0.45822543725415665,0.0035569919273257256,0.008635847829282284,0.008198114112019539,4096,0.24423889815807343,0.0,1.1872804164886475
400,D1,validation_test_seen,train,scene_0122,128,5760,0,200023,0.007820689119398594,0.0039027549792081118,0.05837402865290642,0.06293501704931259,0.9275286063268654,0.9267331444365521,0.0,0.0,78065,0.013402530923485756,0.009749489836394787,0.038862019777297974,0.04501315951347351,0.863347967513048,0.8762961925555053,0.0,0.0,121958,0.004247767385095358,0.0001602756674401462,0.05587620288133621,0.056563809514045715,0.9878437000863819,1.0238430168617267,0.0,0.0,0.45576784736973897,0.7341005536797762,0.6188563455299937,0.002292392775416374,0.007186685223132372,0.00527574960142374,4096,0.24325034022331238,0.0,1.1713489294052124
400,D1,validation_test_seen,train,scene_0123,128,6016,0,200684,0.014972113072872162,0.008555709384381771,0.05075705423951149,0.05883701890707016,0.8626720928821949,0.7768302312291461,0.0,0.0,72385,0.034167032688856125,0.024665549397468567,0.03194247558712959,0.04689929634332657,0.6810864571036315,0.747304776905447,0.0,0.0,128299,0.004142532590776682,-0.000533300160896033,0.053971584886312485,0.051957398653030396,1.0387661100343524,1.0412314075088058,0.0,0.0,0.38246606103143665,0.6154788394862154,0.6170837183671088,0.004481733776628971,0.012482126243412495,0.007682484574615955,4096,0.2440069615840912,0.0,1.1941940784454346
400,D1,validation_test_seen,train,scene_0124,128,6272,0,200223,0.008426339365541935,0.0022250122856348753,0.04889288544654846,0.04967567324638367,0.9842420293741627,1.0142111056240175,0.0,0.0,71991,0.016372865065932274,0.008791721425950527,0.03541967272758484,0.034191593527793884,1.0359175771902138,1.0563726596304794,0.0,0.0,128232,0.0039650630205869675,-0.0014616179978474975,0.05198930203914642,0.05110533535480499,1.01729695496966,1.0271000396958785,0.0,0.0,0.30310985974701493,0.7663348469301321,0.4079988966125856,0.003557132789865136,0.008394596166908741,0.006433071568608284,4096,0.2443273961544037,0.0,1.2446297407150269
400,D1,validation_test_seen,train,scene_0125,128,6528,0,200704,0.0197148397564888,0.014168067835271358,0.04798585921525955,0.0626876950263977,0.7654749340369393,0.689409429902559,0.0,0.0,61232,0.05480821430683136,0.04780545458197594,0.030438505113124847,0.055785808712244034,0.5456316904919963,0.5562329314958336,0.0,0.0,139472,0.004307894967496395,-0.0005996623076498508,0.05206682160496712,0.05128074064850807,1.0153289704188762,1.030381741355604,0.0,0.0,0.2540263426032483,0.652803445200554,0.3866952657969204,0.004757053218781948,0.011862926185131073,0.007744159083813429,4096,0.2443612813949585,0.0,1.6544808149337769
400,D1,validation_test_seen,train,scene_0126,128,6784,0,200700,0.006132962182164192,-0.0021827619057148695,0.052889108657836914,0.05136072263121605,1.0297578762198323,1.0155609839931732,0.0,0.0,60523,0.012716955505311489,-0.0027422569692134857,0.03360368683934212,0.03332030400633812,1.0085048093483808,0.9743136784733992,0.0,0.0,140177,0.003290249966084957,-0.0019411941757425666,0.055252280086278915,0.053400807082653046,1.0346712550759802,1.0314110442612066,0.0,0.0,0.5267287397324355,1.0180727232474178,0.5252608474204602,0.003467363305389881,0.007858054712414742,0.008000071160495281,4096,0.24429377913475037,0.0,1.2249789237976074
400,D1,validation_test_seen,train,scene_0127,128,7040,0,200161,0.007369139697402716,0.0007320584845729172,0.04974351078271866,0.05238356813788414,0.9496014218005097,0.9993572362770852,0.0,0.0,42698,0.02040191739797592,0.01047639362514019,0.02793785184621811,0.03676766902208328,0.7598483284169623,0.7280930057706212,0.0,0.0,157463,0.003835143754258752,-0.001910235732793808,0.052857499569654465,0.05304429680109024,0.9964784671925005,1.0255673717734959,0.0,0.0,0.45929921378872735,0.9650607717214591,0.4751682248896114,0.0042762779630720615,0.009289361536502838,0.008964798413217068,4096,0.24485710263252258,0.0,1.2929354906082153
400,D1,validation_test_seen,train,scene_0128,128,7296,0,200671,0.009012253023684025,0.0018737344071269035,0.05300680920481682,0.05794762074947357,0.9147365934829751,0.8523532425780188,0.0,0.0,61355,0.020089197903871536,0.010494026355445385,0.0382922887802124,0.050289787352085114,0.7614327042610716,0.8289650816797978,0.0,0.0,139316,0.004133948590606451,-0.0019226566655561328,0.052462149411439896,0.051738664507865906,1.0139834475909983,0.9820964005806194,0.0,0.0,0.3838581699207439,0.9575421119336823,0.40115750476519774,0.0033013997599482536,0.007903825491666794,0.007568245753645897,4096,0.24430929124355316,0.0,1.2252110242843628
400,D1,validation_test_seen,train,scene_0129,128,7552,0,200043,0.006308708805590868,-0.003347124671563506,0.05582106485962868,0.05616459250450134,0.9938835549310692,1.0631108187109841,0.0,0.0,59425,0.011260411702096462,-0.006263731047511101,0.04328098148107529,0.04574619233608246,0.9461111246834257,0.9306182924960501,0.0,0.0,140618,0.004216125700622797,-0.0021145695354789495,0.05568942055106163,0.056242913007736206,0.9901588942130639,1.0386563545409522,0.0,0.0,0.7697646788702026,1.2375575315591256,0.6193488480803081,0.0023082075640559196,0.00458768755197525,0.005677527282387018,4096,0.24409887194633484,0.0,1.2260760068893433
400,D1,validation_test_seen,train,scene_0100,192,192,0,198401,0.00798422284424305,-0.001096714986488223,0.09075314551591873,0.08828484266996384,1.0279583988746763,1.0299581458314906,0.0,0.0,54212,0.01210753433406353,-0.003746087895706296,0.05150406062602997,0.05435025691986084,0.9476323304593101,0.9881518037942966,0.0,0.0,144189,0.006433945149183273,-0.000100607008789666,0.09121143072843552,0.08812298625707626,1.0350469792563486,1.0425041750338933,0.0,0.0,0.5510612658403046,0.9594309213412869,0.5418753865251623,0.0031014110427349806,0.007397410459816456,0.007097304333001375,4096,0.2401503175497055,0.0,1.307875156402588
400,D1,validation_test_seen,train,scene_0129,192,7616,0,199019,0.008416898548603058,-0.004116517025977373,0.08919471502304077,0.08601099997758865,1.0370152078952888,1.0223633687575886,0.0,0.0,57613,0.014099882915616035,-0.009858116507530212,0.05476139858365059,0.05941979959607124,0.9216018727076175,0.8599206128863361,0.0,0.0,141406,0.006101482547819614,-0.0017772186547517776,0.090309739112854,0.08663759380578995,1.0423851257376293,1.0469245618251846,0.0,0.0,0.843182249762807,1.4422558713239535,0.5621020887741326,0.0030839971732348204,0.00579006876796484,0.00835076067596674,4096,0.24017810821533203,0.0,1.1396222114562988
400,D1,train,eval,scene_0000,128,128,0,199291,0.007756556384265423,-0.0022445416543632746,0.0482596755027771,0.05072623863816261,0.9513750043053684,0.9554367368288531,0.0,0.0,97957,0.009984630160033703,-0.0012018870329484344,0.03937748447060585,0.04420310631394386,0.890830707483203,0.88513986388141,0.0,0.0,101334,0.005602732766419649,-0.003252449445426464,0.05336057394742966,0.05377337336540222,0.9923233490454932,1.0215953822425818,0.0,0.0,0.5728934644763298,0.8033079237482053,0.711078014307292,0.002525359857827425,0.008893096819519997,0.0071438951417803764,4096,0.24375174939632416,0.0,0.9017838835716248
400,D1,train,eval,scene_0006,128,1664,0,200073,0.011869160458445549,0.006267648655921221,0.053401049226522446,0.06395228207111359,0.8350139744370906,0.7663740637584611,0.0,0.0,62719,0.029264910146594048,0.02493254840373993,0.03394818678498268,0.05385834351181984,0.6303236336545025,0.6001377426075883,0.0,0.0,137354,0.003925859462469816,-0.0022551759611815214,0.05358687415719032,0.0529913492500782,1.0112381533125663,1.0198434437051813,0.0,0.0,0.3457339260689132,0.8234627263093016,0.4211753901042058,0.003576101968064904,0.008401311933994293,0.006918167229741812,4096,0.24404634535312653,0.0,1.291794776916504
400,D1,train,eval,scene_0013,128,3456,0,200704,0.029770705848932266,0.025212353095412254,0.04895772412419319,0.0688348039984703,0.7112350334473411,0.6812968304774943,0.0,0.0,89703,0.062085166573524475,0.05747992917895317,0.03439026325941086,0.04699346423149109,0.7318094935500707,0.7395181998912519,0.0,0.0,111001,0.0036564848851412535,-0.0008639686275273561,0.05222870409488678,0.05120379477739334,1.0200162765660084,1.0231766077754065,0.0,0.0,0.3806917478802486,0.8465163228779875,0.44634160554297747,0.003999665379524231,0.00777825340628624,0.006584418471902609,4096,0.24375800788402557,0.0,1.4053616523742676
400,D1,train,eval,scene_0019,128,4992,0,200704,0.011060040444135666,0.004624640569090843,0.04959115386009216,0.055892203003168106,0.887264255038958,0.9126171833967185,0.0,0.0,58792,0.02820035256445408,0.019495101645588875,0.028485283255577087,0.04431021586060524,0.6428604036863296,0.5792451090875973,0.0,0.0,141912,0.00395906763151288,-0.0015359679237008095,0.05304713174700737,0.05229644477367401,1.0143544551944619,1.0249204206953024,0.0,0.0,0.24346593527858898,0.6382908743579798,0.3855469400533091,0.004518318921327591,0.011479240842163563,0.007327094674110413,4096,0.2443958967924118,0.0,1.5271973609924316
400,D1,train,eval,scene_0026,128,6784,0,200606,0.006083422806113958,-0.003063182346522808,0.05386066809296608,0.05439907684922218,0.9901026122603439,0.960041575988727,0.0,0.0,73365,0.009412041865289211,-0.0035287372302263975,0.03511594235897064,0.03955148905515671,0.8878538633526426,0.8806638226281319,0.0,0.0,127241,0.004164197947829962,-0.002794751198962331,0.05476902425289154,0.05409681051969528,1.0124261250661262,1.019036668342479,0.0,0.0,0.570085399310691,0.7934335915584462,0.7150747307629938,0.0028176975902169943,0.00924619846045971,0.007336244452744722,4096,0.243900865316391,0.0,0.992806613445282
400,D1,train,eval,scene_0033,128,8576,0,199769,0.012578465975821018,0.004406818188726902,0.0556669645011425,0.06836948543787003,0.8142077440633835,0.6872129386220496,0.0,0.0,68040,0.02818097360432148,0.01795293018221855,0.03544703125953674,0.06265620142221451,0.5657385933863706,0.5658761988902519,0.0,0.0,131729,0.004519538022577763,-0.0025899505708366632,0.055862460285425186,0.05706477537751198,0.9789306961407825,1.0290968681290455,0.0,0.0,0.3709409471391273,0.7552980333127626,0.4972023144098766,0.0042117005214095116,0.010004051961004734,0.007556040771305561,4096,0.24357257783412933,0.0,1.5748053789138794
400,D1,train,eval,scene_0039,128,10112,0,200702,0.012975882738828659,0.005678592715412378,0.04897087812423706,0.0558958500623703,0.8761093725132341,0.8623906020203969,0.0,0.0,79754,0.02664680778980255,0.017233703285455704,0.03723643347620964,0.05079520866274834,0.7330698004104806,0.7352568277835189,0.0,0.0,120948,0.003961173351854086,-0.0019409304950386286,0.052583638578653336,0.051167383790016174,1.0276788587520769,1.0368475027699824,0.0,0.0,0.4735949337994325,0.705230182005816,0.6737485979003243,0.0034109712578356266,0.010834875516593456,0.007641081232577562,4096,0.24376749992370605,0.0,0.8729715347290039
400,D1,train,eval,scene_0046,128,11904,0,200574,0.008396554738283157,0.0011599534191191196,0.05181415006518364,0.053314391523599625,0.9718604786523372,0.980303356875886,0.0,0.0,61885,0.018601810559630394,0.00942568015307188,0.02920536696910858,0.02987593784928322,0.9775548174066534,0.9921420138003803,0.0,0.0,138689,0.003842823440209031,-0.0025283319409936666,0.055927250534296036,0.05511162057518959,1.0147996003491435,1.022210818833486,0.0,0.0,0.4285683630001031,0.8911256973643985,0.48250455536212156,0.0030505794566124678,0.00677051255479455,0.006033377721905708,4096,0.24421201646327972,0.0,1.1910709142684937
400,D1,train,eval,scene_0052,128,13440,0,200635,0.0073944637551903725,-0.00018903016461990774,0.05354868620634079,0.053535621613264084,1.0002440355165965,1.0309281934987877,0.0,0.0,91160,0.011415495537221432,0.002116119023412466,0.03439502418041229,0.03297131881117821,1.043180115948271,1.0558316606191616,0.0,0.0,109475,0.004046143498271704,-0.0021085315383970737,0.05638296157121658,0.05531821399927139,1.019247685255334,1.0245979647582657,0.0,0.0,0.3580082782786923,0.7279254917336303,0.4841814948602367,0.0024238869082182646,0.006577382795512676,0.004787844605743885,4096,0.24307160079479218,0.0,0.8751213550567627
400,D1,train,eval,scene_0059,128,15232,0,199735,0.012736788019537926,0.00669439323246479,0.0568598248064518,0.06833288073539734,0.8321005084891387,0.779535654961942,0.0,0.0,85876,0.021837925538420677,0.01737549901008606,0.03534770756959915,0.05037938058376312,0.7016304519827987,0.6566544227342567,0.0,0.0,113859,0.005872425157576799,-0.0013616295764222741,0.05806761980056763,0.06215624138712883,0.9342202569634807,1.0088112383246537,0.0,0.0,0.3664751800223714,0.6555665248654832,0.5563492975363037,0.0033375336788594723,0.009780775755643845,0.006411949172616005,4096,0.242853045463562,0.0,1.2664494514465332
400,D1,train,eval,scene_0066,128,17024,0,200531,0.010317740961909294,0.003339326474815607,0.044130146503448486,0.04653300344944,0.9483623070107151,1.0015713951070842,0.0,0.0,53207,0.02906554564833641,0.0187281034886837,0.028208104893565178,0.03818947449326515,0.7386355865813178,0.7786055398666106,0.0,0.0,147324,0.0035468516871333122,-0.0022184273693710566,0.048582859337329865,0.047568727284669876,1.0213193017881481,1.019949467596965,0.0,0.0,0.23565654129398053,0.6628622936585161,0.3577382581276042,0.004369369708001614,0.009781885892152786,0.0064840433187782764,4096,0.24536675214767456,0.0,1.1722084283828735
400,D1,train,eval,scene_0072,128,18560,0,200356,0.008930698968470097,0.00013121312076691538,0.05398573726415634,0.05605534091591835,0.9630792781214842,0.9972622335773567,0.0,0.0,66762,0.01833210699260235,0.005528503097593784,0.03617767244577408,0.04116056486964226,0.8789401350625466,0.75504109320527,0.0,0.0,133594,0.004232459701597691,-0.0025660183746367693,0.05505429580807686,0.05397564545273781,1.0199840195757093,1.0356118122281273,0.0,0.0,0.4085736780721186,0.6768677016721057,0.602443695499894,0.004062829073518515,0.011699389666318893,0.007918938994407654,4096,0.24399825930595398,0.0,1.1944750547409058
400,D1,train,eval,scene_0079,128,20352,0,200683,0.015187512151896954,0.010521311312913895,0.05347786843776703,0.06036735698580742,0.8858739409502369,0.8769687770426712,0.0,0.0,98725,0.02547302283346653,0.02168271876871586,0.03503338620066643,0.039067342877388,0.8967435105739836,0.9033222321697909,0.0,0.0,101958,0.0052281455136835575,-0.0002861784305423498,0.05738629028201103,0.05715063586831093,1.0041233909320468,1.0165929252776502,0.0,0.0,0.3127739897539534,0.9574849314546052,0.3274622478772156,0.0027494400274008512,0.005860729143023491,0.005611559841781855,4096,0.24270696938037872,0.0,1.312574863433838
400,D1,train,eval,scene_0085,128,21888,0,200633,0.012730002403259277,0.007294121664017439,0.04627446457743645,0.050385165959596634,0.9184144518754485,0.8806517859723145,0.0,0.0,90883,0.02155216597020626,0.01586647517979145,0.03209774196147919,0.038099657744169235,0.8424679869044603,0.842778748092276,0.0,0.0,109750,0.005424447823315859,0.00019543115922715515,0.053396452218294144,0.053024355322122574,1.0070174713848208,1.0125963138555023,0.0,0.0,0.48195035986191836,0.8808340841726682,0.550441504710715,0.0037961904890835285,0.008934836834669113,0.00787010882049799,4096,0.24412553012371063,0.0,1.1324626207351685
400,D1,train,eval,scene_0092,128,23680,0,200680,0.006261943839490414,-0.00016555405454710126,0.051232241094112396,0.05243854597210884,0.976995836638223,1.0040590370217886,0.0,0.0,55656,0.01256579626351595,0.005365097429603338,0.03400958701968193,0.037250760942697525,0.9129903969478245,0.8812990908788104,0.0,0.0,145024,0.0038427081890404224,-0.002288057701662183,0.05351976305246353,0.05279667675495148,1.0136956782501323,1.0268594413256866,0.0,0.0,0.4700701631207122,0.9059897728942494,0.5166567873937269,0.0042568594217300415,0.009336077608168125,0.008458390831947327,4096,0.24462071061134338,0.0,1.1900689601898193
400,D1,train,eval,scene_0099,128,25472,0,200699,0.011787435971200466,0.002547083655372262,0.05217811092734337,0.05544103682041168,0.9411460160162985,0.9436244620167743,0.0,0.0,77958,0.022832391783595085,0.009511349722743034,0.039571985602378845,0.0436473973095417,0.906628757763938,0.8560075596522819,0.0,0.0,122741,0.004772316198796034,-0.0018762161489576101,0.05183693766593933,0.05100555345416069,1.0162998762973097,1.0271784988632544,0.0,0.0,0.2752852172972416,0.7566008285863689,0.36384386323148055,0.003932597581297159,0.0100361043587327,0.00759332487359643,4096,0.24350005388259888,0.0,1.385944128036499
400,D1,validation_test_seen,eval,scene_0100,128,128,0,199556,0.004688757471740246,-0.0023649828508496284,0.05286788567900658,0.052054379135370255,1.0156280135725133,1.0132292712502904,0.0,0.0,57517,0.007512230426073074,-0.0035197800025343895,0.03621417656540871,0.037038180977106094,0.97775256802685,1.0068920623453488,0.0,0.0,142039,0.0035454253666102886,-0.0018973610131070018,0.05414235219359398,0.053139571100473404,1.0188707035520586,1.0203583589335221,0.0,0.0,0.5405807467417848,0.9825760972101394,0.5494464874837764,0.002408897038549185,0.005813529249280691,0.005712234880775213,4096,0.24452394247055054,0.0,1.1985710859298706
400,D1,validation_test_seen,eval,scene_0101,128,384,0,200668,0.005522776395082474,-0.002411251189187169,0.05607381835579872,0.05655544623732567,0.9914839699167809,1.0014586107077863,0.0,0.0,66409,0.010145776905119419,-0.00444409903138876,0.04740425944328308,0.053048230707645416,0.8936067953808511,0.9125409685714384,0.0,0.0,134259,0.0032360870391130447,-0.0014057365478947759,0.04981863126158714,0.04894638806581497,1.0178203791993665,1.0302375954434484,0.0,0.0,0.6383073660565238,1.0583406632420442,0.5978261133602255,0.0024123904295265675,0.0050209034234285355,0.005313826259225607,4096,0.24418897926807404,0.0,1.0657203197479248
400,D1,validation_test_seen,eval,scene_0102,128,640,0,200285,0.007764940615743399,0.0015986039070412517,0.05001915246248245,0.05198422446846962,0.9621986857343797,0.9505380752397893,0.0,0.0,48268,0.021914390847086906,0.011412044987082481,0.03631952032446861,0.03879689425230026,0.9361450452265321,0.940269530134602,0.0,0.0,152017,0.003272248664870858,-0.0015173318097367883,0.05080237612128258,0.050269003957509995,1.0106103587058024,1.020551638904556,0.0,0.0,0.3420021987251951,0.7657207549836899,0.4466082178358192,0.003703807946294546,0.008749539032578468,0.006699703633785248,4096,0.24498897790908813,0.0,1.5586254596710205
400,D1,validation_test_seen,eval,scene_0103,128,896,0,200682,0.007049383129924536,-0.0010570447193458676,0.05225920304656029,0.05294144153594971,0.9871133374990149,0.9772113511683655,0.0,0.0,54316,0.01553313061594963,0.0009326167055405676,0.030899910256266594,0.03799759969115257,0.8132069001048343,0.8771746061597292,0.0,0.0,146366,0.003901090007275343,-0.0017954024951905012,0.053863391280174255,0.052473071962594986,1.0264958628412368,1.0351655429123472,0.0,0.0,0.45249294616278823,0.7449925873950696,0.6100666854620278,0.004486435558646917,0.011807683855295181,0.008796636946499348,4096,0.24447442591190338,0.0,1.5094197988510132
400,D1,validation_test_seen,eval,scene_0104,128,1152,0,200697,0.005427113734185696,-0.004116639029234648,0.049739349633455276,0.0484677329659462,1.0262363553996332,1.0330911411125832,0.0,0.0,52465,0.011049442924559116,-0.008438043296337128,0.02687354013323784,0.0303192138671875,0.8863534605797055,0.8952959662848073,0.0,0.0,148232,0.003437155159190297,-0.0025871279649436474,0.053518496453762054,0.05203025043010712,1.0286034760807872,1.0411158558305411,0.0,0.0,0.4825461551008955,0.8500806629471753,0.5652087959834617,0.002758875023573637,0.007778441533446312,0.006612302735447884,4096,0.24455435574054718,0.0,1.1697957515716553
400,D1,validation_test_seen,eval,scene_0105,128,1408,0,200704,0.008302237838506699,-0.001271540648303926,0.049876514822244644,0.05086847394704819,0.9804995304982782,0.9872370540677793,0.0,0.0,55002,0.017091527581214905,0.006262929644435644,0.03585321828722954,0.03774315118789673,0.9499264676852619,0.9409278438337284,0.0,0.0,145702,0.004984310828149319,-0.004115776624530554,0.05134205520153046,0.05001714453101158,1.0264891305359787,1.0322493989694153,0.0,0.0,0.4874612811512946,0.7864869263572557,0.6215996242328975,0.003562445752322674,0.01031164824962616,0.008109976537525654,4096,0.24449986219406128,0.0,1.3979113101959229
400,D1,validation_test_seen,eval,scene_0106,128,1664,0,200309,0.009281178936362267,0.002449697582051158,0.055178217589855194,0.057935118675231934,0.9524139908846799,1.0118242003397464,0.0,0.0,98174,0.013990657404065132,0.006575901061296463,0.03975117206573486,0.040384773164987564,0.9843108912197132,0.9468726911540927,0.0,0.0,102135,0.004754345398396254,-0.0015164829092100263,0.05320724472403526,0.053902383893728256,0.9871037397703318,1.037453262709885,0.0,0.0,0.5999032171794054,0.9358916458479432,0.6335539712482576,0.002318337094038725,0.005968934390693903,0.005586275830864906,4096,0.2428072988986969,0.0,1.369192123413086
400,D1,validation_test_seen,eval,scene_0107,128,1920,0,199994,0.01683114282786846,0.01179119385778904,0.047778401523828506,0.058338407427072525,0.8189870726854374,0.7307027312927571,0.0,0.0,66108,0.04405723512172699,0.03822322189807892,0.03558046743273735,0.04761239513754845,0.7472942146671722,0.7401754164626035,0.0,0.0,133886,0.0033878919202834368,-0.0012599750189110637,0.05106811970472336,0.05165746808052063,0.9885912260570218,1.0184521617168771,0.0,0.0,0.3200620119409516,0.7191195254229125,0.44941831460680837,0.0041202763095498085,0.010132870636880398,0.007286745123565197,4096,0.24443596601486206,0.0,2.006641387939453
400,D1,validation_test_seen,eval,scene_0108,128,2176,0,199879,0.008193711750209332,0.0002044759748969227,0.053051989525556564,0.05443450063467026,0.9746023001406364,1.0108460806650592,0.0,0.0,82022,0.013308493420481682,0.0025114549789577723,0.03867295756936073,0.037817005068063736,1.0226340636905655,1.029908504379438,0.0,0.0,117857,0.004634105134755373,-0.0014010547893121839,0.05243036150932312,0.05369402468204498,0.9764654786039083,1.035872666650718,0.0,0.0,0.4301204581781105,0.9685094830867005,0.44851212831854803,0.003282492980360985,0.007075968664139509,0.006853142753243446,4096,0.2434992641210556,0.0,1.3937504291534424
400,D1,validation_test_seen,eval,scene_0109,128,2432,0,199635,0.016455406323075294,0.008836486376821995,0.04598430544137955,0.054467979818582535,0.8442447396532842,0.9053052558009791,0.0,0.0,90009,0.029630443081259727,0.019564172253012657,0.03925330191850662,0.04967711120843887,0.7901687711631366,0.8509628682534748,0.0,0.0,109626,0.005637974478304386,2.8463906346587464e-05,0.048588380217552185,0.05085480585694313,0.9554334029753943,1.050649482414768,0.0,0.0,0.3535306207105825,0.6857285558581866,0.510737521998047,0.0035475098993629217,0.008185934275388718,0.005613328889012337,4096,0.2438589334487915,0.0,1.3280789852142334
400,D1,validation_test_seen,eval,scene_0110,128,2688,0,200090,0.009512615390121937,0.002729271072894335,0.04919061064720154,0.05254792049527168,0.9361095583530801,0.9608452931058067,0.0,0.0,68702,0.019384464249014854,0.010388522408902645,0.03259078785777092,0.03589851036667824,0.9078590594673361,0.8317578410026673,0.0,0.0,131388,0.004350684583187103,-0.0012757054064422846,0.05228397622704506,0.053071681410074234,0.9851577119454209,1.0233191087655877,0.0,0.0,0.35596003302858364,0.8332398361730745,0.4318240061684245,0.0033290195278823376,0.0076749287545681,0.006395056378096342,4096,0.24428772926330566,0.0,0.9964804649353027
400,D1,validation_test_seen,eval,scene_0111,128,2944,0,200582,0.008435237221419811,0.0033928239718079567,0.04711781069636345,0.045875683426856995,1.0270759403832506,1.0347149178153936,0.0,0.0,85341,0.01445784792304039,0.00941486470401287,0.03347345441579819,0.02907377853989601,1.1513279696295682,1.077066426102306,0.0,0.0,115241,0.003975230734795332,-0.0010667607421055436,0.053103867918252945,0.05075240507721901,1.0463320474656566,1.0505032276947057,0.0,0.0,0.32498448448601536,0.7641542641839554,0.42437604556281333,0.002798817353323102,0.006728209555149078,0.005141390021890402,4096,0.24417223036289215,0.0,1.297715425491333
400,D1,validation_test_seen,eval,scene_0112,128,3200,0,200135,0.006931612733751535,-0.0005093026557005942,0.05328290909528732,0.05462484434247017,0.9754336096818951,0.9969158320929669,0.0,0.0,68226,0.009951039217412472,-0.00047555999481119215,0.03897159919142723,0.04084191843867302,0.9542058914285771,0.9732511749565135,0.0,0.0,131909,0.005369903519749641,-0.0005267549422569573,0.05538676306605339,0.056647252291440964,0.9777484489644341,1.0291046335902978,0.0,0.0,0.4613816535213187,0.7444498281901876,0.6199932839003834,0.003487883834168315,0.00982955377548933,0.007317609619349241,4096,0.244073748588562,0.0,1.3174433708190918
400,D1,validation_test_seen,eval,scene_0113,128,3456,0,200704,0.00886502955108881,-2.0107139789615758e-05,0.052058737725019455,0.05266651511192322,0.9884598898254012,0.9107116921168359,0.0,0.0,67285,0.01955864392220974,0.0027774590998888016,0.03557286411523819,0.037633322179317474,0.9452491051876448,0.9886145432915091,0.0,0.0,133419,0.0034720946568995714,-0.0014309575781226158,0.053354665637016296,0.0523630753159523,1.0189368236124572,1.024163884783013,0.0,0.0,0.3063345998427692,0.8288519171686755,0.36910388154320084,0.004539732821285725,0.010529140010476112,0.008727097883820534,4096,0.2439216524362564,0.0,1.812004566192627
400,D1,validation_test_seen,eval,scene_0114,128,3712,0,199834,0.011087466962635517,0.0026759670581668615,0.048999059945344925,0.057798922061920166,0.8477504112075321,0.7778091300988518,0.0,0.0,58958,0.027571486309170723,0.014848713763058186,0.036531832069158554,0.0569305457174778,0.6416912328655793,0.7157546186105099,0.0,0.0,140876,0.0041887396946549416,-0.0024184472858905792,0.05141532048583031,0.053133003413677216,0.9676720151790864,1.0250838293833526,0.0,0.0,0.3504509218448025,0.6817153272138896,0.5149036738193135,0.004196540918201208,0.010604345239698887,0.007229144684970379,4096,0.24444308876991272,0.0,1.5531861782073975
400,D1,validation_test_seen,eval,scene_0115,128,3968,0,200648,0.013851839117705822,0.006284343544393778,0.04641254246234894,0.05591801553964615,0.830010543372059,0.7948533505871953,0.0,0.0,51118,0.044996265321969986,0.030603162944316864,0.024132132530212402,0.05734998360276222,0.42078708683449556,0.440536009560324,0.0,0.0,149530,0.0032048719003796577,-0.002029234543442726,0.051312342286109924,0.04989656060934067,1.0283743340117961,1.0312889688335065,0.0,0.0,0.1854694996286522,0.5435860893343633,0.3418344365604368,0.003833738388493657,0.011162856593728065,0.0060679735615849495,4096,0.24497534334659576,0.0,1.7279564142227173
400,D1,validation_test_seen,eval,scene_0116,128,4224,0,200682,0.017026960849761963,0.01153581403195858,0.053059689700603485,0.06261704117059708,0.8473682037457654,0.8495783669910721,0.0,0.0,68868,0.04020494222640991,0.03465767577290535,0.039577532559633255,0.046667635440826416,0.8480723779077416,0.8264986332777228,0.0,0.0,131814,0.004917311016470194,-0.0005445136339403689,0.05306612327694893,0.051975592970848083,1.0209815846971193,1.0337231396504591,0.0,0.0,0.2576827811603607,0.8212584914086923,0.3140338873773791,0.004206100944429636,0.010103420354425907,0.008297519758343697,4096,0.24383704364299774,0.0,1.7026128768920898
400,D1,validation_test_seen,eval,scene_0117,128,4480,0,200501,0.006156482268124819,2.9942179935460445e-06,0.05318212881684303,0.0538739413022995,0.987158680639782,0.9726739288153521,0.0,0.0,53935,0.013469249941408634,0.0035069247242063284,0.035768523812294006,0.03975345194339752,0.8997589407637503,0.8618357192838478,0.0,0.0,146566,0.0034654478076845407,-0.001286421320401132,0.054263513535261154,0.05313188582658768,1.021298466844691,1.0308098322209123,0.0,0.0,0.7169816326185197,1.1210339768460154,0.6342091747186438,0.002891882322728634,0.0057647996582090855,0.006462536286562681,4096,0.24453206360340118,0.0,1.2724943161010742
400,D1,validation_test_seen,eval,scene_0118,128,4736,0,200491,0.005234015639871359,-0.0006533685373142362,0.05632256716489792,0.057867057621479034,0.9733096770414013,0.9183652537881845,0.0,0.0,65199,0.009192241355776787,0.0002334567398065701,0.04334487020969391,0.04918580502271652,0.8812475507857405,0.9099908613014185,0.0,0.0,135292,0.0033264944795519114,-0.0010807412909343839,0.052912335842847824,0.05246668681502342,1.0084939426305988,1.0284568139401244,0.0,0.0,0.5345804285840113,1.0145762396840377,0.5158867197670457,0.002755135530605912,0.005581997334957123,0.005663361866027117,4096,0.2439505010843277,0.0,1.2604156732559204
400,D1,validation_test_seen,eval,scene_0119,128,4992,0,199640,0.010643101297318935,0.005275068338960409,0.05140506848692894,0.056304823607206345,0.9129780575380348,0.8841760926076927,0.0,0.0,70329,0.02257576957345009,0.015154427848756313,0.0368260033428669,0.04295191913843155,0.8573773671015449,0.8044986598270348,0.0,0.0,129311,0.004153222776949406,-9.806752495933324e-05,0.05172235146164894,0.051717229187488556,1.0000990438629613,1.0303130510113807,0.0,0.0,0.25916073089126107,0.8048373700983333,0.32580397170658637,0.003954004961997271,0.010213229805231094,0.008219989016652107,4096,0.24415545165538788,0.0,1.5113571882247925
400,D1,validation_test_seen,eval,scene_0120,128,5248,0,200686,0.006709858775138855,0.0011453722836449742,0.05038262903690338,0.0505831353366375,0.9960361037646298,1.0168695272202986,0.0,0.0,62231,0.014667898416519165,0.005132549908012152,0.03267038241028786,0.03299010917544365,0.9903084053630904,0.9883607605437892,0.0,0.0,138455,0.0031329793855547905,-0.0006467336788773537,0.053268857300281525,0.052198220044374466,1.0205109916582769,1.02367684679405,0.0,0.0,0.5255535464476715,1.0124799733805576,0.5168252677064135,0.0040860865265131,0.009270037524402142,0.009385727345943451,4096,0.2444876730442047,0.0,1.5293070077896118
400,D1,validation_test_seen,eval,scene_0121,128,5504,0,199742,0.008521191775798798,0.0028635351918637753,0.049549903720617294,0.05205470323562622,0.9518813986188545,0.9474541077632954,0.0,0.0,68418,0.01775926724076271,0.011694635264575481,0.03710786625742912,0.03979155048727989,0.9325564297699669,0.9000367077397603,0.0,0.0,131324,0.0037082803901284933,-0.0017373465234413743,0.051963627338409424,0.05136334151029587,1.0116870478139206,1.0194739848122434,0.0,0.0,0.43253693311177505,0.9493120159229201,0.45822543725415665,0.0035569919273257256,0.008635847829282284,0.008198114112019539,4096,0.24423889815807343,0.0,1.2693939208984375
400,D1,validation_test_seen,eval,scene_0122,128,5760,0,200023,0.007820689119398594,0.0039027549792081118,0.05837402865290642,0.06293501704931259,0.9275286063268654,0.9267331444365521,0.0,0.0,78065,0.013402530923485756,0.009749489836394787,0.038862019777297974,0.04501315951347351,0.863347967513048,0.8762961925555053,0.0,0.0,121958,0.004247767385095358,0.0001602756674401462,0.05587620288133621,0.056563809514045715,0.9878437000863819,1.0238430168617267,0.0,0.0,0.45576784736973897,0.7341005536797762,0.6188563455299937,0.002292392775416374,0.007186685223132372,0.00527574960142374,4096,0.24325034022331238,0.0,1.2178155183792114
400,D1,validation_test_seen,eval,scene_0123,128,6016,0,200684,0.014972113072872162,0.008555709384381771,0.05075705423951149,0.05883701890707016,0.8626720928821949,0.7768302312291461,0.0,0.0,72385,0.034167032688856125,0.024665549397468567,0.03194247558712959,0.04689929634332657,0.6810864571036315,0.747304776905447,0.0,0.0,128299,0.004142532590776682,-0.000533300160896033,0.053971584886312485,0.051957398653030396,1.0387661100343524,1.0412314075088058,0.0,0.0,0.38246606103143665,0.6154788394862154,0.6170837183671088,0.004481733776628971,0.012482126243412495,0.007682484574615955,4096,0.2440069615840912,0.0,1.2845836877822876
400,D1,validation_test_seen,eval,scene_0124,128,6272,0,200223,0.008426339365541935,0.0022250122856348753,0.04889288544654846,0.04967567324638367,0.9842420293741627,1.0142111056240175,0.0,0.0,71991,0.016372865065932274,0.008791721425950527,0.03541967272758484,0.034191593527793884,1.0359175771902138,1.0563726596304794,0.0,0.0,128232,0.0039650630205869675,-0.0014616179978474975,0.05198930203914642,0.05110533535480499,1.01729695496966,1.0271000396958785,0.0,0.0,0.30310985974701493,0.7663348469301321,0.4079988966125856,0.003557132789865136,0.008394596166908741,0.006433071568608284,4096,0.2443273961544037,0.0,1.3313581943511963
400,D1,validation_test_seen,eval,scene_0125,128,6528,0,200704,0.0197148397564888,0.014168067835271358,0.04798585921525955,0.0626876950263977,0.7654749340369393,0.689409429902559,0.0,0.0,61232,0.05480821430683136,0.04780545458197594,0.030438505113124847,0.055785808712244034,0.5456316904919963,0.5562329314958336,0.0,0.0,139472,0.004307894967496395,-0.0005996623076498508,0.05206682160496712,0.05128074064850807,1.0153289704188762,1.030381741355604,0.0,0.0,0.2540263426032483,0.652803445200554,0.3866952657969204,0.004757053218781948,0.011862926185131073,0.007744159083813429,4096,0.2443612813949585,0.0,1.7016000747680664
400,D1,validation_test_seen,eval,scene_0126,128,6784,0,200700,0.006132962182164192,-0.0021827619057148695,0.052889108657836914,0.05136072263121605,1.0297578762198323,1.0155609839931732,0.0,0.0,60523,0.012716955505311489,-0.0027422569692134857,0.03360368683934212,0.03332030400633812,1.0085048093483808,0.9743136784733992,0.0,0.0,140177,0.003290249966084957,-0.0019411941757425666,0.055252280086278915,0.053400807082653046,1.0346712550759802,1.0314110442612066,0.0,0.0,0.5267287397324355,1.0180727232474178,0.5252608474204602,0.003467363305389881,0.007858054712414742,0.008000071160495281,4096,0.24429377913475037,0.0,1.351798176765442
400,D1,validation_test_seen,eval,scene_0127,128,7040,0,200161,0.007369139697402716,0.0007320584845729172,0.04974351078271866,0.05238356813788414,0.9496014218005097,0.9993572362770852,0.0,0.0,42698,0.02040191739797592,0.01047639362514019,0.02793785184621811,0.03676766902208328,0.7598483284169623,0.7280930057706212,0.0,0.0,157463,0.003835143754258752,-0.001910235732793808,0.052857499569654465,0.05304429680109024,0.9964784671925005,1.0255673717734959,0.0,0.0,0.45929921378872735,0.9650607717214591,0.4751682248896114,0.0042762779630720615,0.009289361536502838,0.008964798413217068,4096,0.24485710263252258,0.0,1.381636619567871
400,D1,validation_test_seen,eval,scene_0128,128,7296,0,200671,0.009012253023684025,0.0018737344071269035,0.05300680920481682,0.05794762074947357,0.9147365934829751,0.8523532425780188,0.0,0.0,61355,0.020089197903871536,0.010494026355445385,0.0382922887802124,0.050289787352085114,0.7614327042610716,0.8289650816797978,0.0,0.0,139316,0.004133948590606451,-0.0019226566655561328,0.052462149411439896,0.051738664507865906,1.0139834475909983,0.9820964005806194,0.0,0.0,0.3838581699207439,0.9575421119336823,0.40115750476519774,0.0033013997599482536,0.007903825491666794,0.007568245753645897,4096,0.24430929124355316,0.0,1.358493685722351
400,D1,validation_test_seen,eval,scene_0129,128,7552,0,200043,0.006308708805590868,-0.003347124671563506,0.05582106485962868,0.05616459250450134,0.9938835549310692,1.0631108187109841,0.0,0.0,59425,0.011260411702096462,-0.006263731047511101,0.04328098148107529,0.04574619233608246,0.9461111246834257,0.9306182924960501,0.0,0.0,140618,0.004216125700622797,-0.0021145695354789495,0.05568942055106163,0.056242913007736206,0.9901588942130639,1.0386563545409522,0.0,0.0,0.7697646788702026,1.2375575315591256,0.6193488480803081,0.0023082075640559196,0.00458768755197525,0.005677527282387018,4096,0.24409887194633484,0.0,1.3290789127349854
400,D1,validation_test_seen,eval,scene_0100,192,192,0,198401,0.00798422284424305,-0.001096714986488223,0.09075314551591873,0.08828484266996384,1.0279583988746763,1.0299581458314906,0.0,0.0,54212,0.01210753433406353,-0.003746087895706296,0.05150406062602997,0.05435025691986084,0.9476323304593101,0.9881518037942966,0.0,0.0,144189,0.006433945149183273,-0.000100607008789666,0.09121143072843552,0.08812298625707626,1.0350469792563486,1.0425041750338933,0.0,0.0,0.5510612658403046,0.9594309213412869,0.5418753865251623,0.0031014110427349806,0.007397410459816456,0.007097304333001375,4096,0.2401503175497055,0.0,1.4195973873138428
400,D1,validation_test_seen,eval,scene_0129,192,7616,0,199019,0.008416898548603058,-0.004116517025977373,0.08919471502304077,0.08601099997758865,1.0370152078952888,1.0223633687575886,0.0,0.0,57613,0.014099882915616035,-0.009858116507530212,0.05476139858365059,0.05941979959607124,0.9216018727076175,0.8599206128863361,0.0,0.0,141406,0.006101482547819614,-0.0017772186547517776,0.090309739112854,0.08663759380578995,1.0423851257376293,1.0469245618251846,0.0,0.0,0.843182249762807,1.4422558713239535,0.5621020887741326,0.0030839971732348204,0.00579006876796484,0.00835076067596674,4096,0.24017810821533203,0.0,1.2414088249206543
500,D1,train,train,scene_0000,128,128,0,199291,0.039962057024240494,0.035308837890625,0.05713581666350365,0.05072623863816261,1.1263562644780634,1.1155709313474795,0.0,0.0,97957,0.07139211148023605,0.06845860183238983,0.0564286932349205,0.04420310631394386,1.276577551680346,1.260627076786574,0.0,0.0,101334,0.009579411707818508,0.0032638090196996927,0.050029270350933075,0.05377337336540222,0.9303725472265405,0.9477717314452772,0.0,0.0,-0.6244399014424666,2.03952794513289,-0.32018178994879726,0.011841066181659698,0.008893096819519997,0.018137719482183456,4096,0.24610796570777893,0.0,0.9059181809425354
500,D1,train,train,scene_0006,128,1664,0,200073,0.04161469265818596,0.03838200122117996,0.05961200222373009,0.06395228207111359,0.9321325258955232,0.9126609542647129,0.0,0.0,62719,0.11648376286029816,0.11610797047615051,0.06995060294866562,0.05385834351181984,1.2987886070672439,1.152934341293399,0.0,0.0,137354,0.007427746895700693,0.0028905365616083145,0.05014599859714508,0.0529913492500782,0.9463053744960283,0.9464532689812352,0.0,0.0,-0.4861834223730932,2.323637710013702,-0.2174228014280865,0.012365937232971191,0.008401311933994293,0.019521605223417282,4096,0.24589036405086517,0.0,1.0718830823898315
500,D1,train,train,scene_0013,128,3456,0,200704,0.06747791916131973,0.06494133174419403,0.06381654739379883,0.0688348039984703,0.9270971033086257,0.9141302699843115,0.0,0.0,89703,0.14291293919086456,0.1428343951702118,0.07252556830644608,0.04699346423149109,1.5433118092589033,1.5176312143411195,0.0,0.0,111001,0.006516773719340563,0.0019937760662287474,0.04726201668381691,0.05120379477739334,0.9230178522761219,0.9225023551837044,0.0,0.0,-0.588307051719119,2.1546459964012703,-0.29259260773394585,0.011386859230697155,0.00777825340628624,0.01675938256084919,4096,0.245431050658226,0.0,1.8804724216461182
500,D1,train,train,scene_0019,128,4992,0,200704,0.03571581467986107,0.03227545693516731,0.05687907338142395,0.055892203003168106,1.0176566734755454,1.121002969746774,0.0,0.0,58792,0.10365786403417587,0.1029452532529831,0.06149403378367424,0.04431021586060524,1.38780713633008,1.1963189877429168,0.0,0.0,141912,0.007568451575934887,0.0029980260878801346,0.049027204513549805,0.05229644477367401,0.9374863764779295,0.9414299155742695,0.0,0.0,-0.39032415064796466,1.6449858876638734,-0.2391632323156457,0.013741043396294117,0.011479240842163563,0.01888318918645382,4096,0.24595661461353302,0.0,1.2858861684799194
500,D1,train,train,scene_0026,128,6784,0,200606,0.031313925981521606,0.027718709781765938,0.057419005781412125,0.05439907684922218,1.055514341549587,1.073535996117985,0.0,0.0,73365,0.07222824543714523,0.06817524880170822,0.06582458317279816,0.03955148905515671,1.6642757262818142,1.6744707084059365,0.0,0.0,127241,0.00772342411801219,0.004392160102725029,0.051055967807769775,0.05409681051969528,0.9437888725284753,0.9430939363192657,0.0,0.0,-0.7926344290745974,2.1375350396805812,-0.39251219588207603,0.01244787871837616,0.00924619846045971,0.019764073193073273,4096,0.24603895843029022,0.0,0.8393446207046509
500,D1,train,train,scene_0033,128,8576,0,199769,0.040831681340932846,0.03768767789006233,0.054943036288022995,0.06836948543787003,0.8036192745366182,0.6941237805935127,0.0,0.0,68040,0.10740073025226593,0.10713176429271698,0.05515578016638756,0.06265620142221451,0.8802924357752766,0.890717565079587,0.0,0.0,131729,0.0064477697014808655,0.0018187662353739142,0.05144321545958519,0.05706477537751198,0.9014880917214277,0.9543779412635478,0.0,0.0,-0.6612117891528334,1.9708552660181018,-0.3325058429061822,0.014151754789054394,0.010004051961004734,0.0197165384888649,4096,0.24638523161411285,0.0,1.053174376487732
500,D1,train,train,scene_0039,128,10112,0,200702,0.05123278871178627,0.04891036078333855,0.06494137644767761,0.0558958500623703,1.1618282283070038,1.2531781335304975,0.0,0.0,79754,0.11836463212966919,0.11749635636806488,0.06571037322282791,0.05079520866274834,1.2936332963824972,1.2757861888145785,0.0,0.0,120948,0.0069655608385801315,0.0036842499393969774,0.04857078567147255,0.051167383790016174,0.9492528652784027,0.946886147801528,0.0,0.0,-0.5658388568850369,1.7438932343945375,-0.33112866378238204,0.01352542545646429,0.010834875516593456,0.018894866108894348,4096,0.24543330073356628,0.0,1.0272367000579834
500,D1,train,train,scene_0046,128,11904,0,200574,0.031206374987959862,0.028457816690206528,0.055418651551008224,0.053314391523599625,1.039468893243903,1.037913168338705,0.0,0.0,61885,0.08756721019744873,0.08729752153158188,0.055096037685871124,0.02987593784928322,1.8441609419532576,1.8844008907725651,0.0,0.0,138689,0.006057373248040676,0.0022026998922228813,0.05132428556680679,0.05511162057518959,0.9312788306920555,0.9493228360754097,0.0,0.0,-0.779359114495216,2.623665563584605,-0.30520361390483647,0.011660153046250343,0.00677051255479455,0.017763560637831688,4096,0.24612167477607727,0.0,1.0215587615966797
500,D1,train,train,scene_0052,128,13440,0,200635,0.042469944804906845,0.04105134680867195,0.052850980311632156,0.053535621613264084,0.9872114812343508,1.028347164740829,0.0,0.0,91160,0.08562322705984116,0.08531414717435837,0.04942833632230759,0.03297131881117821,1.4991313088013327,1.5417581550492505,0.0,0.0,109475,0.00653613219037652,0.004193645901978016,0.05226127430796623,0.05531821399927139,0.9447390023953878,0.9485801465247734,0.0,0.0,-0.6717098085414483,2.5282479311951684,-0.29008935965948823,0.010968076065182686,0.006577382795512676,0.016629254445433617,4096,0.2467011958360672,0.0,1.1000266075134277
500,D1,train,train,scene_0059,128,15232,0,199735,0.05775310471653938,0.05492811277508736,0.05640450865030289,0.06833288073539734,0.8254373010954389,0.8348647726462132,0.0,0.0,85876,0.12166517972946167,0.12149222940206528,0.05009856075048447,0.05037938058376312,0.9944258974599389,0.9923435918385558,0.0,0.0,113859,0.009548628702759743,0.004723377991467714,0.05417678505182266,0.06215624138712883,0.8716226052729351,0.9368255206627886,0.0,0.0,-0.4889485117544458,1.7122849034491243,-0.3120902645434136,0.012041673995554447,0.009780775755643845,0.016747474670410156,4096,0.2466132640838623,0.0,1.0521904230117798
500,D1,train,train,scene_0066,128,17024,0,200531,0.028556277975440025,0.024742569774389267,0.054615095257759094,0.04653300344944,1.1736851526702035,1.214434160212276,0.0,0.0,53207,0.09166527539491653,0.09042774140834808,0.051418185234069824,0.03818947449326515,1.3463967733606181,1.3214225800636905,0.0,0.0,147324,0.005764064844697714,0.0010199510725215077,0.044537439942359924,0.047568727284669876,0.9362756265441045,0.9320268681276107,0.0,0.0,-0.23723705096827058,1.890688760208774,-0.10632106522112166,0.012621681205928326,0.009781885892152786,0.01849450170993805,4096,0.24609172344207764,0.0,0.8783156275749207
500,D1,train,train,scene_0072,128,18560,0,200356,0.03479836881160736,0.0314871110022068,0.05837494134902954,0.05605534091591835,1.041380542785219,1.0486138424796416,0.0,0.0,66762,0.09067463874816895,0.08994369953870773,0.06597036868333817,0.04116056486964226,1.6027566407863911,1.4895141821062043,0.0,0.0,133594,0.006874871905893087,0.00227413815446198,0.050455689430236816,0.05397564545273781,0.9347862171359648,0.9483580686057259,0.0,0.0,-0.6023156795790523,1.8586732625788442,-0.33800096881162006,0.015283163636922836,0.011699389666318893,0.021745342761278152,4096,0.24600638449192047,0.0,1.1042218208312988
500,D1,train,train,scene_0079,128,20352,0,200683,0.05891925096511841,0.05710313841700554,0.05382249876856804,0.06036735698580742,0.8915828264805746,0.9111274204783713,0.0,0.0,98725,0.11023004353046417,0.10989789664745331,0.050874337553977966,0.039067342877388,1.302221594994212,1.3451918312558528,0.0,0.0,101958,0.00923549197614193,0.0059824492782354355,0.05136813968420029,0.05715063586831093,0.8988200901660144,0.9172811459882111,0.0,0.0,-0.36742638845997183,2.659345040688648,-0.14349751117736045,0.01029225718230009,0.005860729143023491,0.01558570098131895,4096,0.2467031329870224,0.0,1.2436420917510986
500,D1,train,train,scene_0085,128,21888,0,200633,0.04221183434128761,0.039487678557634354,0.055670659989118576,0.050385165959596634,1.1049017886288264,1.0680347440973326,0.0,0.0,90883,0.08227163553237915,0.08051500469446182,0.05607151240110397,0.038099657744169235,1.471706459349629,1.4833239752385312,0.0,0.0,109750,0.009038666263222694,0.005513314623385668,0.049145422875881195,0.053024355322122574,0.9268462120345096,0.930831227034089,0.0,0.0,-0.5729097072145799,2.0722204594928257,-0.2756964861052258,0.012341328896582127,0.008934836834669113,0.018514951691031456,4096,0.24606521427631378,0.0,1.1309112310409546
500,D1,train,train,scene_0092,128,23680,0,200680,0.029721783474087715,0.0267317071557045,0.05545831844210625,0.05243854597210884,1.057586884113903,1.1557708252618706,0.0,0.0,55656,0.0912596732378006,0.09078586846590042,0.05639924108982086,0.037250760942697525,1.5140426574528036,1.5390321557073832,0.0,0.0,145024,0.0061053261160850525,0.0021495777182281017,0.049268849194049835,0.05279667675495148,0.9331808784618099,0.9454846006439288,0.0,0.0,-0.7922510758767043,2.0957095574588633,-0.3882919994143325,0.01422714814543724,0.009336077608168125,0.019565707072615623,4096,0.24626971781253815,0.0,1.0465270280838013
500,D1,train,train,scene_0099,128,25472,0,200699,0.04364145174622536,0.040495943278074265,0.05238153040409088,0.05544103682041168,0.944815129878769,0.968121111140038,0.0,0.0,77958,0.10085266828536987,0.09962548315525055,0.050305284559726715,0.0436473973095417,1.1525380128159335,1.1232840858452768,0.0,0.0,122741,0.007304197642952204,0.0029402703512459993,0.04726039990782738,0.05100555345416069,0.926573612230301,0.9281431614219315,0.0,0.0,-0.5750867128033795,1.9642116389056052,-0.2957449216518472,0.013585764914751053,0.0100361043587327,0.019713032990694046,4096,0.2467033714056015,0.0,1.0656733512878418
500,D1,validation_test_seen,train,scene_0100,128,128,0,199556,0.02182403951883316,0.018999839201569557,0.04837207868695259,0.052054379135370255,0.9292605058482853,0.9636032706767437,0.0,0.0,57517,0.06102310121059418,0.0595463290810585,0.041466809809207916,0.037038180977106094,1.119569285404141,1.322384384246825,0.0,0.0,142039,0.0059508453123271465,0.00258102104999125,0.04992959275841713,0.053139571100473404,0.9395934465487683,0.9512173848428603,0.0,0.0,-0.8769870369395074,2.7537411112487935,-0.32935541480152275,0.010117568075656891,0.005813529249280691,0.016008954495191574,4096,0.2467351108789444,0.0,1.0822808742523193
500,D1,validation_test_seen,train,scene_0101,128,384,0,200668,0.027193840593099594,0.023706573992967606,0.04491635039448738,0.05655544623732567,0.7942002650991962,0.768342817283166,0.0,0.0,66409,0.07019323110580444,0.06762443482875824,0.04139620438218117,0.053048230707645416,0.7803503308210252,0.8546266077388348,0.0,0.0,134259,0.005924897734075785,0.001983331050723791,0.04613770544528961,0.04894638806581497,0.94261716274654,0.9363829958913347,0.0,0.0,-0.7219100351243604,3.054569578238722,-0.25057878944232237,0.009428493678569794,0.0050209034234285355,0.015336698852479458,4096,0.24733112752437592,0.0,0.9846422672271729
500,D1,validation_test_seen,train,scene_0102,128,640,0,200285,0.023378979414701462,0.02001194655895233,0.05093515291810036,0.05198422446846962,0.9798194248140498,1.0248012652997207,0.0,0.0,48268,0.07838898152112961,0.07784618437290192,0.05751454457640648,0.03879689425230026,1.4824522860614404,1.5080251022130386,0.0,0.0,152017,0.0059123570099473,0.001648586243391037,0.04665147513151169,0.050269003957509995,0.9280365923093278,0.9383116317033424,0.0,0.0,-0.44629902273866817,1.9633444054794031,-0.23000824142283527,0.011482960544526577,0.008749539032578468,0.017178358510136604,4096,0.24640211462974548,0.0,1.2501776218414307
500,D1,validation_test_seen,train,scene_0103,128,896,0,200682,0.025750070810317993,0.021519185975193977,0.05336137115955353,0.05294144153594971,1.0079319642877247,1.0553251394786733,0.0,0.0,54316,0.07890670001506805,0.07660891860723495,0.05837399885058403,0.03799759969115257,1.536254903600554,1.4959322397936035,0.0,0.0,146366,0.006023797206580639,0.001075545558705926,0.04889824986457825,0.052473071962594986,0.931873207260192,0.9399889191356926,0.0,0.0,-0.7331659482263464,1.6846227648211873,-0.44010438234460475,0.014544469304382801,0.011807683855295181,0.019891493022441864,4096,0.24623526632785797,0.0,1.0796387195587158
500,D1,validation_test_seen,train,scene_0104,128,1152,0,200697,0.023905828595161438,0.020788351073861122,0.05704164132475853,0.0484677329659462,1.1768993066961977,1.1866702043135975,0.0,0.0,52465,0.07641485333442688,0.07590450346469879,0.061219632625579834,0.0303192138671875,2.019169523779567,1.9528039311017042,0.0,0.0,148232,0.005320864263921976,0.0012806272134184837,0.04902636259794235,0.05203025043010712,0.9422665121283642,0.9562712709029354,0.0,0.0,-0.7627851133665315,2.6083118874698608,-0.3095989989227072,0.01280970498919487,0.007778441533446312,0.020288601517677307,4096,0.24586962163448334,0.0,0.8377599120140076
500,D1,validation_test_seen,train,scene_0105,128,1408,0,200704,0.030984139069914818,0.026021229103207588,0.05483808368444443,0.05086847394704819,1.078036737283065,1.0865546999859332,0.0,0.0,55002,0.09575197100639343,0.09537847340106964,0.05584001913666725,0.03774315118789673,1.4794742192743495,1.737756718643145,0.0,0.0,145702,0.006534509360790253,-0.00016088933625724167,0.04723130166530609,0.05001714453101158,0.9443022409250449,0.9446065302432918,0.0,0.0,-0.5617501116288801,1.918587419418702,-0.2951786171198303,0.014300708658993244,0.01031164824962616,0.01978379860520363,4096,0.24623140692710876,0.0,1.1980926990509033
500,D1,validation_test_seen,train,scene_0106,128,1664,0,200309,0.05228061228990555,0.04965765401721001,0.055693209171295166,0.057935118675231934,0.9613030998261299,1.0747619432819173,0.0,0.0,98174,0.098365917801857,0.09817875921726227,0.05791470408439636,0.040384773164987564,1.4340727840117409,1.4581406376006552,0.0,0.0,102135,0.007982579991221428,0.0030182944610714912,0.04930618777871132,0.053902383893728256,0.9147311160842421,0.955244564298107,0.0,0.0,-1.1556031442889851,3.2882036612192254,-0.375139417934665,0.012550301849842072,0.005968934390693903,0.019627071917057037,4096,0.24660252034664154,0.0,1.1311554908752441
500,D1,validation_test_seen,train,scene_0107,128,1920,0,199994,0.048633333295583725,0.04556147754192352,0.0614834688603878,0.058338407427072525,1.05391064946788,1.016878802524528,0.0,0.0,66108,0.1332649439573288,0.13273099064826965,0.06429341435432434,0.04761239513754845,1.3503503482357009,1.4301980960290395,0.0,0.0,133886,0.006845337804406881,0.002520363312214613,0.0457756407558918,0.05165746808052063,0.886137909131346,0.9324395649929133,0.0,0.0,-0.5957633556883637,2.0587813314360446,-0.2776678690795531,0.014176640659570694,0.010132870636880398,0.020861364901065826,4096,0.2456669807434082,0.0,1.4055144786834717
500,D1,validation_test_seen,train,scene_0108,128,2176,0,199879,0.04500369355082512,0.04211752116680145,0.055108170956373215,0.05443450063467026,1.012375796853988,1.0825857918609691,0.0,0.0,82022,0.09777604788541794,0.09734746813774109,0.05576649308204651,0.037817005068063736,1.4746406538983443,1.506379950002229,0.0,0.0,117857,0.00827703531831503,0.0036805178970098495,0.047989942133426666,0.05369402468204498,0.8937669026973548,0.9560855727985513,0.0,0.0,-0.9097555721170644,2.7827286279705863,-0.32713494818240496,0.013362297788262367,0.007075968664139509,0.0196905005723238,4096,0.24660958349704742,0.0,1.6543323993682861
500,D1,validation_test_seen,train,scene_0109,128,2432,0,199635,0.05749747157096863,0.05426105856895447,0.06527411192655563,0.054467979818582535,1.1983942151694496,1.203355707212468,0.0,0.0,90009,0.1159692332148552,0.11556582897901535,0.06664806604385376,0.04967711120843887,1.3416252359000287,1.4115087221465152,0.0,0.0,109626,0.009488931857049465,0.003926445264369249,0.043781619518995285,0.05085480585694313,0.8609141020448483,0.9606591835084475,0.0,0.0,-0.7252244220287394,1.9806263780521935,-0.3755555788618389,0.011311107315123081,0.008185934275388718,0.016213277354836464,4096,0.24541421234607697,0.0,1.3359622955322266
500,D1,validation_test_seen,train,scene_0110,128,2688,0,200090,0.03524617478251457,0.031212838366627693,0.05273616313934326,0.05254792049527168,1.0035823043480572,1.0449938599581392,0.0,0.0,68702,0.08752480894327164,0.08705440163612366,0.05355902388691902,0.03589851036667824,1.491956722990758,1.420981712856599,0.0,0.0,131388,0.007909994572401047,0.0020136216189712286,0.046924177557229996,0.053071681410074234,0.8841660243370902,0.9434180766386847,0.0,0.0,-0.5916284608588992,2.2984075024888084,-0.25772438096801437,0.011964608915150166,0.0076749287545681,0.017640113830566406,4096,0.24638386070728302,0.0,1.167020559310913
500,D1,validation_test_seen,train,scene_0111,128,2944,0,200582,0.038662731647491455,0.03650903329253197,0.05509129911661148,0.045875683426856995,1.2008823629722623,1.168416285575486,0.0,0.0,85341,0.08100593090057373,0.08062990009784698,0.05488692596554756,0.02907377853989601,1.8878497643582821,1.8040684940855798,0.0,0.0,115241,0.007305739913135767,0.0038356035947799683,0.04725481569766998,0.05075240507721901,0.9310852485862,0.9411342395432886,0.0,0.0,-0.6151983914514723,2.434533162799196,-0.25813711134207423,0.010583977214992046,0.006728209555149078,0.016380049288272858,4096,0.24623875319957733,0.0,1.124118685722351
500,D1,validation_test_seen,train,scene_0112,128,3200,0,200135,0.03355232626199722,0.030591309070587158,0.05497739836573601,0.05462484434247017,1.0064540966204956,1.0805884617698593,0.0,0.0,68226,0.0816575363278389,0.08103466778993607,0.05313234403729439,0.04084191843867302,1.3009267455708844,1.4664150191777936,0.0,0.0,131909,0.00867134053260088,0.004500979091972113,0.05080173909664154,0.056647252291440964,0.8968085307169852,0.9567846568953202,0.0,0.0,-0.6457040242505419,2.1370624184049065,-0.3095440585771021,0.014743499457836151,0.00982955377548933,0.021006369963288307,4096,0.24637910723686218,0.0,0.9679615497589111
500,D1,validation_test_seen,train,scene_0113,128,3456,0,200704,0.034794893115758896,0.0315898172557354,0.05528028681874275,0.05266651511192322,1.049628719524444,1.0642241924871207,0.0,0.0,67285,0.09013163298368454,0.08946304023265839,0.056967295706272125,0.037633322179317474,1.5137461272972659,1.5085676833781783,0.0,0.0,133419,0.006887832656502724,0.00240357406437397,0.04900539666414261,0.0523630753159523,0.9358769775925139,0.9425533191588944,0.0,0.0,-0.4684166108399863,1.785106254629352,-0.267581921799144,0.013236726634204388,0.010529140010476112,0.01879563368856907,4096,0.24624574184417725,0.0,1.2538563013076782
500,D1,validation_test_seen,train,scene_0114,128,3712,0,199834,0.0367732048034668,0.033011388033628464,0.05746863782405853,0.057798922061920166,0.9942856332595996,0.9807537260031889,0.0,0.0,58958,0.10818438231945038,0.1078345775604248,0.05622906982898712,0.0569305457174778,0.9876783916322917,1.0880799703881303,0.0,0.0,140876,0.006886920426040888,0.0016971395816653967,0.04696311056613922,0.053133003413677216,0.8838783345352962,0.9430773548285353,0.0,0.0,-0.8372378908184691,2.1345943894647696,-0.39899387183611956,0.016273939982056618,0.010604345239698887,0.02263597585260868,4096,0.24602951109409332,0.0,1.1479851007461548
500,D1,validation_test_seen,train,scene_0115,128,3968,0,200648,0.03514698147773743,0.0312793031334877,0.06043960899114609,0.05591801553964615,1.0808611215520356,1.0532819929969428,0.0,0.0,51118,0.12097952514886856,0.11747343093156815,0.06606815755367279,0.05734998360276222,1.1520170260430669,1.1232412943641183,0.0,0.0,149530,0.005804459564387798,0.0018131675897166133,0.047284044325351715,0.04989656060934067,0.9476413553943458,0.9451324947993927,0.0,0.0,-0.3982006594451281,1.686408656213494,-0.24355049079709476,0.012510329484939575,0.011162856593728065,0.018825137987732887,4096,0.2455301135778427,0.0,1.0731992721557617
500,D1,validation_test_seen,train,scene_0116,128,4224,0,200682,0.04802493751049042,0.0449487566947937,0.05543043464422226,0.06261704117059708,0.8852292220771777,0.9154475524920562,0.0,0.0,68868,0.12446404248476028,0.1238824874162674,0.05613034963607788,0.046667635440826416,1.2027682376847653,1.2647630194815336,0.0,0.0,131814,0.008088288828730583,0.0037087630480527878,0.04943569749593735,0.051975592970848083,0.951132919708385,0.9573154229432773,0.0,0.0,-0.35543097517525907,2.0582530339545735,-0.1813881783679136,0.013803711161017418,0.010103420354425907,0.020795395597815514,4096,0.2463298738002777,0.0,1.2712770700454712
500,D1,validation_test_seen,train,scene_0117,128,4480,0,200501,0.023277096450328827,0.020444270223379135,0.05111933872103691,0.0538739413022995,0.9488694809647236,0.951421646659881,0.0,0.0,53935,0.07010234892368317,0.06918451189994812,0.05084925889968872,0.03975345194339752,1.279115558872468,1.3063789027180945,0.0,0.0,146566,0.006045812740921974,0.002508290112018585,0.050068292766809464,0.05313188582658768,0.9423398395875277,0.9502237756513495,0.0,0.0,-1.2855708685436023,3.0047843210555767,-0.45532584392589415,0.011323618702590466,0.0057647996582090855,0.017321979627013206,4096,0.24642980098724365,0.0,0.991470992565155
500,D1,validation_test_seen,train,scene_0118,128,4736,0,200491,0.03036210685968399,0.02758517861366272,0.04978593438863754,0.057867057621479034,0.8603501963811281,0.7764540402993992,0.0,0.0,65199,0.07989799231290817,0.0795312449336052,0.048866789788007736,0.04918580502271652,0.9935140792234376,1.0629645513617518,0.0,0.0,135292,0.0064901066944003105,0.0025516918394714594,0.04886682331562042,0.05246668681502342,0.9313876343651224,0.9481301645268002,0.0,0.0,-0.5298714981862377,3.174107685100033,-0.19925132493150635,0.011168011464178562,0.005581997334957123,0.017717860639095306,4096,0.24687610566616058,0.0,1.010334849357605
500,D1,validation_test_seen,train,scene_0119,128,4992,0,199640,0.04020300880074501,0.037462372332811356,0.05549217015504837,0.056304823607206345,0.9855668946265207,1.0287923296187111,0.0,0.0,70329,0.10112213343381882,0.10071855783462524,0.060627251863479614,0.04295191913843155,1.4115143881716086,1.3579995111592087,0.0,0.0,129311,0.007070634514093399,0.0030589241068810225,0.04713873192667961,0.051717229187488556,0.9114705614987476,0.9413253381441641,0.0,0.0,-0.5935017445537994,1.985028594689292,-0.2936001645339203,0.01405029185116291,0.010213229805231094,0.02027355320751667,4096,0.24632528424263,0.0,1.2841747999191284
500,D1,validation_test_seen,train,scene_0120,128,5248,0,200686,0.029592063277959824,0.02744285576045513,0.057729873806238174,0.0505831353366375,1.1412869807701358,1.2644708928918427,0.0,0.0,62231,0.08255097270011902,0.08193380385637283,0.06567686051130295,0.03299010917544365,1.9908045821257798,1.9306264992502138,0.0,0.0,138455,0.005788764450699091,0.002950953086838126,0.049187853932380676,0.052198220044374466,0.9423281845734465,0.9410490018221421,0.0,0.0,-0.9349364342642777,2.3179462119687626,-0.4170719338674967,0.014632517471909523,0.009270037524402142,0.02148744836449623,4096,0.245869979262352,0.0,1.0840249061584473
500,D1,validation_test_seen,train,scene_0121,128,5504,0,199742,0.038836006075143814,0.0360431969165802,0.05992010608315468,0.05205470323562622,1.151098793358318,1.2705938361533147,0.0,0.0,68418,0.10030647367238998,0.09990519285202026,0.06505607813596725,0.03979155048727989,1.6349219203399386,1.6855140113321518,0.0,0.0,131324,0.006810734048485756,0.0027719740755856037,0.04778209701180458,0.05136334151029587,0.9302762555319065,0.942603368153068,0.0,0.0,-0.7871001890742544,2.282011083969225,-0.34907169186660186,0.013652410358190536,0.008635847829282284,0.019707100465893745,4096,0.24581824243068695,0.0,0.9877387285232544
500,D1,validation_test_seen,train,scene_0122,128,5760,0,200023,0.042200956493616104,0.040107712149620056,0.04935801774263382,0.06293501704931259,0.7842695538472557,0.82468521497275,0.0,0.0,78065,0.0934065580368042,0.0932467132806778,0.04384861886501312,0.04501315951347351,0.9741288845073891,1.0209906291499211,0.0,0.0,121958,0.009424383752048016,0.006093570031225681,0.05167461931705475,0.056563809514045715,0.9135632794361755,0.9655047825949808,0.0,0.0,-0.6985424703565901,2.185926020046667,-0.33759512469671243,0.010177958756685257,0.007186685223132372,0.015709562227129936,4096,0.2470969408750534,0.0,1.2421011924743652
500,D1,validation_test_seen,train,scene_0123,128,6016,0,200684,0.04436289891600609,0.04296662658452988,0.0601896308362484,0.05883701890707016,1.022989130895884,1.038399215922428,0.0,0.0,72385,0.11180475354194641,0.1111738458275795,0.06742987036705017,0.04689929634332657,1.4377586792225925,1.369803825263194,0.0,0.0,128299,0.006312881596386433,0.004484809469431639,0.04941819980740547,0.051957398653030396,0.9511292152522569,0.9525350420537082,0.0,0.0,-0.5181955544876998,1.4067084541402883,-0.38649517598359007,0.013863852247595787,0.012482126243412495,0.017558712512254715,4096,0.24579916894435883,0.0,1.2041666507720947
500,D1,validation_test_seen,train,scene_0124,128,6272,0,200223,0.034770410507917404,0.03178238123655319,0.05332852527499199,0.04967567324638367,1.0735340215821685,1.1447104584736691,0.0,0.0,71991,0.08451742678880692,0.08386503159999847,0.0538744293153286,0.034191593527793884,1.5756630141129515,1.669647750704967,0.0,0.0,128232,0.006841827649623156,0.002542554633691907,0.04697917774319649,0.05110533535480499,0.9192617055937085,0.9382489860115617,0.0,0.0,-0.48961775825105114,2.243038403289064,-0.21530187087378344,0.012611656449735165,0.008394596166908741,0.018829401582479477,4096,0.24638698995113373,0.0,1.06234872341156
500,D1,validation_test_seen,train,scene_0125,128,6528,0,200704,0.04911569505929947,0.04705649986863136,0.061093032360076904,0.0626876950263977,0.974561791342794,0.9553446477687295,0.0,0.0,61232,0.14503464102745056,0.14481514692306519,0.06327939033508301,0.055785808712244034,1.134327740259043,1.1183353698252705,0.0,0.0,139472,0.007004668936133385,0.004137793555855751,0.047392893582582474,0.05128074064850807,0.9241850445847898,0.9386400654272415,0.0,0.0,-0.4138692307780662,1.5246069155233433,-0.2797077048261579,0.013229670003056526,0.011862926185131073,0.018086299300193787,4096,0.24564909934997559,0.0,1.474186658859253
500,D1,validation_test_seen,train,scene_0126,128,6784,0,200700,0.024071570485830307,0.02097436785697937,0.05273253843188286,0.05136072263121605,1.026709433403358,1.0078324473765514,0.0,0.0,60523,0.06622368097305298,0.06488250195980072,0.054250556975603104,0.03332030400633812,1.6281531214506229,1.646041089474503,0.0,0.0,140177,0.005871922709047794,0.0020165361929684877,0.05030763894319534,0.053400807082653046,0.94207637845866,0.9480305239286763,0.0,0.0,-0.633275025111706,2.2988977095407868,-0.27523927425439293,0.012195676565170288,0.007858054712414742,0.018064863979816437,4096,0.246272012591362,0.0,1.0786594152450562
500,D1,validation_test_seen,train,scene_0127,128,7040,0,200161,0.025084516033530235,0.02074451558291912,0.05346987023949623,0.05238356813788414,1.020737459096958,1.093787120762859,0.0,0.0,42698,0.09337987005710602,0.09280931949615479,0.05212411284446716,0.03676766902208328,1.4176616095287558,1.3193954681228972,0.0,0.0,157463,0.00656540784984827,0.0012032723752781749,0.047794409096241,0.05304429680109024,0.9010282344860618,0.9379882143898498,0.0,0.0,-0.7203453635550661,2.2050405960232498,-0.3140308359354275,0.01469435729086399,0.009289361536502838,0.02048341929912567,4096,0.24613958597183228,0.0,1.2000391483306885
500,D1,validation_test_seen,train,scene_0128,128,7296,0,200671,0.03229405730962753,0.028850233182311058,0.05371709540486336,0.05794762074947357,0.9269939768036353,0.8453993674146687,0.0,0.0,61355,0.09137838333845139,0.08963107317686081,0.05926429107785225,0.050289787352085114,1.1784557898989612,1.3049328763916002,0.0,0.0,139316,0.006273224484175444,0.002082248218357563,0.04849095642566681,0.051738664507865906,0.9372286062446521,0.9121100278388757,0.0,0.0,-0.699137345124958,2.4198328484158917,-0.28955496384309,0.012177684344351292,0.007903825491666794,0.019125936552882195,4096,0.24640168249607086,0.0,1.1171029806137085
500,D1,validation_test_seen,train,scene_0129,128,7552,0,200043,0.0247908104211092,0.020069630816578865,0.052243683487176895,0.05616459250450134,0.9301889528173786,0.9801803321552982,0.0,0.0,59425,0.06660060584545135,0.0637776330113411,0.0514037162065506,0.04574619233608246,1.1236720168731016,1.230466216109106,0.0,0.0,140618,0.007122037000954151,0.0015986799262464046,0.050984010100364685,0.056242913007736206,0.9064966121749747,0.9676952649994882,0.0,0.0,-1.198738889634313,3.7610678214662143,-0.344872930156737,0.011031897738575935,0.00458768755197525,0.017254604026675224,4096,0.24640874564647675,0.0,0.9203606843948364
500,D1,validation_test_seen,train,scene_0100,192,192,0,198401,0.027929367497563362,0.024606090039014816,0.07948681712150574,0.08828484266996384,0.9003450050724126,0.9110326174709089,0.0,0.0,54212,0.07945038378238678,0.07833308726549149,0.0643148198723793,0.05435025691986084,1.1833397580293163,1.2364219831137926,0.0,0.0,144189,0.00855855830013752,0.004405883140861988,0.08437733352184296,0.08812298625707626,0.9574951678974392,0.9572436431654614,0.0,0.0,-1.0179019372936455,3.0465097862760357,-0.3792272235387899,0.012925886549055576,0.007397410459816456,0.02253628335893154,4096,0.24347256124019623,0.0,1.2459629774093628
500,D1,validation_test_seen,train,scene_0129,192,7616,0,199019,0.028248298913240433,0.024313978850841522,0.08751042187213898,0.08601099997758865,1.0174329085226426,0.9806894672771,0.0,0.0,57613,0.07733085751533508,0.07623894512653351,0.09314534068107605,0.05941979959607124,1.5675808621750165,1.5650945470846898,0.0,0.0,141406,0.008250602521002293,0.0031582044903188944,0.0851016566157341,0.08663759380578995,0.9822717007411487,0.966436453596925,0.0,0.0,-0.9109798009707258,3.6570914224601134,-0.3095842032350588,0.011409998871386051,0.00579006876796484,0.021174810826778412,4096,0.2421238124370575,0.0,1.044395923614502
500,D1,train,eval,scene_0000,128,128,0,199291,0.039962057024240494,0.035308837890625,0.05713581666350365,0.05072623863816261,1.1263562644780634,1.1155709313474795,0.0,0.0,97957,0.07139211148023605,0.06845860183238983,0.0564286932349205,0.04420310631394386,1.276577551680346,1.260627076786574,0.0,0.0,101334,0.009579411707818508,0.0032638090196996927,0.050029270350933075,0.05377337336540222,0.9303725472265405,0.9477717314452772,0.0,0.0,-0.6244399014424666,2.03952794513289,-0.32018178994879726,0.011841066181659698,0.008893096819519997,0.018137719482183456,4096,0.24610796570777893,0.0,0.9940313100814819
500,D1,train,eval,scene_0006,128,1664,0,200073,0.04161469265818596,0.03838200122117996,0.05961200222373009,0.06395228207111359,0.9321325258955232,0.9126609542647129,0.0,0.0,62719,0.11648376286029816,0.11610797047615051,0.06995060294866562,0.05385834351181984,1.2987886070672439,1.152934341293399,0.0,0.0,137354,0.007427746895700693,0.0028905365616083145,0.05014599859714508,0.0529913492500782,0.9463053744960283,0.9464532689812352,0.0,0.0,-0.4861834223730932,2.323637710013702,-0.2174228014280865,0.012365937232971191,0.008401311933994293,0.019521605223417282,4096,0.24589036405086517,0.0,1.304234266281128
500,D1,train,eval,scene_0013,128,3456,0,200704,0.06747791916131973,0.06494133174419403,0.06381654739379883,0.0688348039984703,0.9270971033086257,0.9141302699843115,0.0,0.0,89703,0.14291293919086456,0.1428343951702118,0.07252556830644608,0.04699346423149109,1.5433118092589033,1.5176312143411195,0.0,0.0,111001,0.006516773719340563,0.0019937760662287474,0.04726201668381691,0.05120379477739334,0.9230178522761219,0.9225023551837044,0.0,0.0,-0.588307051719119,2.1546459964012703,-0.29259260773394585,0.011386859230697155,0.00777825340628624,0.01675938256084919,4096,0.245431050658226,0.0,1.7653270959854126
500,D1,train,eval,scene_0019,128,4992,0,200704,0.03571581467986107,0.03227545693516731,0.05687907338142395,0.055892203003168106,1.0176566734755454,1.121002969746774,0.0,0.0,58792,0.10365786403417587,0.1029452532529831,0.06149403378367424,0.04431021586060524,1.38780713633008,1.1963189877429168,0.0,0.0,141912,0.007568451575934887,0.0029980260878801346,0.049027204513549805,0.05229644477367401,0.9374863764779295,0.9414299155742695,0.0,0.0,-0.39032415064796466,1.6449858876638734,-0.2391632323156457,0.013741043396294117,0.011479240842163563,0.01888318918645382,4096,0.24595661461353302,0.0,1.3471198081970215
500,D1,train,eval,scene_0026,128,6784,0,200606,0.031313925981521606,0.027718709781765938,0.057419005781412125,0.05439907684922218,1.055514341549587,1.073535996117985,0.0,0.0,73365,0.07222824543714523,0.06817524880170822,0.06582458317279816,0.03955148905515671,1.6642757262818142,1.6744707084059365,0.0,0.0,127241,0.00772342411801219,0.004392160102725029,0.051055967807769775,0.05409681051969528,0.9437888725284753,0.9430939363192657,0.0,0.0,-0.7926344290745974,2.1375350396805812,-0.39251219588207603,0.01244787871837616,0.00924619846045971,0.019764073193073273,4096,0.24603895843029022,0.0,1.0204761028289795
500,D1,train,eval,scene_0033,128,8576,0,199769,0.040831681340932846,0.03768767789006233,0.054943036288022995,0.06836948543787003,0.8036192745366182,0.6941237805935127,0.0,0.0,68040,0.10740073025226593,0.10713176429271698,0.05515578016638756,0.06265620142221451,0.8802924357752766,0.890717565079587,0.0,0.0,131729,0.0064477697014808655,0.0018187662353739142,0.05144321545958519,0.05706477537751198,0.9014880917214277,0.9543779412635478,0.0,0.0,-0.6612117891528334,1.9708552660181018,-0.3325058429061822,0.014151754789054394,0.010004051961004734,0.0197165384888649,4096,0.24638523161411285,0.0,1.2066516876220703
500,D1,train,eval,scene_0039,128,10112,0,200702,0.05123278871178627,0.04891036078333855,0.06494137644767761,0.0558958500623703,1.1618282283070038,1.2531781335304975,0.0,0.0,79754,0.11836463212966919,0.11749635636806488,0.06571037322282791,0.05079520866274834,1.2936332963824972,1.2757861888145785,0.0,0.0,120948,0.0069655608385801315,0.0036842499393969774,0.04857078567147255,0.051167383790016174,0.9492528652784027,0.946886147801528,0.0,0.0,-0.5658388568850369,1.7438932343945375,-0.33112866378238204,0.01352542545646429,0.010834875516593456,0.018894866108894348,4096,0.24543330073356628,0.0,1.087251901626587
500,D1,train,eval,scene_0046,128,11904,0,200574,0.031206374987959862,0.028457816690206528,0.055418651551008224,0.053314391523599625,1.039468893243903,1.037913168338705,0.0,0.0,61885,0.08756721019744873,0.08729752153158188,0.055096037685871124,0.02987593784928322,1.8441609419532576,1.8844008907725651,0.0,0.0,138689,0.006057373248040676,0.0022026998922228813,0.05132428556680679,0.05511162057518959,0.9312788306920555,0.9493228360754097,0.0,0.0,-0.779359114495216,2.623665563584605,-0.30520361390483647,0.011660153046250343,0.00677051255479455,0.017763560637831688,4096,0.24612167477607727,0.0,1.0204665660858154
500,D1,train,eval,scene_0052,128,13440,0,200635,0.042469944804906845,0.04105134680867195,0.052850980311632156,0.053535621613264084,0.9872114812343508,1.028347164740829,0.0,0.0,91160,0.08562322705984116,0.08531414717435837,0.04942833632230759,0.03297131881117821,1.4991313088013327,1.5417581550492505,0.0,0.0,109475,0.00653613219037652,0.004193645901978016,0.05226127430796623,0.05531821399927139,0.9447390023953878,0.9485801465247734,0.0,0.0,-0.6717098085414483,2.5282479311951684,-0.29008935965948823,0.010968076065182686,0.006577382795512676,0.016629254445433617,4096,0.2467011958360672,0.0,0.9197556972503662
500,D1,train,eval,scene_0059,128,15232,0,199735,0.05775310471653938,0.05492811277508736,0.05640450865030289,0.06833288073539734,0.8254373010954389,0.8348647726462132,0.0,0.0,85876,0.12166517972946167,0.12149222940206528,0.05009856075048447,0.05037938058376312,0.9944258974599389,0.9923435918385558,0.0,0.0,113859,0.009548628702759743,0.004723377991467714,0.05417678505182266,0.06215624138712883,0.8716226052729351,0.9368255206627886,0.0,0.0,-0.4889485117544458,1.7122849034491243,-0.3120902645434136,0.012041673995554447,0.009780775755643845,0.016747474670410156,4096,0.2466132640838623,0.0,1.1468291282653809
500,D1,train,eval,scene_0066,128,17024,0,200531,0.028556277975440025,0.024742569774389267,0.054615095257759094,0.04653300344944,1.1736851526702035,1.214434160212276,0.0,0.0,53207,0.09166527539491653,0.09042774140834808,0.051418185234069824,0.03818947449326515,1.3463967733606181,1.3214225800636905,0.0,0.0,147324,0.005764064844697714,0.0010199510725215077,0.044537439942359924,0.047568727284669876,0.9362756265441045,0.9320268681276107,0.0,0.0,-0.23723705096827058,1.890688760208774,-0.10632106522112166,0.012621681205928326,0.009781885892152786,0.01849450170993805,4096,0.24609172344207764,0.0,0.9720702767372131
500,D1,train,eval,scene_0072,128,18560,0,200356,0.03479836881160736,0.0314871110022068,0.05837494134902954,0.05605534091591835,1.041380542785219,1.0486138424796416,0.0,0.0,66762,0.09067463874816895,0.08994369953870773,0.06597036868333817,0.04116056486964226,1.6027566407863911,1.4895141821062043,0.0,0.0,133594,0.006874871905893087,0.00227413815446198,0.050455689430236816,0.05397564545273781,0.9347862171359648,0.9483580686057259,0.0,0.0,-0.6023156795790523,1.8586732625788442,-0.33800096881162006,0.015283163636922836,0.011699389666318893,0.021745342761278152,4096,0.24600638449192047,0.0,1.152806282043457
500,D1,train,eval,scene_0079,128,20352,0,200683,0.05891925096511841,0.05710313841700554,0.05382249876856804,0.06036735698580742,0.8915828264805746,0.9111274204783713,0.0,0.0,98725,0.11023004353046417,0.10989789664745331,0.050874337553977966,0.039067342877388,1.302221594994212,1.3451918312558528,0.0,0.0,101958,0.00923549197614193,0.0059824492782354355,0.05136813968420029,0.05715063586831093,0.8988200901660144,0.9172811459882111,0.0,0.0,-0.36742638845997183,2.659345040688648,-0.14349751117736045,0.01029225718230009,0.005860729143023491,0.01558570098131895,4096,0.2467031329870224,0.0,1.3232314586639404
500,D1,train,eval,scene_0085,128,21888,0,200633,0.04221183434128761,0.039487678557634354,0.055670659989118576,0.050385165959596634,1.1049017886288264,1.0680347440973326,0.0,0.0,90883,0.08227163553237915,0.08051500469446182,0.05607151240110397,0.038099657744169235,1.471706459349629,1.4833239752385312,0.0,0.0,109750,0.009038666263222694,0.005513314623385668,0.049145422875881195,0.053024355322122574,0.9268462120345096,0.930831227034089,0.0,0.0,-0.5729097072145799,2.0722204594928257,-0.2756964861052258,0.012341328896582127,0.008934836834669113,0.018514951691031456,4096,0.24606521427631378,0.0,1.1556247472763062
500,D1,train,eval,scene_0092,128,23680,0,200680,0.029721783474087715,0.0267317071557045,0.05545831844210625,0.05243854597210884,1.057586884113903,1.1557708252618706,0.0,0.0,55656,0.0912596732378006,0.09078586846590042,0.05639924108982086,0.037250760942697525,1.5140426574528036,1.5390321557073832,0.0,0.0,145024,0.0061053261160850525,0.0021495777182281017,0.049268849194049835,0.05279667675495148,0.9331808784618099,0.9454846006439288,0.0,0.0,-0.7922510758767043,2.0957095574588633,-0.3882919994143325,0.01422714814543724,0.009336077608168125,0.019565707072615623,4096,0.24626971781253815,0.0,1.055142879486084
500,D1,train,eval,scene_0099,128,25472,0,200699,0.04364145174622536,0.040495943278074265,0.05238153040409088,0.05544103682041168,0.944815129878769,0.968121111140038,0.0,0.0,77958,0.10085266828536987,0.09962548315525055,0.050305284559726715,0.0436473973095417,1.1525380128159335,1.1232840858452768,0.0,0.0,122741,0.007304197642952204,0.0029402703512459993,0.04726039990782738,0.05100555345416069,0.926573612230301,0.9281431614219315,0.0,0.0,-0.5750867128033795,1.9642116389056052,-0.2957449216518472,0.013585764914751053,0.0100361043587327,0.019713032990694046,4096,0.2467033714056015,0.0,1.299593448638916
500,D1,validation_test_seen,eval,scene_0100,128,128,0,199556,0.02182403951883316,0.018999839201569557,0.04837207868695259,0.052054379135370255,0.9292605058482853,0.9636032706767437,0.0,0.0,57517,0.06102310121059418,0.0595463290810585,0.041466809809207916,0.037038180977106094,1.119569285404141,1.322384384246825,0.0,0.0,142039,0.0059508453123271465,0.00258102104999125,0.04992959275841713,0.053139571100473404,0.9395934465487683,0.9512173848428603,0.0,0.0,-0.8769870369395074,2.7537411112487935,-0.32935541480152275,0.010117568075656891,0.005813529249280691,0.016008954495191574,4096,0.2467351108789444,0.0,1.1120436191558838
500,D1,validation_test_seen,eval,scene_0101,128,384,0,200668,0.027193840593099594,0.023706573992967606,0.04491635039448738,0.05655544623732567,0.7942002650991962,0.768342817283166,0.0,0.0,66409,0.07019323110580444,0.06762443482875824,0.04139620438218117,0.053048230707645416,0.7803503308210252,0.8546266077388348,0.0,0.0,134259,0.005924897734075785,0.001983331050723791,0.04613770544528961,0.04894638806581497,0.94261716274654,0.9363829958913347,0.0,0.0,-0.7219100351243604,3.054569578238722,-0.25057878944232237,0.009428493678569794,0.0050209034234285355,0.015336698852479458,4096,0.24733112752437592,0.0,0.9787375926971436
500,D1,validation_test_seen,eval,scene_0102,128,640,0,200285,0.023378979414701462,0.02001194655895233,0.05093515291810036,0.05198422446846962,0.9798194248140498,1.0248012652997207,0.0,0.0,48268,0.07838898152112961,0.07784618437290192,0.05751454457640648,0.03879689425230026,1.4824522860614404,1.5080251022130386,0.0,0.0,152017,0.0059123570099473,0.001648586243391037,0.04665147513151169,0.050269003957509995,0.9280365923093278,0.9383116317033424,0.0,0.0,-0.44629902273866817,1.9633444054794031,-0.23000824142283527,0.011482960544526577,0.008749539032578468,0.017178358510136604,4096,0.24640211462974548,0.0,1.1575541496276855
500,D1,validation_test_seen,eval,scene_0103,128,896,0,200682,0.025750070810317993,0.021519185975193977,0.05336137115955353,0.05294144153594971,1.0079319642877247,1.0553251394786733,0.0,0.0,54316,0.07890670001506805,0.07660891860723495,0.05837399885058403,0.03799759969115257,1.536254903600554,1.4959322397936035,0.0,0.0,146366,0.006023797206580639,0.001075545558705926,0.04889824986457825,0.052473071962594986,0.931873207260192,0.9399889191356926,0.0,0.0,-0.7331659482263464,1.6846227648211873,-0.44010438234460475,0.014544469304382801,0.011807683855295181,0.019891493022441864,4096,0.24623526632785797,0.0,1.1962124109268188
500,D1,validation_test_seen,eval,scene_0104,128,1152,0,200697,0.023905828595161438,0.020788351073861122,0.05704164132475853,0.0484677329659462,1.1768993066961977,1.1866702043135975,0.0,0.0,52465,0.07641485333442688,0.07590450346469879,0.061219632625579834,0.0303192138671875,2.019169523779567,1.9528039311017042,0.0,0.0,148232,0.005320864263921976,0.0012806272134184837,0.04902636259794235,0.05203025043010712,0.9422665121283642,0.9562712709029354,0.0,0.0,-0.7627851133665315,2.6083118874698608,-0.3095989989227072,0.01280970498919487,0.007778441533446312,0.020288601517677307,4096,0.24586962163448334,0.0,0.8178626894950867
500,D1,validation_test_seen,eval,scene_0105,128,1408,0,200704,0.030984139069914818,0.026021229103207588,0.05483808368444443,0.05086847394704819,1.078036737283065,1.0865546999859332,0.0,0.0,55002,0.09575197100639343,0.09537847340106964,0.05584001913666725,0.03774315118789673,1.4794742192743495,1.737756718643145,0.0,0.0,145702,0.006534509360790253,-0.00016088933625724167,0.04723130166530609,0.05001714453101158,0.9443022409250449,0.9446065302432918,0.0,0.0,-0.5617501116288801,1.918587419418702,-0.2951786171198303,0.014300708658993244,0.01031164824962616,0.01978379860520363,4096,0.24623140692710876,0.0,1.3265612125396729
500,D1,validation_test_seen,eval,scene_0106,128,1664,0,200309,0.05228061228990555,0.04965765401721001,0.055693209171295166,0.057935118675231934,0.9613030998261299,1.0747619432819173,0.0,0.0,98174,0.098365917801857,0.09817875921726227,0.05791470408439636,0.040384773164987564,1.4340727840117409,1.4581406376006552,0.0,0.0,102135,0.007982579991221428,0.0030182944610714912,0.04930618777871132,0.053902383893728256,0.9147311160842421,0.955244564298107,0.0,0.0,-1.1556031442889851,3.2882036612192254,-0.375139417934665,0.012550301849842072,0.005968934390693903,0.019627071917057037,4096,0.24660252034664154,0.0,1.1875851154327393
500,D1,validation_test_seen,eval,scene_0107,128,1920,0,199994,0.048633333295583725,0.04556147754192352,0.0614834688603878,0.058338407427072525,1.05391064946788,1.016878802524528,0.0,0.0,66108,0.1332649439573288,0.13273099064826965,0.06429341435432434,0.04761239513754845,1.3503503482357009,1.4301980960290395,0.0,0.0,133886,0.006845337804406881,0.002520363312214613,0.0457756407558918,0.05165746808052063,0.886137909131346,0.9324395649929133,0.0,0.0,-0.5957633556883637,2.0587813314360446,-0.2776678690795531,0.014176640659570694,0.010132870636880398,0.020861364901065826,4096,0.2456669807434082,0.0,1.855937123298645
500,D1,validation_test_seen,eval,scene_0108,128,2176,0,199879,0.04500369355082512,0.04211752116680145,0.055108170956373215,0.05443450063467026,1.012375796853988,1.0825857918609691,0.0,0.0,82022,0.09777604788541794,0.09734746813774109,0.05576649308204651,0.037817005068063736,1.4746406538983443,1.506379950002229,0.0,0.0,117857,0.00827703531831503,0.0036805178970098495,0.047989942133426666,0.05369402468204498,0.8937669026973548,0.9560855727985513,0.0,0.0,-0.9097555721170644,2.7827286279705863,-0.32713494818240496,0.013362297788262367,0.007075968664139509,0.0196905005723238,4096,0.24660958349704742,0.0,1.2126132249832153
500,D1,validation_test_seen,eval,scene_0109,128,2432,0,199635,0.05749747157096863,0.05426105856895447,0.06527411192655563,0.054467979818582535,1.1983942151694496,1.203355707212468,0.0,0.0,90009,0.1159692332148552,0.11556582897901535,0.06664806604385376,0.04967711120843887,1.3416252359000287,1.4115087221465152,0.0,0.0,109626,0.009488931857049465,0.003926445264369249,0.043781619518995285,0.05085480585694313,0.8609141020448483,0.9606591835084475,0.0,0.0,-0.7252244220287394,1.9806263780521935,-0.3755555788618389,0.011311107315123081,0.008185934275388718,0.016213277354836464,4096,0.24541421234607697,0.0,1.321075439453125
500,D1,validation_test_seen,eval,scene_0110,128,2688,0,200090,0.03524617478251457,0.031212838366627693,0.05273616313934326,0.05254792049527168,1.0035823043480572,1.0449938599581392,0.0,0.0,68702,0.08752480894327164,0.08705440163612366,0.05355902388691902,0.03589851036667824,1.491956722990758,1.420981712856599,0.0,0.0,131388,0.007909994572401047,0.0020136216189712286,0.046924177557229996,0.053071681410074234,0.8841660243370902,0.9434180766386847,0.0,0.0,-0.5916284608588992,2.2984075024888084,-0.25772438096801437,0.011964608915150166,0.0076749287545681,0.017640113830566406,4096,0.24638386070728302,0.0,1.0918715000152588
500,D1,validation_test_seen,eval,scene_0111,128,2944,0,200582,0.038662731647491455,0.03650903329253197,0.05509129911661148,0.045875683426856995,1.2008823629722623,1.168416285575486,0.0,0.0,85341,0.08100593090057373,0.08062990009784698,0.05488692596554756,0.02907377853989601,1.8878497643582821,1.8040684940855798,0.0,0.0,115241,0.007305739913135767,0.0038356035947799683,0.04725481569766998,0.05075240507721901,0.9310852485862,0.9411342395432886,0.0,0.0,-0.6151983914514723,2.434533162799196,-0.25813711134207423,0.010583977214992046,0.006728209555149078,0.016380049288272858,4096,0.24623875319957733,0.0,1.1734075546264648
500,D1,validation_test_seen,eval,scene_0112,128,3200,0,200135,0.03355232626199722,0.030591309070587158,0.05497739836573601,0.05462484434247017,1.0064540966204956,1.0805884617698593,0.0,0.0,68226,0.0816575363278389,0.08103466778993607,0.05313234403729439,0.04084191843867302,1.3009267455708844,1.4664150191777936,0.0,0.0,131909,0.00867134053260088,0.004500979091972113,0.05080173909664154,0.056647252291440964,0.8968085307169852,0.9567846568953202,0.0,0.0,-0.6457040242505419,2.1370624184049065,-0.3095440585771021,0.014743499457836151,0.00982955377548933,0.021006369963288307,4096,0.24637910723686218,0.0,1.0415984392166138
500,D1,validation_test_seen,eval,scene_0113,128,3456,0,200704,0.034794893115758896,0.0315898172557354,0.05528028681874275,0.05266651511192322,1.049628719524444,1.0642241924871207,0.0,0.0,67285,0.09013163298368454,0.08946304023265839,0.056967295706272125,0.037633322179317474,1.5137461272972659,1.5085676833781783,0.0,0.0,133419,0.006887832656502724,0.00240357406437397,0.04900539666414261,0.0523630753159523,0.9358769775925139,0.9425533191588944,0.0,0.0,-0.4684166108399863,1.785106254629352,-0.267581921799144,0.013236726634204388,0.010529140010476112,0.01879563368856907,4096,0.24624574184417725,0.0,1.2948598861694336
500,D1,validation_test_seen,eval,scene_0114,128,3712,0,199834,0.0367732048034668,0.033011388033628464,0.05746863782405853,0.057798922061920166,0.9942856332595996,0.9807537260031889,0.0,0.0,58958,0.10818438231945038,0.1078345775604248,0.05622906982898712,0.0569305457174778,0.9876783916322917,1.0880799703881303,0.0,0.0,140876,0.006886920426040888,0.0016971395816653967,0.04696311056613922,0.053133003413677216,0.8838783345352962,0.9430773548285353,0.0,0.0,-0.8372378908184691,2.1345943894647696,-0.39899387183611956,0.016273939982056618,0.010604345239698887,0.02263597585260868,4096,0.24602951109409332,0.0,1.2330753803253174
500,D1,validation_test_seen,eval,scene_0115,128,3968,0,200648,0.03514698147773743,0.0312793031334877,0.06043960899114609,0.05591801553964615,1.0808611215520356,1.0532819929969428,0.0,0.0,51118,0.12097952514886856,0.11747343093156815,0.06606815755367279,0.05734998360276222,1.1520170260430669,1.1232412943641183,0.0,0.0,149530,0.005804459564387798,0.0018131675897166133,0.047284044325351715,0.04989656060934067,0.9476413553943458,0.9451324947993927,0.0,0.0,-0.3982006594451281,1.686408656213494,-0.24355049079709476,0.012510329484939575,0.011162856593728065,0.018825137987732887,4096,0.2455301135778427,0.0,1.1697607040405273
500,D1,validation_test_seen,eval,scene_0116,128,4224,0,200682,0.04802493751049042,0.0449487566947937,0.05543043464422226,0.06261704117059708,0.8852292220771777,0.9154475524920562,0.0,0.0,68868,0.12446404248476028,0.1238824874162674,0.05613034963607788,0.046667635440826416,1.2027682376847653,1.2647630194815336,0.0,0.0,131814,0.008088288828730583,0.0037087630480527878,0.04943569749593735,0.051975592970848083,0.951132919708385,0.9573154229432773,0.0,0.0,-0.35543097517525907,2.0582530339545735,-0.1813881783679136,0.013803711161017418,0.010103420354425907,0.020795395597815514,4096,0.2463298738002777,0.0,1.2991046905517578
500,D1,validation_test_seen,eval,scene_0117,128,4480,0,200501,0.023277096450328827,0.020444270223379135,0.05111933872103691,0.0538739413022995,0.9488694809647236,0.951421646659881,0.0,0.0,53935,0.07010234892368317,0.06918451189994812,0.05084925889968872,0.03975345194339752,1.279115558872468,1.3063789027180945,0.0,0.0,146566,0.006045812740921974,0.002508290112018585,0.050068292766809464,0.05313188582658768,0.9423398395875277,0.9502237756513495,0.0,0.0,-1.2855708685436023,3.0047843210555767,-0.45532584392589415,0.011323618702590466,0.0057647996582090855,0.017321979627013206,4096,0.24642980098724365,0.0,1.0740514993667603
500,D1,validation_test_seen,eval,scene_0118,128,4736,0,200491,0.03036210685968399,0.02758517861366272,0.04978593438863754,0.057867057621479034,0.8603501963811281,0.7764540402993992,0.0,0.0,65199,0.07989799231290817,0.0795312449336052,0.048866789788007736,0.04918580502271652,0.9935140792234376,1.0629645513617518,0.0,0.0,135292,0.0064901066944003105,0.0025516918394714594,0.04886682331562042,0.05246668681502342,0.9313876343651224,0.9481301645268002,0.0,0.0,-0.5298714981862377,3.174107685100033,-0.19925132493150635,0.011168011464178562,0.005581997334957123,0.017717860639095306,4096,0.24687610566616058,0.0,1.1265913248062134
500,D1,validation_test_seen,eval,scene_0119,128,4992,0,199640,0.04020300880074501,0.037462372332811356,0.05549217015504837,0.056304823607206345,0.9855668946265207,1.0287923296187111,0.0,0.0,70329,0.10112213343381882,0.10071855783462524,0.060627251863479614,0.04295191913843155,1.4115143881716086,1.3579995111592087,0.0,0.0,129311,0.007070634514093399,0.0030589241068810225,0.04713873192667961,0.051717229187488556,0.9114705614987476,0.9413253381441641,0.0,0.0,-0.5935017445537994,1.985028594689292,-0.2936001645339203,0.01405029185116291,0.010213229805231094,0.02027355320751667,4096,0.24632528424263,0.0,1.319490909576416
500,D1,validation_test_seen,eval,scene_0120,128,5248,0,200686,0.029592063277959824,0.02744285576045513,0.057729873806238174,0.0505831353366375,1.1412869807701358,1.2644708928918427,0.0,0.0,62231,0.08255097270011902,0.08193380385637283,0.06567686051130295,0.03299010917544365,1.9908045821257798,1.9306264992502138,0.0,0.0,138455,0.005788764450699091,0.002950953086838126,0.049187853932380676,0.052198220044374466,0.9423281845734465,0.9410490018221421,0.0,0.0,-0.9349364342642777,2.3179462119687626,-0.4170719338674967,0.014632517471909523,0.009270037524402142,0.02148744836449623,4096,0.245869979262352,0.0,1.2106724977493286
500,D1,validation_test_seen,eval,scene_0121,128,5504,0,199742,0.038836006075143814,0.0360431969165802,0.05992010608315468,0.05205470323562622,1.151098793358318,1.2705938361533147,0.0,0.0,68418,0.10030647367238998,0.09990519285202026,0.06505607813596725,0.03979155048727989,1.6349219203399386,1.6855140113321518,0.0,0.0,131324,0.006810734048485756,0.0027719740755856037,0.04778209701180458,0.05136334151029587,0.9302762555319065,0.942603368153068,0.0,0.0,-0.7871001890742544,2.282011083969225,-0.34907169186660186,0.013652410358190536,0.008635847829282284,0.019707100465893745,4096,0.24581824243068695,0.0,0.9896106719970703
500,D1,validation_test_seen,eval,scene_0122,128,5760,0,200023,0.042200956493616104,0.040107712149620056,0.04935801774263382,0.06293501704931259,0.7842695538472557,0.82468521497275,0.0,0.0,78065,0.0934065580368042,0.0932467132806778,0.04384861886501312,0.04501315951347351,0.9741288845073891,1.0209906291499211,0.0,0.0,121958,0.009424383752048016,0.006093570031225681,0.05167461931705475,0.056563809514045715,0.9135632794361755,0.9655047825949808,0.0,0.0,-0.6985424703565901,2.185926020046667,-0.33759512469671243,0.010177958756685257,0.007186685223132372,0.015709562227129936,4096,0.2470969408750534,0.0,1.3033376932144165
500,D1,validation_test_seen,eval,scene_0123,128,6016,0,200684,0.04436289891600609,0.04296662658452988,0.0601896308362484,0.05883701890707016,1.022989130895884,1.038399215922428,0.0,0.0,72385,0.11180475354194641,0.1111738458275795,0.06742987036705017,0.04689929634332657,1.4377586792225925,1.369803825263194,0.0,0.0,128299,0.006312881596386433,0.004484809469431639,0.04941819980740547,0.051957398653030396,0.9511292152522569,0.9525350420537082,0.0,0.0,-0.5181955544876998,1.4067084541402883,-0.38649517598359007,0.013863852247595787,0.012482126243412495,0.017558712512254715,4096,0.24579916894435883,0.0,1.2693300247192383
500,D1,validation_test_seen,eval,scene_0124,128,6272,0,200223,0.034770410507917404,0.03178238123655319,0.05332852527499199,0.04967567324638367,1.0735340215821685,1.1447104584736691,0.0,0.0,71991,0.08451742678880692,0.08386503159999847,0.0538744293153286,0.034191593527793884,1.5756630141129515,1.669647750704967,0.0,0.0,128232,0.006841827649623156,0.002542554633691907,0.04697917774319649,0.05110533535480499,0.9192617055937085,0.9382489860115617,0.0,0.0,-0.48961775825105114,2.243038403289064,-0.21530187087378344,0.012611656449735165,0.008394596166908741,0.018829401582479477,4096,0.24638698995113373,0.0,1.1014928817749023
500,D1,validation_test_seen,eval,scene_0125,128,6528,0,200704,0.04911569505929947,0.04705649986863136,0.061093032360076904,0.0626876950263977,0.974561791342794,0.9553446477687295,0.0,0.0,61232,0.14503464102745056,0.14481514692306519,0.06327939033508301,0.055785808712244034,1.134327740259043,1.1183353698252705,0.0,0.0,139472,0.007004668936133385,0.004137793555855751,0.047392893582582474,0.05128074064850807,0.9241850445847898,0.9386400654272415,0.0,0.0,-0.4138692307780662,1.5246069155233433,-0.2797077048261579,0.013229670003056526,0.011862926185131073,0.018086299300193787,4096,0.24564909934997559,0.0,1.4314823150634766
500,D1,validation_test_seen,eval,scene_0126,128,6784,0,200700,0.024071570485830307,0.02097436785697937,0.05273253843188286,0.05136072263121605,1.026709433403358,1.0078324473765514,0.0,0.0,60523,0.06622368097305298,0.06488250195980072,0.054250556975603104,0.03332030400633812,1.6281531214506229,1.646041089474503,0.0,0.0,140177,0.005871922709047794,0.0020165361929684877,0.05030763894319534,0.053400807082653046,0.94207637845866,0.9480305239286763,0.0,0.0,-0.633275025111706,2.2988977095407868,-0.27523927425439293,0.012195676565170288,0.007858054712414742,0.018064863979816437,4096,0.246272012591362,0.0,1.065356731414795
500,D1,validation_test_seen,eval,scene_0127,128,7040,0,200161,0.025084516033530235,0.02074451558291912,0.05346987023949623,0.05238356813788414,1.020737459096958,1.093787120762859,0.0,0.0,42698,0.09337987005710602,0.09280931949615479,0.05212411284446716,0.03676766902208328,1.4176616095287558,1.3193954681228972,0.0,0.0,157463,0.00656540784984827,0.0012032723752781749,0.047794409096241,0.05304429680109024,0.9010282344860618,0.9379882143898498,0.0,0.0,-0.7203453635550661,2.2050405960232498,-0.3140308359354275,0.01469435729086399,0.009289361536502838,0.02048341929912567,4096,0.24613958597183228,0.0,1.2776665687561035
500,D1,validation_test_seen,eval,scene_0128,128,7296,0,200671,0.03229405730962753,0.028850233182311058,0.05371709540486336,0.05794762074947357,0.9269939768036353,0.8453993674146687,0.0,0.0,61355,0.09137838333845139,0.08963107317686081,0.05926429107785225,0.050289787352085114,1.1784557898989612,1.3049328763916002,0.0,0.0,139316,0.006273224484175444,0.002082248218357563,0.04849095642566681,0.051738664507865906,0.9372286062446521,0.9121100278388757,0.0,0.0,-0.699137345124958,2.4198328484158917,-0.28955496384309,0.012177684344351292,0.007903825491666794,0.019125936552882195,4096,0.24640168249607086,0.0,1.1736769676208496
500,D1,validation_test_seen,eval,scene_0129,128,7552,0,200043,0.0247908104211092,0.020069630816578865,0.052243683487176895,0.05616459250450134,0.9301889528173786,0.9801803321552982,0.0,0.0,59425,0.06660060584545135,0.0637776330113411,0.0514037162065506,0.04574619233608246,1.1236720168731016,1.230466216109106,0.0,0.0,140618,0.007122037000954151,0.0015986799262464046,0.050984010100364685,0.056242913007736206,0.9064966121749747,0.9676952649994882,0.0,0.0,-1.198738889634313,3.7610678214662143,-0.344872930156737,0.011031897738575935,0.00458768755197525,0.017254604026675224,4096,0.24640874564647675,0.0,1.0210545063018799
500,D1,validation_test_seen,eval,scene_0100,192,192,0,198401,0.027929367497563362,0.024606090039014816,0.07948681712150574,0.08828484266996384,0.9003450050724126,0.9110326174709089,0.0,0.0,54212,0.07945038378238678,0.07833308726549149,0.0643148198723793,0.05435025691986084,1.1833397580293163,1.2364219831137926,0.0,0.0,144189,0.00855855830013752,0.004405883140861988,0.08437733352184296,0.08812298625707626,0.9574951678974392,0.9572436431654614,0.0,0.0,-1.0179019372936455,3.0465097862760357,-0.3792272235387899,0.012925886549055576,0.007397410459816456,0.02253628335893154,4096,0.24347256124019623,0.0,1.3018369674682617
500,D1,validation_test_seen,eval,scene_0129,192,7616,0,199019,0.028248298913240433,0.024313978850841522,0.08751042187213898,0.08601099997758865,1.0174329085226426,0.9806894672771,0.0,0.0,57613,0.07733085751533508,0.07623894512653351,0.09314534068107605,0.05941979959607124,1.5675808621750165,1.5650945470846898,0.0,0.0,141406,0.008250602521002293,0.0031582044903188944,0.0851016566157341,0.08663759380578995,0.9822717007411487,0.966436453596925,0.0,0.0,-0.9109798009707258,3.6570914224601134,-0.3095842032350588,0.011409998871386051,0.00579006876796484,0.021174810826778412,4096,0.2421238124370575,0.0,1.0932899713516235
