source_step,target_loss,branch,split,mode,index,scene,frame,valid_mae_m,valid_bias_m,foreground_mae_m,foreground_bias_m,background_mae_m,background_bias_m,local_slope,local_correlation,local_contrast_ratio,local_difference_mae,sigmoid_derivative_mean,sigmoid_extreme_fraction,delta_valid_mae_m_from_before_optimizer,delta_valid_bias_m_from_before_optimizer,delta_foreground_mae_m_from_before_optimizer,delta_foreground_bias_m_from_before_optimizer,delta_background_mae_m_from_before_optimizer,delta_background_bias_m_from_before_optimizer,delta_local_slope_from_before_optimizer,delta_local_correlation_from_before_optimizer,delta_local_contrast_ratio_from_before_optimizer,delta_local_difference_mae_from_before_optimizer,delta_sigmoid_derivative_mean_from_before_optimizer,delta_sigmoid_extreme_fraction_from_before_optimizer,delta_valid_mae_m_from_normal_A,delta_valid_bias_m_from_normal_A,delta_foreground_mae_m_from_normal_A,delta_foreground_bias_m_from_normal_A,delta_background_mae_m_from_normal_A,delta_background_bias_m_from_normal_A,delta_local_slope_from_normal_A,delta_local_correlation_from_normal_A,delta_local_contrast_ratio_from_normal_A,delta_local_difference_mae_from_normal_A,delta_sigmoid_derivative_mean_from_normal_A,delta_sigmoid_extreme_fraction_from_normal_A
200,view,normal_A,train,eval,128,scene_0000,128,0.011265668086707592,-0.008067321963608265,0.0165452528744936,-0.015118313021957874,0.006162026431411505,-0.001251308829523623,0.7715583040697395,0.7235995032436919,1.063631060782981,0.002543241484090686,0.24240867793560028,0.0,0.0004219496622681618,-0.00026560062542557716,0.0004896633327007294,-0.0008224891498684883,0.00035649025812745094,0.00027272989973425865,0.00897768290443779,-0.004019297504080033,0.01815310470641096,3.986316733062267e-05,-0.00014071166515350342,0.0,0.0,0.0,0.0,0.0,0.0,0.0,0.0,0.0,0.0,0.0,0.0,0.0
200,view,normal_A,train,eval,1664,scene_0006,128,0.011967957951128483,0.0015515051782131195,0.029552798718214035,0.005271489731967449,0.003938316833227873,-0.00014712549454998225,0.43567082116754174,0.35883041040042485,1.2127730898674625,0.004286356270313263,0.24283257126808167,0.0,0.00028197187930345535,-0.0004867690149694681,0.00040657445788383484,-0.002148006111383438,0.00022507691755890846,0.0002717898605624214,0.006592428466663525,-0.0018130084710828998,0.02405984365092384,7.496168836951256e-05,-0.00018990039825439453,0.0,0.0,0.0,0.0,0.0,0.0,0.0,0.0,0.0,0.0,0.0,0.0,0.0
200,view,normal_A,train,eval,3456,scene_0013,128,0.023519590497016907,0.01619706302881241,0.04656028375029564,0.035410888493061066,0.0048997607082128525,0.0006698336219415069,0.3586533009003752,0.2995027280577286,1.2018948887406313,0.00454474613070488,0.2421807497739792,0.0,-0.0002932678908109665,-0.0007714200764894485,-0.001001466065645218,-0.0020439475774765015,0.0002790396101772785,0.00025694319629110396,0.005953081007549654,-0.00807166878019916,0.05139157425983942,6.337324157357216e-05,-0.00022004544734954834,0.0,0.0,0.0,0.0,0.0,0.0,0.0,0.0,0.0,0.0,0.0,0.0,0.0
200,view,normal_A,train,eval,4992,scene_0019,128,0.009681754745543003,0.0009624135564081371,0.02267525903880596,-5.085449811303988e-05,0.004298741929233074,0.0013821950415149331,0.266229395909122,0.3308158994587988,0.8130702243378309,0.004840223118662834,0.24348771572113037,0.0,0.00024306122213602066,-0.00034352700458839536,6.702914834022522e-05,-0.0017385572209605016,0.00031599029898643494,0.00023441272787749767,0.00649126998279298,-0.001064831975584879,0.021939289491804237,6.334017962217331e-05,-0.00013877451419830322,0.0,0.0,0.0,0.0,0.0,0.0,0.0,0.0,0.0,0.0,0.0,0.0,0.0
200,view,normal_A,train,eval,6784,scene_0026,128,0.008659310638904572,-0.0052366130985319614,0.01551059540361166,-0.01286915224045515,0.0047089774161577225,-0.0008358201594091952,0.7130868431385462,0.6872471650859248,1.0328854767763596,0.002976873889565468,0.24311603605747223,0.0,0.0003555174916982651,-0.00019462034106254578,0.00033138133585453033,-0.0009340234100818634,0.00036943424493074417,0.00023170775966718793,0.012169331823078777,6.433466515021191e-05,0.017566224114955453,4.4881366193294525e-05,-0.00013047456741333008,0.0,0.0,0.0,0.0,0.0,0.0,0.0,0.0,0.0,0.0,0.0,0.0,0.0
200,view,normal_A,train,eval,8576,scene_0033,128,0.013473904691636562,0.0015654572052881122,0.029171643778681755,0.004441375844180584,0.005365786608308554,8.00020425231196e-05,0.3858305348263329,0.48703339267964024,0.7940154922341004,0.004151924978941679,0.2424907386302948,0.0,7.434096187353134e-05,-0.000422524637542665,-0.0004546456038951874,-0.0017627920024096966,0.0003475719131529331,0.0002697439122130163,0.015575363675544629,0.0004943554156073282,0.030739303740380253,3.547780215740204e-05,-0.0001842975616455078,0.0,0.0,0.0,0.0,0.0,0.0,0.0,0.0,0.0,0.0,0.0,0.0,0.0
200,view,normal_A,train,eval,10112,scene_0039,128,0.012620502151548862,0.0007119558285921812,0.025024589151144028,0.0014744441723451018,0.004441156052052975,0.0002091648057103157,0.5035712723210607,0.5843117511701678,0.8625731152492049,0.0038182642310857773,0.24272102117538452,0.0,0.0002796631306409836,-0.0003908741055056453,0.0002421196550130844,-0.001218800083734095,0.00030441954731941223,0.0001550660490465816,0.0048835341895004936,-0.006466696793105742,0.017570438149542622,7.097655907273293e-05,-0.000149652361869812,0.0,0.0,0.0,0.0,0.0,0.0,0.0,0.0,0.0,0.0,0.0,0.0,0.0
200,view,normal_A,train,eval,11904,scene_0046,128,0.009404161013662815,-0.003274796297773719,0.020022397860884666,-0.010990808717906475,0.0046661533415317535,0.00016819809388834983,0.5664199476118927,0.46242575670018055,1.224788361962686,0.0032850413117557764,0.24318744242191315,0.0,0.000386558473110199,-0.0003305654972791672,0.0004946552217006683,-0.001681741327047348,0.0003383243456482887,0.0002723485813476145,0.019958773509034744,0.001834770033670885,0.03845176936173811,2.4145236238837242e-05,-0.00013780593872070312,0.0,0.0,0.0,0.0,0.0,0.0,0.0,0.0,0.0,0.0,0.0,0.0,0.0
200,view,normal_A,train,eval,13440,scene_0052,128,0.011153380386531353,-0.007763923145830631,0.01875508576631546,-0.017614489421248436,0.004823427647352219,0.0004386579676065594,0.5692821031966193,0.46946655774348983,1.2042718839217939,0.002618248574435711,0.24138914048671722,0.0,0.0007524322718381882,-0.0004776483401656151,0.0012021549046039581,-0.0014363620430231094,0.00037794606760144234,0.00032067324355011806,0.007548946370126375,-0.0012050463556175783,0.019708920933658503,1.9981758669018745e-05,-0.00018799304962158203,0.0,0.0,0.0,0.0,0.0,0.0,0.0,0.0,0.0,0.0,0.0,0.0,0.0
200,view,normal_A,train,eval,15232,scene_0059,128,0.012602669186890125,0.0004630013136193156,0.02073977142572403,-0.0009669718565419316,0.0064654117450118065,0.001541531877592206,0.4754021971007184,0.4976846461982554,0.9504168147333067,0.0034871469251811504,0.24106228351593018,0.0,0.00020999927073717117,-0.00047243828885257244,9.473413228988647e-06,-0.0015440709539689124,0.00036123907193541527,0.0003358208341524005,-0.006606980347691749,-0.013061849283261429,0.011210215779276167,4.561757668852806e-05,-0.0002086162567138672,0.0,0.0,0.0,0.0,0.0,0.0,0.0,0.0,0.0,0.0,0.0,0.0,0.0
200,view,normal_A,train,eval,17024,scene_0066,128,0.009428640827536583,-0.0009455439867451787,0.025059064850211143,-0.005092719569802284,0.0037836136762052774,0.0005522348219528794,0.4465001371319489,0.40877307743557845,1.077563642387763,0.004767910111695528,0.24471251666545868,0.0,0.00019711069762706757,-0.0002898154780268669,-6.652623414993286e-05,-0.0014621228910982609,0.000292325159534812,0.00013357054558582604,0.010859912656346893,0.005373313581478134,0.011420592922932293,4.8667192459106445e-05,-9.669363498687744e-05,0.0,0.0,0.0,0.0,0.0,0.0,0.0,0.0,0.0,0.0,0.0,0.0,0.0
200,view,normal_A,train,eval,18560,scene_0072,128,0.010803820565342903,-0.004289533942937851,0.022955888882279396,-0.011982063762843609,0.00473097013309598,-0.00044528470607474446,0.5637743608518736,0.5548670385841648,1.0146805587972225,0.004569606855511665,0.24295024573802948,0.0,0.0004857173189520836,-0.0003845258615911007,0.0007605180144309998,-0.0016961945220828056,0.0003483877517282963,0.00027096440317109227,0.008808864533858651,-0.006620245748956699,0.027881749933371114,8.043274283409119e-05,-0.00015877187252044678,0.0,0.0,0.0,0.0,0.0,0.0,0.0,0.0,0.0,0.0,0.0,0.0,0.0
200,view,normal_A,train,eval,20352,scene_0079,128,0.0121486596763134,0.001188180991448462,0.01888277754187584,-0.0001240968849742785,0.005628076381981373,0.0024588480591773987,0.39850369964664556,0.3990681861230434,0.9984857561922862,0.0024842307902872562,0.24066360294818878,0.0,0.0003356738016009331,-0.0006232148734852672,0.0002727676182985306,-0.00154497277981136,0.00039658695459365845,0.00026931543834507465,0.011344400722399173,0.003533820327339676,0.01939277695056818,1.018540933728218e-05,-0.00021614134311676025,0.0,0.0,0.0,0.0,0.0,0.0,0.0,0.0,0.0,0.0,0.0,0.0,0.0
200,view,normal_A,train,eval,21888,scene_0085,128,0.010504307225346565,-0.002621325198560953,0.016227465122938156,-0.008076908998191357,0.005765011999756098,0.0018963952315971255,0.6158632291005077,0.5832352853096083,1.0564687814138183,0.00359737197868526,0.24238379299640656,0.0,0.00010565761476755142,-0.00047151558101177216,-0.00011688470840454102,-0.0012361956760287285,0.00028994446620345116,0.00016170949675142765,0.01892298590798669,0.005466868649879442,0.0226135713115303,-1.285690814256668e-06,-0.00015875697135925293,0.0,0.0,0.0,0.0,0.0,0.0,0.0,0.0,0.0,0.0,0.0,0.0,0.0
200,view,normal_A,train,eval,23680,scene_0092,128,0.00844020489603281,-0.001977306790649891,0.019074896350502968,-0.007777174934744835,0.004358919803053141,0.0002485143777448684,0.5317058196889811,0.480042672028461,1.102297891663226,0.004553328268229961,0.2441253960132599,0.0,0.000285993330180645,-0.0003492522519081831,8.9963898062706e-05,-0.0017402181401848793,0.0003612237051129341,0.00018456006364431232,0.019927630499611104,0.00654470779680516,0.026985485713704405,3.655906766653061e-06,-0.00013333559036254883,0.0,0.0,0.0,0.0,0.0,0.0,0.0,0.0,0.0,0.0,0.0,0.0,0.0
200,view,normal_A,train,eval,25472,scene_0099,128,0.011967798694968224,-0.001900096540339291,0.02267996035516262,-0.005873676855117083,0.005164051428437233,0.0006236922927200794,0.5424785406794775,0.39373485012623277,1.3785880624729439,0.004656699486076832,0.2424091100692749,0.0,0.00020638294517993927,-0.0005852764006704092,6.494112312793732e-05,-0.0019976110197603703,0.0002962164580821991,0.0003117570304311812,-0.003652554726894741,-0.013261601298688752,0.03614488800999616,0.00014154892414808273,-0.00021575391292572021,0.0,0.0,0.0,0.0,0.0,0.0,0.0,0.0,0.0,0.0,0.0,0.0,0.0
200,view,normal_A,validation_test_seen,eval,128,scene_0100,128,0.00931394100189209,-0.004971434362232685,0.020543603226542473,-0.0192776657640934,0.004766624420881271,0.0008217034046538174,0.7429725884997338,0.5029063669589037,1.4736121124671882,0.00312796444632113,0.24371249973773956,0.0,0.0006211539730429649,-0.00019763363525271416,0.001247180625796318,-0.0013594422489404678,0.0003676535561680794,0.0002728268154896796,0.009936390144980378,-0.00035229524798696676,0.020927298491668633,4.7498615458607674e-05,-0.00012230873107910156,0.0,0.0,0.0,0.0,0.0,0.0,0.0,0.0,0.0,0.0,0.0,0.0,0.0
200,view,normal_A,validation_test_seen,eval,384,scene_0101,128,0.010514714755117893,-0.006855867803096771,0.02154260315001011,-0.02055729553103447,0.0050599523819983006,-7.868279499234632e-05,0.8005727324622542,0.5661073419824675,1.4071514187871466,0.0029372847639024258,0.24309206008911133,0.0,0.0007331538945436478,-0.00039389124140143394,0.001455770805478096,-0.0017567407339811325,0.0003757243975996971,0.00028021929756505415,0.014664838203704789,-0.002617220938032183,0.03252782242911256,5.952175706624985e-05,-0.00016786158084869385,0.0,0.0,0.0,0.0,0.0,0.0,0.0,0.0,0.0,0.0,0.0,0.0,0.0
200,view,normal_A,validation_test_seen,eval,640,scene_0102,128,0.00912009458988905,-0.0019434913992881775,0.023308981209993362,-0.006091666407883167,0.004614880308508873,-0.0006263747345656157,0.36537949051048263,0.3933802317266711,0.9255723358566587,0.004169226158410311,0.24431486427783966,0.0,0.0003190981224179268,-0.00020375987514853477,0.0004588291049003601,-0.0015438152477145195,0.0002747313119471073,0.00022173073375597596,0.008499266440147257,-0.000838029534093121,0.02333580918526168,6.747618317604065e-05,-0.00011061131954193115,0.0,0.0,0.0,0.0,0.0,0.0,0.0,0.0,0.0,0.0,0.0,0.0,0.0
200,view,normal_A,validation_test_seen,eval,896,scene_0103,128,0.008635815232992172,-0.0027148830704391003,0.020245570689439774,-0.011356557719409466,0.004327467177063227,0.0004920171923004091,0.36260548123988967,0.5074173504388836,0.7180490541238471,0.004909589886665344,0.2439434826374054,0.0,0.00032655149698257446,-0.0002413943875581026,0.0003551393747329712,-0.001528564840555191,0.0003159409388899803,0.00023627062910236418,0.024289453714479048,0.02040015698626607,0.019414431027753976,-2.3053959012031555e-05,-0.00011898577213287354,0.0,0.0,0.0,0.0,0.0,0.0,0.0,0.0,0.0,0.0,0.0,0.0,0.0
200,view,normal_A,validation_test_seen,eval,1152,scene_0104,128,0.008956128731369972,-0.006454445421695709,0.02439960464835167,-0.023543376475572586,0.0034900892060250044,-0.000406016712076962,0.5695301106263629,0.40448684981377603,1.3982799168298803,0.0033604109194129705,0.2439996600151062,0.0,0.0004797196015715599,-0.00015996070578694344,0.0010563936084508896,-0.001337965950369835,0.0002756121102720499,0.00025697925593703985,0.006349439464276241,-0.003264900640947088,0.0273055510523299,3.578187897801399e-05,-9.898841381072998e-05,0.0,0.0,0.0,0.0,0.0,0.0,0.0,0.0,0.0,0.0,0.0,0.0,0.0
200,view,normal_A,validation_test_seen,eval,1408,scene_0105,128,0.008704005740582943,-0.0037894081324338913,0.020655542612075806,-0.008978676982223988,0.00419234111905098,-0.0018304770346730947,0.5977803762202939,0.5587957084021018,1.0705608393316215,0.004341206979006529,0.24386954307556152,0.0,0.0003942083567380905,-0.00028418703004717827,0.0007658340036869049,-0.0015871226787567139,0.00025391997769474983,0.00020766700617969036,0.007810829700574895,-0.0032266782108926195,0.019973450259608727,0.00011871522292494774,-0.0001251697540283203,0.0,0.0,0.0,0.0,0.0,0.0,0.0,0.0,0.0,0.0,0.0,0.0,0.0
200,view,normal_A,validation_test_seen,eval,1664,scene_0106,128,0.011215418577194214,-0.006519467104226351,0.01682317443192005,-0.013395141810178757,0.005825144704431295,8.955490920925513e-05,0.7488650606852342,0.6420231843393048,1.1559054871167838,0.002468637190759182,0.2408829927444458,0.0,0.0005866214632987976,-0.0005139056593179703,0.000687791034579277,-0.0014498913660645485,0.0004893760196864605,0.0003857815536321141,0.007008183790804923,-0.007313012911858707,0.023650610862423704,3.4797005355358124e-05,-0.00021505355834960938,0.0,0.0,0.0,0.0,0.0,0.0,0.0,0.0,0.0,0.0,0.0,0.0,0.0
200,view,normal_A,validation_test_seen,eval,1920,scene_0107,128,0.012874342501163483,0.004489191807806492,0.03015269711613655,0.010255955159664154,0.004342923406511545,0.0016417757142335176,0.45950701278305256,0.3279295947333001,1.4048620199452448,0.005991671700030565,0.24300116300582886,0.0,-2.6557594537734985e-05,-0.0007019545882940292,-0.0005044024437665939,-0.0024581672623753548,0.00020938459783792496,0.0001651989296078682,0.022399694077949395,0.0069990123111184355,0.03604153165319346,5.986588075757027e-05,-0.00020863115787506104,0.0,0.0,0.0,0.0,0.0,0.0,0.0,0.0,0.0,0.0,0.0,0.0,0.0
200,view,normal_A,validation_test_seen,eval,2176,scene_0108,128,0.012537234462797642,-0.00620934646576643,0.02112983725965023,-0.017516588792204857,0.006557253655046225,0.0016598730580881238,0.5879945064665469,0.4350505202309036,1.354685230726121,0.0037370906211435795,0.24180254340171814,0.0,0.0008306838572025299,-0.0005083703435957432,0.0013738647103309631,-0.0016717296093702316,0.00045265862718224525,0.0003012632951140404,0.01567728689726844,0.0026587187316745586,0.027744480332929644,6.504706107079983e-05,-0.00020582973957061768,0.0,0.0,0.0,0.0,0.0,0.0,0.0,0.0,0.0,0.0,0.0,0.0,0.0
200,view,normal_A,validation_test_seen,eval,2432,scene_0109,128,0.01812899298965931,-2.9066106890240917e-06,0.03127262741327286,-0.002035312121734023,0.007337340619415045,0.0016658104723319411,0.37542298656972506,0.4488901570232466,0.8333713897592376,0.003794303396716714,0.2423112988471985,0.0,0.0003297850489616394,-0.0004838630959511647,0.0002780985087156296,-0.0013447507517412305,0.0003722207620739937,0.00022297340910881758,0.004217050800999156,-0.007379851265366555,0.023142857792977534,4.5748427510261536e-05,-0.00016424059867858887,0.0,0.0,0.0,0.0,0.0,0.0,0.0,0.0,0.0,0.0,0.0,0.0,0.0
200,view,normal_A,validation_test_seen,eval,2688,scene_0110,128,0.011846181936562061,-0.004414415452629328,0.023478826507925987,-0.012705673463642597,0.00576354144141078,-7.896659371908754e-05,0.4360679478048415,0.44071371169310763,0.9906226777392544,0.003554991912096739,0.24288077652454376,0.0,0.00040848180651664734,-0.000441236887127161,0.000551074743270874,-0.0015656063333153725,0.00033392105251550674,0.00014668892254121602,0.01028877728416333,-0.0009999880340078038,0.025316919576181762,6.425264291465282e-05,-0.00015649199485778809,0.0,0.0,0.0,0.0,0.0,0.0,0.0,0.0,0.0,0.0,0.0,0.0,0.0
200,view,normal_A,validation_test_seen,eval,2944,scene_0111,128,0.009820266626775265,-0.004196395631879568,0.014884859323501587,-0.011407335288822651,0.0060697151347994804,0.001143620116636157,0.46887846030113534,0.48075544830028366,0.9727542647376377,0.0028279083780944347,0.2429429143667221,0.0,0.00042606424540281296,-0.0003436270635575056,0.0004832828417420387,-0.0010874047875404358,0.00038369186222553253,0.00020717282313853502,0.014653071993493083,0.004758204961331003,0.02104179470569023,4.3135834857821465e-05,-0.00012803077697753906,0.0,0.0,0.0,0.0,0.0,0.0,0.0,0.0,0.0,0.0,0.0,0.0,0.0
200,view,normal_A,validation_test_seen,eval,3200,scene_0112,128,0.010569321922957897,-0.004202250856906176,0.018757052719593048,-0.01522268820554018,0.006334460806101561,0.0014977422542870045,0.5534847905822812,0.5223114154592732,1.0599814124967561,0.004091459792107344,0.24316780269145966,0.0,0.0005252016708254814,-0.00036679720506072044,0.0008598156273365021,-0.0015239985659718513,0.0003521302714943886,0.0002317314501851797,0.014393113276598757,0.002385778208834566,0.022753631825504606,3.907224163413048e-05,-0.00015814602375030518,0.0,0.0,0.0,0.0,0.0,0.0,0.0,0.0,0.0,0.0,0.0,0.0,0.0
200,view,normal_A,validation_test_seen,eval,3456,scene_0113,128,0.011026776395738125,-0.0042124297469854355,0.022951150313019753,-0.01422776747494936,0.0050131529569625854,0.0008384397369809449,0.3576398263298121,0.32245442352667125,1.1075337324637449,0.005015763454139233,0.24299025535583496,0.0,0.00040443055331707,-0.00044388463720679283,0.000494781881570816,-0.001829640008509159,0.0003588646650314331,0.0002549701021052897,0.010643232243664091,0.003513806032216682,0.021314168988087134,4.782341420650482e-05,-0.0001684427261352539,0.0,0.0,0.0,0.0,0.0,0.0,0.0,0.0,0.0,0.0,0.0,0.0,0.0
200,view,normal_A,validation_test_seen,eval,3712,scene_0114,128,0.011804620735347271,-0.0011531481286510825,0.02903979830443859,-0.0032330139074474573,0.004591528791934252,-0.0002827037824317813,0.45178925252416097,0.45531919742118887,0.9940858023687881,0.00496298260986805,0.243491068482399,0.0,0.0001461012288928032,-0.0003427824703976512,-0.00011813268065452576,-0.0016744944732636213,0.0002566860057413578,0.0002145519247278571,0.022246822958539247,0.00952885818352417,0.02841407445718458,2.6407651603221893e-05,-0.00014829635620117188,0.0,0.0,0.0,0.0,0.0,0.0,0.0,0.0,0.0,0.0,0.0,0.0,0.0
200,view,normal_A,validation_test_seen,eval,3968,scene_0115,128,0.013732542283833027,0.000976766925305128,0.04251338541507721,0.004386601969599724,0.003893587738275528,-0.00018891158106271178,0.24317379696905458,0.2915053070261438,0.8341692233939756,0.004468154162168503,0.24407723546028137,0.0,0.00010103173553943634,-0.00035056343767791986,-0.00010230764746665955,-0.0018461504951119423,0.00017054611817002296,0.00016071480058599263,0.000809155104086301,-0.008857547925037956,0.027447712861627283,6.43264502286911e-05,-0.00012330710887908936,0.0,0.0,0.0,0.0,0.0,0.0,0.0,0.0,0.0,0.0,0.0,0.0,0.0
200,view,normal_A,validation_test_seen,eval,4224,scene_0116,128,0.014115408062934875,0.007492152974009514,0.031130162999033928,0.01717299409210682,0.005225819069892168,0.0024342676624655724,0.3444327594656334,0.3032006175503078,1.1387905109155996,0.004503187257796526,0.24292400479316711,0.0,-0.00015185493975877762,-0.00047049764543771744,-0.0010331030935049057,-0.001863805577158928,0.0003085620701313019,0.0002574566751718521,0.004011924869141981,-0.0062371921059371505,0.0364587063699795,7.232418283820152e-05,-0.0001758486032485962,0.0,0.0,0.0,0.0,0.0,0.0,0.0,0.0,0.0,0.0,0.0,0.0,0.0
200,view,normal_A,validation_test_seen,eval,4480,scene_0117,128,0.007575932424515486,-0.0028098777402192354,0.01644095964729786,-0.013261615298688412,0.0043136803433299065,0.0010362695902585983,0.9648457505300608,0.6249625759997841,1.5388563623699325,0.0030157396104186773,0.24373963475227356,0.0,0.000380645040422678,-0.00029212399385869503,0.0007204767316579819,-0.001704658381640911,0.0002555893734097481,0.00022767618065699935,0.023245382317436225,-0.00044829243016086817,0.03917490514598243,6.681005470454693e-05,-0.00013646483421325684,0.0,0.0,0.0,0.0,0.0,0.0,0.0,0.0,0.0,0.0,0.0,0.0,0.0
200,view,normal_A,validation_test_seen,eval,4736,scene_0118,128,0.009343269281089306,-0.004815336316823959,0.019610214978456497,-0.016336141154170036,0.004395492374897003,0.0007366916397586465,0.6296763055018969,0.46546419414465445,1.348690041283871,0.0032888404093682766,0.24295388162136078,0.0,0.0004260474815964699,-0.0004173964262008667,0.0006824769079685211,-0.0018946416676044464,0.0003024693578481674,0.0002945074811577797,0.009429784638031569,-0.00035290155727096817,0.024774577117283147,6.034993566572666e-05,-0.00018936395645141602,0.0,0.0,0.0,0.0,0.0,0.0,0.0,0.0,0.0,0.0,0.0,0.0,0.0
200,view,normal_A,validation_test_seen,eval,4992,scene_0119,128,0.012221775017678738,-0.0004554675833787769,0.02395291067659855,-0.005958249792456627,0.005841503851115704,0.0025373573880642653,0.3138391401090768,0.2911478300609385,1.0829361798049528,0.004598662257194519,0.2428591251373291,0.0,0.0002889493480324745,-0.00046564604599552695,0.00015143118798732758,-0.0017489218153059483,0.0003637392073869705,0.0002322958316653967,0.010496350347579453,0.005441242215462938,0.014849669516955988,3.1620264053344727e-05,-0.00017167627811431885,0.0,0.0,0.0,0.0,0.0,0.0,0.0,0.0,0.0,0.0,0.0,0.0,0.0
200,view,normal_A,validation_test_seen,eval,5248,scene_0120,128,0.009647647850215435,-0.0038906275294721127,0.020900292322039604,-0.015379549004137516,0.0045899502001702785,0.0012732672039419413,0.6276510744305702,0.4370802146380037,1.435548870778461,0.004914809949696064,0.24337008595466614,0.0,0.0006246622651815414,-0.0003253223840147257,0.001107165589928627,-0.0014703795313835144,0.00040779169648885727,0.0001893426524475217,0.014190416085536839,-0.00023168818295177251,0.03379511810117064,6.812857463955879e-05,-0.00013583898544311523,0.0,0.0,0.0,0.0,0.0,0.0,0.0,0.0,0.0,0.0,0.0,0.0,0.0
200,view,normal_A,validation_test_seen,eval,5504,scene_0121,128,0.010204276069998741,-0.0013075892347842455,0.020933808758854866,-0.005826493259519339,0.0046143364161252975,0.0010466983076184988,0.4726312887957581,0.38712340634275305,1.2248245408469685,0.004058139864355326,0.24326525628566742,0.0,0.0004163673147559166,-0.000308738905005157,0.00044898129999637604,-0.0014101057313382626,0.0003993762657046318,0.0002650587121024728,0.008046145109275593,-0.003427893927528569,0.030969609511649843,7.339660078287125e-05,-0.0001396089792251587,0.0,0.0,0.0,0.0,0.0,0.0,0.0,0.0,0.0,0.0,0.0,0.0,0.0
200,view,normal_A,validation_test_seen,eval,5760,scene_0122,128,0.00788404792547226,-0.0025976269971579313,0.01211625337600708,-0.009767983108758926,0.0051750242710113525,0.0019920996855944395,0.6067903952060626,0.602759308958988,1.0054984391207862,0.0026617241092026234,0.24146394431591034,0.0,0.0007001245394349098,-0.000502702547237277,0.0010893726721405983,-0.0017487239092588425,0.00045096687972545624,0.00029487337451428175,0.01583664942830265,0.00047100212936657115,0.02585838961481246,2.964213490486145e-05,-0.0002057403326034546,0.0,0.0,0.0,0.0,0.0,0.0,0.0,0.0,0.0,0.0,0.0,0.0,0.0
200,view,normal_A,validation_test_seen,eval,6016,scene_0123,128,0.01377334538847208,0.0012191503774374723,0.028060264885425568,0.002731571439653635,0.005712808109819889,0.0003658581990748644,0.4775407019208724,0.6344400772971961,0.753547022025086,0.0045861611142754555,0.24247397482395172,0.0,0.00027110055088996887,-0.0006528474623337388,-2.4257227778434753e-05,-0.00216720812022686,0.00043773697689175606,0.00020153926743660122,0.01885384142142893,0.0022077683632742984,0.02751335731528126,5.6735705584287643e-05,-0.00021608173847198486,0.0,0.0,0.0,0.0,0.0,0.0,0.0,0.0,0.0,0.0,0.0,0.0,0.0
200,view,normal_A,validation_test_seen,eval,6272,scene_0124,128,0.010177471674978733,-0.0050993082113564014,0.018494397401809692,-0.01354917325079441,0.005508248694241047,-0.00035545160062611103,0.4886864802272159,0.4613376554516954,1.0659114103764422,0.003893278306350112,0.2429894357919693,0.0,0.0006204713135957718,-0.0003761928528547287,0.0010211523622274399,-0.0014616400003433228,0.00039552338421344757,0.00023318943567574024,0.011819364530843979,-0.004358767042710487,0.035284789289641294,9.396928362548351e-05,-0.00015138089656829834,0.0,0.0,0.0,0.0,0.0,0.0,0.0,0.0,0.0,0.0,0.0,0.0,0.0
200,view,normal_A,validation_test_seen,eval,6528,scene_0125,128,0.017795167863368988,0.009816146455705166,0.04560380429029465,0.0274066012352705,0.005586419720202684,0.0020934592466801405,0.30714609368604695,0.3225711617839691,0.9447316317205905,0.005321167409420013,0.24340584874153137,0.0,0.00010669603943824768,-0.00031627342104911804,-0.0003260113298892975,-0.0014354642480611801,0.000296667218208313,0.00017508177552372217,0.00380251999509279,-0.0011567887415098177,0.015253828785685375,6.588920950889587e-05,-0.00012508034706115723,0.0,0.0,0.0,0.0,0.0,0.0,0.0,0.0,0.0,0.0,0.0,0.0,0.0
200,view,normal_A,validation_test_seen,eval,6784,scene_0126,128,0.009730726480484009,-0.004946673754602671,0.021666575223207474,-0.01647203229367733,0.004577287007123232,2.9529132007155567e-05,0.5937166170585889,0.5099377590915224,1.1744886709628728,0.003781326347962022,0.24356044828891754,0.0,0.0005219783633947372,-0.0001976354978978634,0.00090775266289711,-0.0011970913037657738,0.00035541364923119545,0.00023389090347336605,0.010542779956730364,0.0006386575037824471,0.018837639771487558,5.176011472940445e-05,-0.00011119246482849121,0.0,0.0,0.0,0.0,0.0,0.0,0.0,0.0,0.0,0.0,0.0,0.0,0.0
200,view,normal_A,validation_test_seen,eval,7040,scene_0127,128,0.007647330407053232,-0.0014126341557130218,0.020071331411600113,-0.008662045001983643,0.00427841255441308,0.0005531313945539296,0.44984488065615935,0.36012361098581963,1.2312139626579146,0.004813609644770622,0.24411115050315857,0.0,0.000303077045828104,-0.0002058964455500245,0.00027654506266117096,-0.0016975859180092812,0.0003102724440395832,0.0001985933049581945,0.011776625225059345,0.0029435454101908176,0.019859086924334912,2.8423964977264404e-05,-0.00011307001113891602,0.0,0.0,0.0,0.0,0.0,0.0,0.0,0.0,0.0,0.0,0.0,0.0,0.0
200,view,normal_A,validation_test_seen,eval,7296,scene_0128,128,0.009672490879893303,-0.0015745741548016667,0.02163880690932274,-0.0059585063718259335,0.004402504302561283,0.0003561170888133347,0.4839105672157049,0.39270320079072,1.2315230193993685,0.0035883139353245497,0.2434002310037613,0.0,0.0002973582595586777,-0.0004071686416864395,0.00017636455595493317,-0.0019506998360157013,0.00035064201802015305,0.00027260534989181906,0.0005302348210515784,-0.008520234046312192,0.027249328004818718,5.888123996555805e-05,-0.0001742243766784668,0.0,0.0,0.0,0.0,0.0,0.0,0.0,0.0,0.0,0.0,0.0,0.0,0.0
200,view,normal_A,validation_test_seen,eval,7552,scene_0129,128,0.010358389467000961,-0.006952699273824692,0.022919317707419395,-0.02152239717543125,0.00505015579983592,-0.0007955615292303264,0.9716812189127318,0.6221100212061034,1.5586965021461667,0.0027482619043439627,0.24317666888237,0.0,0.0005003279075026512,-0.00020186416804790497,0.0009186360985040665,-0.0013227928429841995,0.0003235498443245888,0.00027184042846783996,0.017364989978516876,0.001349624901938018,0.025233699120908115,5.065323784947395e-05,-0.00013206899166107178,0.0,0.0,0.0,0.0,0.0,0.0,0.0,0.0,0.0,0.0,0.0,0.0,0.0
200,view,normal_A,validation_test_seen,eval,192,scene_0100,192,0.0121155371889472,-0.00499827042222023,0.023052409291267395,-0.016992732882499695,0.008003506809473038,-0.00048860750393942,0.6303891266959485,0.5123435636839678,1.161435438829779,0.0033750382717698812,0.23911897838115692,0.0,0.0006173932924866676,-0.00016716774553060532,0.001262865960597992,-0.0018799789249897003,0.00037471111863851547,0.00047681271098554134,0.026914886885110234,0.004864995486105861,0.042164400977022565,6.843777373433113e-05,-0.00021173059940338135,0.0,0.0,0.0,0.0,0.0,0.0,0.0,0.0,0.0,0.0,0.0,0.0,0.0
200,view,normal_A,validation_test_seen,eval,7616,scene_0129,192,0.013730281963944435,-0.008241064846515656,0.027124416083097458,-0.0248428862541914,0.008273114450275898,-0.0014769881963729858,0.9364176684610572,0.47911718399056175,1.8987305693272956,0.0036396333016455173,0.23906278610229492,0.0,0.0005362583324313164,-0.00010349694639444351,0.0009747911244630814,-0.0016258414834737778,0.00035759061574935913,0.0005167531780898571,0.015696114622042456,5.117541807342363e-05,0.03399705229450878,8.371425792574883e-05,-0.00019437074661254883,0.0,0.0,0.0,0.0,0.0,0.0,0.0,0.0,0.0,0.0,0.0,0.0,0.0
200,view,normal_B,train,eval,128,scene_0000,128,0.011265668086707592,-0.008067321963608265,0.0165452528744936,-0.015118313021957874,0.006162026431411505,-0.001251308829523623,0.7715583040697395,0.7235995032436919,1.063631060782981,0.002543241484090686,0.24240867793560028,0.0,0.0004219496622681618,-0.00026560062542557716,0.0004896633327007294,-0.0008224891498684883,0.00035649025812745094,0.00027272989973425865,0.00897768290443779,-0.004019297504080033,0.01815310470641096,3.986316733062267e-05,-0.00014071166515350342,0.0,0.0,0.0,0.0,0.0,0.0,0.0,0.0,0.0,0.0,0.0,0.0,0.0
200,view,normal_B,train,eval,1664,scene_0006,128,0.011967957951128483,0.0015515051782131195,0.029552798718214035,0.005271489731967449,0.003938316833227873,-0.00014712549454998225,0.43567082116754174,0.35883041040042485,1.2127730898674625,0.004286356270313263,0.24283257126808167,0.0,0.00028197187930345535,-0.0004867690149694681,0.00040657445788383484,-0.002148006111383438,0.00022507691755890846,0.0002717898605624214,0.006592428466663525,-0.0018130084710828998,0.02405984365092384,7.496168836951256e-05,-0.00018990039825439453,0.0,0.0,0.0,0.0,0.0,0.0,0.0,0.0,0.0,0.0,0.0,0.0,0.0
200,view,normal_B,train,eval,3456,scene_0013,128,0.023519590497016907,0.01619706302881241,0.04656028375029564,0.035410888493061066,0.0048997607082128525,0.0006698336219415069,0.3586533009003752,0.2995027280577286,1.2018948887406313,0.00454474613070488,0.2421807497739792,0.0,-0.0002932678908109665,-0.0007714200764894485,-0.001001466065645218,-0.0020439475774765015,0.0002790396101772785,0.00025694319629110396,0.005953081007549654,-0.00807166878019916,0.05139157425983942,6.337324157357216e-05,-0.00022004544734954834,0.0,0.0,0.0,0.0,0.0,0.0,0.0,0.0,0.0,0.0,0.0,0.0,0.0
200,view,normal_B,train,eval,4992,scene_0019,128,0.009681754745543003,0.0009624135564081371,0.02267525903880596,-5.085449811303988e-05,0.004298741929233074,0.0013821950415149331,0.266229395909122,0.3308158994587988,0.8130702243378309,0.004840223118662834,0.24348771572113037,0.0,0.00024306122213602066,-0.00034352700458839536,6.702914834022522e-05,-0.0017385572209605016,0.00031599029898643494,0.00023441272787749767,0.00649126998279298,-0.001064831975584879,0.021939289491804237,6.334017962217331e-05,-0.00013877451419830322,0.0,0.0,0.0,0.0,0.0,0.0,0.0,0.0,0.0,0.0,0.0,0.0,0.0
200,view,normal_B,train,eval,6784,scene_0026,128,0.008659310638904572,-0.0052366130985319614,0.01551059540361166,-0.01286915224045515,0.0047089774161577225,-0.0008358201594091952,0.7130868431385462,0.6872471650859248,1.0328854767763596,0.002976873889565468,0.24311603605747223,0.0,0.0003555174916982651,-0.00019462034106254578,0.00033138133585453033,-0.0009340234100818634,0.00036943424493074417,0.00023170775966718793,0.012169331823078777,6.433466515021191e-05,0.017566224114955453,4.4881366193294525e-05,-0.00013047456741333008,0.0,0.0,0.0,0.0,0.0,0.0,0.0,0.0,0.0,0.0,0.0,0.0,0.0
200,view,normal_B,train,eval,8576,scene_0033,128,0.013473904691636562,0.0015654572052881122,0.029171643778681755,0.004441375844180584,0.005365786608308554,8.00020425231196e-05,0.3858305348263329,0.48703339267964024,0.7940154922341004,0.004151924978941679,0.2424907386302948,0.0,7.434096187353134e-05,-0.000422524637542665,-0.0004546456038951874,-0.0017627920024096966,0.0003475719131529331,0.0002697439122130163,0.015575363675544629,0.0004943554156073282,0.030739303740380253,3.547780215740204e-05,-0.0001842975616455078,0.0,0.0,0.0,0.0,0.0,0.0,0.0,0.0,0.0,0.0,0.0,0.0,0.0
200,view,normal_B,train,eval,10112,scene_0039,128,0.012620502151548862,0.0007119558285921812,0.025024589151144028,0.0014744441723451018,0.004441156052052975,0.0002091648057103157,0.5035712723210607,0.5843117511701678,0.8625731152492049,0.0038182642310857773,0.24272102117538452,0.0,0.0002796631306409836,-0.0003908741055056453,0.0002421196550130844,-0.001218800083734095,0.00030441954731941223,0.0001550660490465816,0.0048835341895004936,-0.006466696793105742,0.017570438149542622,7.097655907273293e-05,-0.000149652361869812,0.0,0.0,0.0,0.0,0.0,0.0,0.0,0.0,0.0,0.0,0.0,0.0,0.0
200,view,normal_B,train,eval,11904,scene_0046,128,0.009404161013662815,-0.003274796297773719,0.020022397860884666,-0.010990808717906475,0.0046661533415317535,0.00016819809388834983,0.5664199476118927,0.46242575670018055,1.224788361962686,0.0032850413117557764,0.24318744242191315,0.0,0.000386558473110199,-0.0003305654972791672,0.0004946552217006683,-0.001681741327047348,0.0003383243456482887,0.0002723485813476145,0.019958773509034744,0.001834770033670885,0.03845176936173811,2.4145236238837242e-05,-0.00013780593872070312,0.0,0.0,0.0,0.0,0.0,0.0,0.0,0.0,0.0,0.0,0.0,0.0,0.0
200,view,normal_B,train,eval,13440,scene_0052,128,0.011153380386531353,-0.007763923145830631,0.01875508576631546,-0.017614489421248436,0.004823427647352219,0.0004386579676065594,0.5692821031966193,0.46946655774348983,1.2042718839217939,0.002618248574435711,0.24138914048671722,0.0,0.0007524322718381882,-0.0004776483401656151,0.0012021549046039581,-0.0014363620430231094,0.00037794606760144234,0.00032067324355011806,0.007548946370126375,-0.0012050463556175783,0.019708920933658503,1.9981758669018745e-05,-0.00018799304962158203,0.0,0.0,0.0,0.0,0.0,0.0,0.0,0.0,0.0,0.0,0.0,0.0,0.0
200,view,normal_B,train,eval,15232,scene_0059,128,0.012602669186890125,0.0004630013136193156,0.02073977142572403,-0.0009669718565419316,0.0064654117450118065,0.001541531877592206,0.4754021971007184,0.4976846461982554,0.9504168147333067,0.0034871469251811504,0.24106228351593018,0.0,0.00020999927073717117,-0.00047243828885257244,9.473413228988647e-06,-0.0015440709539689124,0.00036123907193541527,0.0003358208341524005,-0.006606980347691749,-0.013061849283261429,0.011210215779276167,4.561757668852806e-05,-0.0002086162567138672,0.0,0.0,0.0,0.0,0.0,0.0,0.0,0.0,0.0,0.0,0.0,0.0,0.0
200,view,normal_B,train,eval,17024,scene_0066,128,0.009428640827536583,-0.0009455439867451787,0.025059064850211143,-0.005092719569802284,0.0037836136762052774,0.0005522348219528794,0.4465001371319489,0.40877307743557845,1.077563642387763,0.004767910111695528,0.24471251666545868,0.0,0.00019711069762706757,-0.0002898154780268669,-6.652623414993286e-05,-0.0014621228910982609,0.000292325159534812,0.00013357054558582604,0.010859912656346893,0.005373313581478134,0.011420592922932293,4.8667192459106445e-05,-9.669363498687744e-05,0.0,0.0,0.0,0.0,0.0,0.0,0.0,0.0,0.0,0.0,0.0,0.0,0.0
200,view,normal_B,train,eval,18560,scene_0072,128,0.010803820565342903,-0.004289533942937851,0.022955888882279396,-0.011982063762843609,0.00473097013309598,-0.00044528470607474446,0.5637743608518736,0.5548670385841648,1.0146805587972225,0.004569606855511665,0.24295024573802948,0.0,0.0004857173189520836,-0.0003845258615911007,0.0007605180144309998,-0.0016961945220828056,0.0003483877517282963,0.00027096440317109227,0.008808864533858651,-0.006620245748956699,0.027881749933371114,8.043274283409119e-05,-0.00015877187252044678,0.0,0.0,0.0,0.0,0.0,0.0,0.0,0.0,0.0,0.0,0.0,0.0,0.0
200,view,normal_B,train,eval,20352,scene_0079,128,0.0121486596763134,0.001188180991448462,0.01888277754187584,-0.0001240968849742785,0.005628076381981373,0.0024588480591773987,0.39850369964664556,0.3990681861230434,0.9984857561922862,0.0024842307902872562,0.24066360294818878,0.0,0.0003356738016009331,-0.0006232148734852672,0.0002727676182985306,-0.00154497277981136,0.00039658695459365845,0.00026931543834507465,0.011344400722399173,0.003533820327339676,0.01939277695056818,1.018540933728218e-05,-0.00021614134311676025,0.0,0.0,0.0,0.0,0.0,0.0,0.0,0.0,0.0,0.0,0.0,0.0,0.0
200,view,normal_B,train,eval,21888,scene_0085,128,0.010504307225346565,-0.002621325198560953,0.016227465122938156,-0.008076908998191357,0.005765011999756098,0.0018963952315971255,0.6158632291005077,0.5832352853096083,1.0564687814138183,0.00359737197868526,0.24238379299640656,0.0,0.00010565761476755142,-0.00047151558101177216,-0.00011688470840454102,-0.0012361956760287285,0.00028994446620345116,0.00016170949675142765,0.01892298590798669,0.005466868649879442,0.0226135713115303,-1.285690814256668e-06,-0.00015875697135925293,0.0,0.0,0.0,0.0,0.0,0.0,0.0,0.0,0.0,0.0,0.0,0.0,0.0
200,view,normal_B,train,eval,23680,scene_0092,128,0.00844020489603281,-0.001977306790649891,0.019074896350502968,-0.007777174934744835,0.004358919803053141,0.0002485143777448684,0.5317058196889811,0.480042672028461,1.102297891663226,0.004553328268229961,0.2441253960132599,0.0,0.000285993330180645,-0.0003492522519081831,8.9963898062706e-05,-0.0017402181401848793,0.0003612237051129341,0.00018456006364431232,0.019927630499611104,0.00654470779680516,0.026985485713704405,3.655906766653061e-06,-0.00013333559036254883,0.0,0.0,0.0,0.0,0.0,0.0,0.0,0.0,0.0,0.0,0.0,0.0,0.0
200,view,normal_B,train,eval,25472,scene_0099,128,0.011967798694968224,-0.001900096540339291,0.02267996035516262,-0.005873676855117083,0.005164051428437233,0.0006236922927200794,0.5424785406794775,0.39373485012623277,1.3785880624729439,0.004656699486076832,0.2424091100692749,0.0,0.00020638294517993927,-0.0005852764006704092,6.494112312793732e-05,-0.0019976110197603703,0.0002962164580821991,0.0003117570304311812,-0.003652554726894741,-0.013261601298688752,0.03614488800999616,0.00014154892414808273,-0.00021575391292572021,0.0,0.0,0.0,0.0,0.0,0.0,0.0,0.0,0.0,0.0,0.0,0.0,0.0
200,view,normal_B,validation_test_seen,eval,128,scene_0100,128,0.00931394100189209,-0.004971434362232685,0.020543603226542473,-0.0192776657640934,0.004766624420881271,0.0008217034046538174,0.7429725884997338,0.5029063669589037,1.4736121124671882,0.00312796444632113,0.24371249973773956,0.0,0.0006211539730429649,-0.00019763363525271416,0.001247180625796318,-0.0013594422489404678,0.0003676535561680794,0.0002728268154896796,0.009936390144980378,-0.00035229524798696676,0.020927298491668633,4.7498615458607674e-05,-0.00012230873107910156,0.0,0.0,0.0,0.0,0.0,0.0,0.0,0.0,0.0,0.0,0.0,0.0,0.0
200,view,normal_B,validation_test_seen,eval,384,scene_0101,128,0.010514714755117893,-0.006855867803096771,0.02154260315001011,-0.02055729553103447,0.0050599523819983006,-7.868279499234632e-05,0.8005727324622542,0.5661073419824675,1.4071514187871466,0.0029372847639024258,0.24309206008911133,0.0,0.0007331538945436478,-0.00039389124140143394,0.001455770805478096,-0.0017567407339811325,0.0003757243975996971,0.00028021929756505415,0.014664838203704789,-0.002617220938032183,0.03252782242911256,5.952175706624985e-05,-0.00016786158084869385,0.0,0.0,0.0,0.0,0.0,0.0,0.0,0.0,0.0,0.0,0.0,0.0,0.0
200,view,normal_B,validation_test_seen,eval,640,scene_0102,128,0.00912009458988905,-0.0019434913992881775,0.023308981209993362,-0.006091666407883167,0.004614880308508873,-0.0006263747345656157,0.36537949051048263,0.3933802317266711,0.9255723358566587,0.004169226158410311,0.24431486427783966,0.0,0.0003190981224179268,-0.00020375987514853477,0.0004588291049003601,-0.0015438152477145195,0.0002747313119471073,0.00022173073375597596,0.008499266440147257,-0.000838029534093121,0.02333580918526168,6.747618317604065e-05,-0.00011061131954193115,0.0,0.0,0.0,0.0,0.0,0.0,0.0,0.0,0.0,0.0,0.0,0.0,0.0
200,view,normal_B,validation_test_seen,eval,896,scene_0103,128,0.008635815232992172,-0.0027148830704391003,0.020245570689439774,-0.011356557719409466,0.004327467177063227,0.0004920171923004091,0.36260548123988967,0.5074173504388836,0.7180490541238471,0.004909589886665344,0.2439434826374054,0.0,0.00032655149698257446,-0.0002413943875581026,0.0003551393747329712,-0.001528564840555191,0.0003159409388899803,0.00023627062910236418,0.024289453714479048,0.02040015698626607,0.019414431027753976,-2.3053959012031555e-05,-0.00011898577213287354,0.0,0.0,0.0,0.0,0.0,0.0,0.0,0.0,0.0,0.0,0.0,0.0,0.0
200,view,normal_B,validation_test_seen,eval,1152,scene_0104,128,0.008956128731369972,-0.006454445421695709,0.02439960464835167,-0.023543376475572586,0.0034900892060250044,-0.000406016712076962,0.5695301106263629,0.40448684981377603,1.3982799168298803,0.0033604109194129705,0.2439996600151062,0.0,0.0004797196015715599,-0.00015996070578694344,0.0010563936084508896,-0.001337965950369835,0.0002756121102720499,0.00025697925593703985,0.006349439464276241,-0.003264900640947088,0.0273055510523299,3.578187897801399e-05,-9.898841381072998e-05,0.0,0.0,0.0,0.0,0.0,0.0,0.0,0.0,0.0,0.0,0.0,0.0,0.0
200,view,normal_B,validation_test_seen,eval,1408,scene_0105,128,0.008704005740582943,-0.0037894081324338913,0.020655542612075806,-0.008978676982223988,0.00419234111905098,-0.0018304770346730947,0.5977803762202939,0.5587957084021018,1.0705608393316215,0.004341206979006529,0.24386954307556152,0.0,0.0003942083567380905,-0.00028418703004717827,0.0007658340036869049,-0.0015871226787567139,0.00025391997769474983,0.00020766700617969036,0.007810829700574895,-0.0032266782108926195,0.019973450259608727,0.00011871522292494774,-0.0001251697540283203,0.0,0.0,0.0,0.0,0.0,0.0,0.0,0.0,0.0,0.0,0.0,0.0,0.0
200,view,normal_B,validation_test_seen,eval,1664,scene_0106,128,0.011215418577194214,-0.006519467104226351,0.01682317443192005,-0.013395141810178757,0.005825144704431295,8.955490920925513e-05,0.7488650606852342,0.6420231843393048,1.1559054871167838,0.002468637190759182,0.2408829927444458,0.0,0.0005866214632987976,-0.0005139056593179703,0.000687791034579277,-0.0014498913660645485,0.0004893760196864605,0.0003857815536321141,0.007008183790804923,-0.007313012911858707,0.023650610862423704,3.4797005355358124e-05,-0.00021505355834960938,0.0,0.0,0.0,0.0,0.0,0.0,0.0,0.0,0.0,0.0,0.0,0.0,0.0
200,view,normal_B,validation_test_seen,eval,1920,scene_0107,128,0.012874342501163483,0.004489191807806492,0.03015269711613655,0.010255955159664154,0.004342923406511545,0.0016417757142335176,0.45950701278305256,0.3279295947333001,1.4048620199452448,0.005991671700030565,0.24300116300582886,0.0,-2.6557594537734985e-05,-0.0007019545882940292,-0.0005044024437665939,-0.0024581672623753548,0.00020938459783792496,0.0001651989296078682,0.022399694077949395,0.0069990123111184355,0.03604153165319346,5.986588075757027e-05,-0.00020863115787506104,0.0,0.0,0.0,0.0,0.0,0.0,0.0,0.0,0.0,0.0,0.0,0.0,0.0
200,view,normal_B,validation_test_seen,eval,2176,scene_0108,128,0.012537234462797642,-0.00620934646576643,0.02112983725965023,-0.017516588792204857,0.006557253655046225,0.0016598730580881238,0.5879945064665469,0.4350505202309036,1.354685230726121,0.0037370906211435795,0.24180254340171814,0.0,0.0008306838572025299,-0.0005083703435957432,0.0013738647103309631,-0.0016717296093702316,0.00045265862718224525,0.0003012632951140404,0.01567728689726844,0.0026587187316745586,0.027744480332929644,6.504706107079983e-05,-0.00020582973957061768,0.0,0.0,0.0,0.0,0.0,0.0,0.0,0.0,0.0,0.0,0.0,0.0,0.0
200,view,normal_B,validation_test_seen,eval,2432,scene_0109,128,0.01812899298965931,-2.9066106890240917e-06,0.03127262741327286,-0.002035312121734023,0.007337340619415045,0.0016658104723319411,0.37542298656972506,0.4488901570232466,0.8333713897592376,0.003794303396716714,0.2423112988471985,0.0,0.0003297850489616394,-0.0004838630959511647,0.0002780985087156296,-0.0013447507517412305,0.0003722207620739937,0.00022297340910881758,0.004217050800999156,-0.007379851265366555,0.023142857792977534,4.5748427510261536e-05,-0.00016424059867858887,0.0,0.0,0.0,0.0,0.0,0.0,0.0,0.0,0.0,0.0,0.0,0.0,0.0
200,view,normal_B,validation_test_seen,eval,2688,scene_0110,128,0.011846181936562061,-0.004414415452629328,0.023478826507925987,-0.012705673463642597,0.00576354144141078,-7.896659371908754e-05,0.4360679478048415,0.44071371169310763,0.9906226777392544,0.003554991912096739,0.24288077652454376,0.0,0.00040848180651664734,-0.000441236887127161,0.000551074743270874,-0.0015656063333153725,0.00033392105251550674,0.00014668892254121602,0.01028877728416333,-0.0009999880340078038,0.025316919576181762,6.425264291465282e-05,-0.00015649199485778809,0.0,0.0,0.0,0.0,0.0,0.0,0.0,0.0,0.0,0.0,0.0,0.0,0.0
200,view,normal_B,validation_test_seen,eval,2944,scene_0111,128,0.009820266626775265,-0.004196395631879568,0.014884859323501587,-0.011407335288822651,0.0060697151347994804,0.001143620116636157,0.46887846030113534,0.48075544830028366,0.9727542647376377,0.0028279083780944347,0.2429429143667221,0.0,0.00042606424540281296,-0.0003436270635575056,0.0004832828417420387,-0.0010874047875404358,0.00038369186222553253,0.00020717282313853502,0.014653071993493083,0.004758204961331003,0.02104179470569023,4.3135834857821465e-05,-0.00012803077697753906,0.0,0.0,0.0,0.0,0.0,0.0,0.0,0.0,0.0,0.0,0.0,0.0,0.0
200,view,normal_B,validation_test_seen,eval,3200,scene_0112,128,0.010569321922957897,-0.004202250856906176,0.018757052719593048,-0.01522268820554018,0.006334460806101561,0.0014977422542870045,0.5534847905822812,0.5223114154592732,1.0599814124967561,0.004091459792107344,0.24316780269145966,0.0,0.0005252016708254814,-0.00036679720506072044,0.0008598156273365021,-0.0015239985659718513,0.0003521302714943886,0.0002317314501851797,0.014393113276598757,0.002385778208834566,0.022753631825504606,3.907224163413048e-05,-0.00015814602375030518,0.0,0.0,0.0,0.0,0.0,0.0,0.0,0.0,0.0,0.0,0.0,0.0,0.0
200,view,normal_B,validation_test_seen,eval,3456,scene_0113,128,0.011026776395738125,-0.0042124297469854355,0.022951150313019753,-0.01422776747494936,0.0050131529569625854,0.0008384397369809449,0.3576398263298121,0.32245442352667125,1.1075337324637449,0.005015763454139233,0.24299025535583496,0.0,0.00040443055331707,-0.00044388463720679283,0.000494781881570816,-0.001829640008509159,0.0003588646650314331,0.0002549701021052897,0.010643232243664091,0.003513806032216682,0.021314168988087134,4.782341420650482e-05,-0.0001684427261352539,0.0,0.0,0.0,0.0,0.0,0.0,0.0,0.0,0.0,0.0,0.0,0.0,0.0
200,view,normal_B,validation_test_seen,eval,3712,scene_0114,128,0.011804620735347271,-0.0011531481286510825,0.02903979830443859,-0.0032330139074474573,0.004591528791934252,-0.0002827037824317813,0.45178925252416097,0.45531919742118887,0.9940858023687881,0.00496298260986805,0.243491068482399,0.0,0.0001461012288928032,-0.0003427824703976512,-0.00011813268065452576,-0.0016744944732636213,0.0002566860057413578,0.0002145519247278571,0.022246822958539247,0.00952885818352417,0.02841407445718458,2.6407651603221893e-05,-0.00014829635620117188,0.0,0.0,0.0,0.0,0.0,0.0,0.0,0.0,0.0,0.0,0.0,0.0,0.0
200,view,normal_B,validation_test_seen,eval,3968,scene_0115,128,0.013732542283833027,0.000976766925305128,0.04251338541507721,0.004386601969599724,0.003893587738275528,-0.00018891158106271178,0.24317379696905458,0.2915053070261438,0.8341692233939756,0.004468154162168503,0.24407723546028137,0.0,0.00010103173553943634,-0.00035056343767791986,-0.00010230764746665955,-0.0018461504951119423,0.00017054611817002296,0.00016071480058599263,0.000809155104086301,-0.008857547925037956,0.027447712861627283,6.43264502286911e-05,-0.00012330710887908936,0.0,0.0,0.0,0.0,0.0,0.0,0.0,0.0,0.0,0.0,0.0,0.0,0.0
200,view,normal_B,validation_test_seen,eval,4224,scene_0116,128,0.014115408062934875,0.007492152974009514,0.031130162999033928,0.01717299409210682,0.005225819069892168,0.0024342676624655724,0.3444327594656334,0.3032006175503078,1.1387905109155996,0.004503187257796526,0.24292400479316711,0.0,-0.00015185493975877762,-0.00047049764543771744,-0.0010331030935049057,-0.001863805577158928,0.0003085620701313019,0.0002574566751718521,0.004011924869141981,-0.0062371921059371505,0.0364587063699795,7.232418283820152e-05,-0.0001758486032485962,0.0,0.0,0.0,0.0,0.0,0.0,0.0,0.0,0.0,0.0,0.0,0.0,0.0
200,view,normal_B,validation_test_seen,eval,4480,scene_0117,128,0.007575932424515486,-0.0028098777402192354,0.01644095964729786,-0.013261615298688412,0.0043136803433299065,0.0010362695902585983,0.9648457505300608,0.6249625759997841,1.5388563623699325,0.0030157396104186773,0.24373963475227356,0.0,0.000380645040422678,-0.00029212399385869503,0.0007204767316579819,-0.001704658381640911,0.0002555893734097481,0.00022767618065699935,0.023245382317436225,-0.00044829243016086817,0.03917490514598243,6.681005470454693e-05,-0.00013646483421325684,0.0,0.0,0.0,0.0,0.0,0.0,0.0,0.0,0.0,0.0,0.0,0.0,0.0
200,view,normal_B,validation_test_seen,eval,4736,scene_0118,128,0.009343269281089306,-0.004815336316823959,0.019610214978456497,-0.016336141154170036,0.004395492374897003,0.0007366916397586465,0.6296763055018969,0.46546419414465445,1.348690041283871,0.0032888404093682766,0.24295388162136078,0.0,0.0004260474815964699,-0.0004173964262008667,0.0006824769079685211,-0.0018946416676044464,0.0003024693578481674,0.0002945074811577797,0.009429784638031569,-0.00035290155727096817,0.024774577117283147,6.034993566572666e-05,-0.00018936395645141602,0.0,0.0,0.0,0.0,0.0,0.0,0.0,0.0,0.0,0.0,0.0,0.0,0.0
200,view,normal_B,validation_test_seen,eval,4992,scene_0119,128,0.012221775017678738,-0.0004554675833787769,0.02395291067659855,-0.005958249792456627,0.005841503851115704,0.0025373573880642653,0.3138391401090768,0.2911478300609385,1.0829361798049528,0.004598662257194519,0.2428591251373291,0.0,0.0002889493480324745,-0.00046564604599552695,0.00015143118798732758,-0.0017489218153059483,0.0003637392073869705,0.0002322958316653967,0.010496350347579453,0.005441242215462938,0.014849669516955988,3.1620264053344727e-05,-0.00017167627811431885,0.0,0.0,0.0,0.0,0.0,0.0,0.0,0.0,0.0,0.0,0.0,0.0,0.0
200,view,normal_B,validation_test_seen,eval,5248,scene_0120,128,0.009647647850215435,-0.0038906275294721127,0.020900292322039604,-0.015379549004137516,0.0045899502001702785,0.0012732672039419413,0.6276510744305702,0.4370802146380037,1.435548870778461,0.004914809949696064,0.24337008595466614,0.0,0.0006246622651815414,-0.0003253223840147257,0.001107165589928627,-0.0014703795313835144,0.00040779169648885727,0.0001893426524475217,0.014190416085536839,-0.00023168818295177251,0.03379511810117064,6.812857463955879e-05,-0.00013583898544311523,0.0,0.0,0.0,0.0,0.0,0.0,0.0,0.0,0.0,0.0,0.0,0.0,0.0
200,view,normal_B,validation_test_seen,eval,5504,scene_0121,128,0.010204276069998741,-0.0013075892347842455,0.020933808758854866,-0.005826493259519339,0.0046143364161252975,0.0010466983076184988,0.4726312887957581,0.38712340634275305,1.2248245408469685,0.004058139864355326,0.24326525628566742,0.0,0.0004163673147559166,-0.000308738905005157,0.00044898129999637604,-0.0014101057313382626,0.0003993762657046318,0.0002650587121024728,0.008046145109275593,-0.003427893927528569,0.030969609511649843,7.339660078287125e-05,-0.0001396089792251587,0.0,0.0,0.0,0.0,0.0,0.0,0.0,0.0,0.0,0.0,0.0,0.0,0.0
200,view,normal_B,validation_test_seen,eval,5760,scene_0122,128,0.00788404792547226,-0.0025976269971579313,0.01211625337600708,-0.009767983108758926,0.0051750242710113525,0.0019920996855944395,0.6067903952060626,0.602759308958988,1.0054984391207862,0.0026617241092026234,0.24146394431591034,0.0,0.0007001245394349098,-0.000502702547237277,0.0010893726721405983,-0.0017487239092588425,0.00045096687972545624,0.00029487337451428175,0.01583664942830265,0.00047100212936657115,0.02585838961481246,2.964213490486145e-05,-0.0002057403326034546,0.0,0.0,0.0,0.0,0.0,0.0,0.0,0.0,0.0,0.0,0.0,0.0,0.0
200,view,normal_B,validation_test_seen,eval,6016,scene_0123,128,0.01377334538847208,0.0012191503774374723,0.028060264885425568,0.002731571439653635,0.005712808109819889,0.0003658581990748644,0.4775407019208724,0.6344400772971961,0.753547022025086,0.0045861611142754555,0.24247397482395172,0.0,0.00027110055088996887,-0.0006528474623337388,-2.4257227778434753e-05,-0.00216720812022686,0.00043773697689175606,0.00020153926743660122,0.01885384142142893,0.0022077683632742984,0.02751335731528126,5.6735705584287643e-05,-0.00021608173847198486,0.0,0.0,0.0,0.0,0.0,0.0,0.0,0.0,0.0,0.0,0.0,0.0,0.0
200,view,normal_B,validation_test_seen,eval,6272,scene_0124,128,0.010177471674978733,-0.0050993082113564014,0.018494397401809692,-0.01354917325079441,0.005508248694241047,-0.00035545160062611103,0.4886864802272159,0.4613376554516954,1.0659114103764422,0.003893278306350112,0.2429894357919693,0.0,0.0006204713135957718,-0.0003761928528547287,0.0010211523622274399,-0.0014616400003433228,0.00039552338421344757,0.00023318943567574024,0.011819364530843979,-0.004358767042710487,0.035284789289641294,9.396928362548351e-05,-0.00015138089656829834,0.0,0.0,0.0,0.0,0.0,0.0,0.0,0.0,0.0,0.0,0.0,0.0,0.0
200,view,normal_B,validation_test_seen,eval,6528,scene_0125,128,0.017795167863368988,0.009816146455705166,0.04560380429029465,0.0274066012352705,0.005586419720202684,0.0020934592466801405,0.30714609368604695,0.3225711617839691,0.9447316317205905,0.005321167409420013,0.24340584874153137,0.0,0.00010669603943824768,-0.00031627342104911804,-0.0003260113298892975,-0.0014354642480611801,0.000296667218208313,0.00017508177552372217,0.00380251999509279,-0.0011567887415098177,0.015253828785685375,6.588920950889587e-05,-0.00012508034706115723,0.0,0.0,0.0,0.0,0.0,0.0,0.0,0.0,0.0,0.0,0.0,0.0,0.0
200,view,normal_B,validation_test_seen,eval,6784,scene_0126,128,0.009730726480484009,-0.004946673754602671,0.021666575223207474,-0.01647203229367733,0.004577287007123232,2.9529132007155567e-05,0.5937166170585889,0.5099377590915224,1.1744886709628728,0.003781326347962022,0.24356044828891754,0.0,0.0005219783633947372,-0.0001976354978978634,0.00090775266289711,-0.0011970913037657738,0.00035541364923119545,0.00023389090347336605,0.010542779956730364,0.0006386575037824471,0.018837639771487558,5.176011472940445e-05,-0.00011119246482849121,0.0,0.0,0.0,0.0,0.0,0.0,0.0,0.0,0.0,0.0,0.0,0.0,0.0
200,view,normal_B,validation_test_seen,eval,7040,scene_0127,128,0.007647330407053232,-0.0014126341557130218,0.020071331411600113,-0.008662045001983643,0.00427841255441308,0.0005531313945539296,0.44984488065615935,0.36012361098581963,1.2312139626579146,0.004813609644770622,0.24411115050315857,0.0,0.000303077045828104,-0.0002058964455500245,0.00027654506266117096,-0.0016975859180092812,0.0003102724440395832,0.0001985933049581945,0.011776625225059345,0.0029435454101908176,0.019859086924334912,2.8423964977264404e-05,-0.00011307001113891602,0.0,0.0,0.0,0.0,0.0,0.0,0.0,0.0,0.0,0.0,0.0,0.0,0.0
200,view,normal_B,validation_test_seen,eval,7296,scene_0128,128,0.009672490879893303,-0.0015745741548016667,0.02163880690932274,-0.0059585063718259335,0.004402504302561283,0.0003561170888133347,0.4839105672157049,0.39270320079072,1.2315230193993685,0.0035883139353245497,0.2434002310037613,0.0,0.0002973582595586777,-0.0004071686416864395,0.00017636455595493317,-0.0019506998360157013,0.00035064201802015305,0.00027260534989181906,0.0005302348210515784,-0.008520234046312192,0.027249328004818718,5.888123996555805e-05,-0.0001742243766784668,0.0,0.0,0.0,0.0,0.0,0.0,0.0,0.0,0.0,0.0,0.0,0.0,0.0
200,view,normal_B,validation_test_seen,eval,7552,scene_0129,128,0.010358389467000961,-0.006952699273824692,0.022919317707419395,-0.02152239717543125,0.00505015579983592,-0.0007955615292303264,0.9716812189127318,0.6221100212061034,1.5586965021461667,0.0027482619043439627,0.24317666888237,0.0,0.0005003279075026512,-0.00020186416804790497,0.0009186360985040665,-0.0013227928429841995,0.0003235498443245888,0.00027184042846783996,0.017364989978516876,0.001349624901938018,0.025233699120908115,5.065323784947395e-05,-0.00013206899166107178,0.0,0.0,0.0,0.0,0.0,0.0,0.0,0.0,0.0,0.0,0.0,0.0,0.0
200,view,normal_B,validation_test_seen,eval,192,scene_0100,192,0.0121155371889472,-0.00499827042222023,0.023052409291267395,-0.016992732882499695,0.008003506809473038,-0.00048860750393942,0.6303891266959485,0.5123435636839678,1.161435438829779,0.0033750382717698812,0.23911897838115692,0.0,0.0006173932924866676,-0.00016716774553060532,0.001262865960597992,-0.0018799789249897003,0.00037471111863851547,0.00047681271098554134,0.026914886885110234,0.004864995486105861,0.042164400977022565,6.843777373433113e-05,-0.00021173059940338135,0.0,0.0,0.0,0.0,0.0,0.0,0.0,0.0,0.0,0.0,0.0,0.0,0.0
200,view,normal_B,validation_test_seen,eval,7616,scene_0129,192,0.013730281963944435,-0.008241064846515656,0.027124416083097458,-0.0248428862541914,0.008273114450275898,-0.0014769881963729858,0.9364176684610572,0.47911718399056175,1.8987305693272956,0.0036396333016455173,0.23906278610229492,0.0,0.0005362583324313164,-0.00010349694639444351,0.0009747911244630814,-0.0016258414834737778,0.00035759061574935913,0.0005167531780898571,0.015696114622042456,5.117541807342363e-05,0.03399705229450878,8.371425792574883e-05,-0.00019437074661254883,0.0,0.0,0.0,0.0,0.0,0.0,0.0,0.0,0.0,0.0,0.0,0.0,0.0
200,view,remove_fixed_clip,train,eval,128,scene_0000,128,0.010956455022096634,-0.007692840415984392,0.01610531657934189,-0.014559072442352772,0.005979181732982397,-0.001055428758263588,0.767086173781479,0.7237891082021186,1.0571964909010367,0.002529649995267391,0.24250154197216034,0.0,0.00011273659765720367,0.0001088809221982956,4.972703754901886e-05,-0.00026324857026338577,0.00017364555969834328,0.0004686099709942937,0.004505552616177355,-0.0038296925456533515,0.011718534824466609,2.6271678507328033e-05,-4.7847628593444824e-05,0.0,-0.0003092130646109581,0.00037448154762387276,-0.0004399362951517105,0.0005592405796051025,-0.00018284469842910767,0.00019588007126003504,-0.004472130288260434,0.00018960495842668124,-0.006434569881944352,-1.359148882329464e-05,9.28640365600586e-05,0.0
200,view,remove_fixed_clip,train,eval,1664,scene_0006,128,0.011767483316361904,0.0018884879536926746,0.029193272814154625,0.00608214782550931,0.00381046743132174,-2.6433706807438284e-05,0.4339550756372873,0.357115337859641,1.2136768859662737,0.004277780652046204,0.24292317032814026,0.0,8.149724453687668e-05,-0.000149786239489913,4.7048553824424744e-05,-0.0013373480178415775,9.722751565277576e-05,0.00039248164830496535,0.0048766829364090825,-0.003528081011866746,0.024963639749735034,6.638607010245323e-05,-9.930133819580078e-05,0.0,-0.00020047463476657867,0.00033698277547955513,-0.0003595259040594101,0.0008106580935418606,-0.0001278494019061327,0.00012069178774254397,-0.0017157455302544422,-0.0017150725407838463,0.0009037960988111937,-8.575618267059326e-06,9.059906005859375e-05,0.0
200,view,remove_fixed_clip,train,eval,3456,scene_0013,128,0.023525994271039963,0.016567418351769447,0.04672745242714882,0.03609137237071991,0.0047762515023350716,0.0007895680028013885,0.35510727742426895,0.2980339633360034,1.1959771480187111,0.00453543197363615,0.24227358400821686,0.0,-0.00028686411678791046,-0.00040106475353240967,-0.000834297388792038,-0.0013634636998176575,0.0001555304042994976,0.0003766775771509856,0.0024070575314433795,-0.00954043350192435,0.04547383353791923,5.405908450484276e-05,-0.00012721121311187744,0.0,6.40377402305603e-06,0.0003703553229570389,0.00016716867685317993,0.000680483877658844,-0.00012350920587778091,0.00011973438085988164,-0.0035460234761062748,-0.001468764721725191,-0.005917740721920195,-9.3141570687294e-06,9.28342342376709e-05,0.0
200,view,remove_fixed_clip,train,eval,4992,scene_0019,128,0.00960051454603672,0.001237361109815538,0.022584760561585426,0.0005573953385464847,0.00422133831307292,0.00151906069368124,0.2646977827152492,0.32923662388629454,0.8121699944855242,0.00483533414080739,0.24355657398700714,0.0,0.00016182102262973785,-6.857945118099451e-05,-2.346932888031006e-05,-0.001130307384300977,0.0002385866828262806,0.00037127838004380465,0.004959656788920186,-0.0026441075480891363,0.02103905963949748,5.8451201766729355e-05,-6.99162483215332e-05,0.0,-8.12401995062828e-05,0.00027494755340740085,-9.049847722053528e-05,0.0006082498366595246,-7.740361616015434e-05,0.00013686565216630697,-0.001531613193872794,-0.0015792755725042573,-0.0009002298523067553,-4.8889778554439545e-06,6.885826587677002e-05,0.0
200,view,remove_fixed_clip,train,eval,6784,scene_0026,128,0.008386549539864063,-0.00493203941732645,0.015150974504649639,-0.012258142232894897,0.004486296325922012,-0.0007079324568621814,0.7083742438140278,0.6868385687079647,1.026685757395979,0.002966983476653695,0.24319984018802643,0.0,8.27563926577568e-05,0.00010995334014296532,-2.823956310749054e-05,-0.00032301340252161026,0.00014675315469503403,0.0003595954622142017,0.007456732498560381,-0.00034426171280987905,0.01136650473457479,3.49909532815218e-05,-4.667043685913086e-05,0.0,-0.00027276109904050827,0.0003045736812055111,-0.0003596208989620209,0.0006110100075602531,-0.00022268109023571014,0.00012788770254701376,-0.004712599324518396,-0.00040859637796009096,-0.006199719380380664,-9.890412911772728e-06,8.380413055419922e-05,0.0
200,view,remove_fixed_clip,train,eval,8576,scene_0033,128,0.013367466628551483,0.0019129556603729725,0.029200265184044838,0.005209232214838266,0.005189592018723488,0.00021037990518379956,0.382005692045483,0.48527357432594204,0.7889408159866406,0.004147866740822792,0.24258290231227875,0.0,-3.209710121154785e-05,-7.502618245780468e-05,-0.0004260241985321045,-0.0009949356317520142,0.00017137732356786728,0.00040012177487369627,0.01175052089469475,-0.0012654629380908777,0.025664627492920422,3.141956403851509e-05,-9.213387966156006e-05,0.0,-0.00010643806308507919,0.0003474984550848603,2.8621405363082886e-05,0.0007678563706576824,-0.00017619458958506584,0.00013037786266067997,-0.0038248427808498797,-0.001759818353698206,-0.005074676247459831,-4.058238118886948e-06,9.216368198394775e-05,0.0
200,view,remove_fixed_clip,train,eval,10112,scene_0039,128,0.012440224178135395,0.0010668545728549361,0.024742435663938522,0.0021108132787048817,0.004328054375946522,0.00037846030318178236,0.5000588292734679,0.5836938114626614,0.8574551230163612,0.003803588915616274,0.24280934035778046,0.0,9.938515722751617e-05,-3.597536124289036e-05,-4.003383219242096e-05,-0.0005824309773743153,0.0001913178712129593,0.00032436154651804827,0.0013710911419076988,-0.007084636500612085,0.012452445916698918,5.630124360322952e-05,-6.133317947387695e-05,0.0,-0.0001802779734134674,0.0003548987442627549,-0.00028215348720550537,0.0006363691063597798,-0.00011310167610645294,0.00016929549747146666,-0.003512443047592795,-0.0006179397075063431,-0.005117992232843704,-1.4675315469503403e-05,8.831918239593506e-05,0.0
200,view,remove_fixed_clip,train,eval,11904,scene_0046,128,0.009194200858473778,-0.002967286389321089,0.019587213173508644,-0.010295514948666096,0.004556690342724323,0.00030267296824604273,0.5630096682722048,0.46127784522064225,1.2204424272665655,0.003275172086432576,0.24326612055301666,0.0,0.00017659831792116165,-2.3055588826537132e-05,5.9470534324645996e-05,-0.0009864475578069687,0.00022886134684085846,0.0004068234557053074,0.016548494169346784,0.0006868585541325856,0.03410583466561756,1.4276010915637016e-05,-5.91278076171875e-05,0.0,-0.00020996015518903732,0.00030750990845263004,-0.00043518468737602234,0.0006952937692403793,-0.00010946299880743027,0.0001344748743576929,-0.0034102793396879605,-0.0011479114795382994,-0.004345934696120546,-9.869225323200226e-06,7.867813110351562e-05,0.0
200,view,remove_fixed_clip,train,eval,13440,scene_0052,128,0.010745640844106674,-0.007320722099393606,0.018000800162553787,-0.016796842217445374,0.0047042579390108585,0.0005700583569705486,0.5672273953475933,0.46919659469757774,1.2007338570355082,0.0026095695793628693,0.24150627851486206,0.0,0.00034469272941350937,-3.444729372859001e-05,0.00044786930084228516,-0.000618714839220047,0.00025877635926008224,0.0004520736329141073,0.005494238521100314,-0.00147500940152967,0.01617089404737282,1.1302763596177101e-05,-7.08550214767456e-05,0.0,-0.0004077395424246788,0.00044320104643702507,-0.000754285603761673,0.0008176472038030624,-0.00011916970834136009,0.00013140038936398923,-0.0020547078490260606,-0.00026996304591209164,-0.0035380268862856834,-8.678995072841644e-06,0.00011713802814483643,0.0
200,view,remove_fixed_clip,train,eval,15232,scene_0059,128,0.012416096404194832,0.0008642587927170098,0.020527025684714317,-0.0001976791099878028,0.006298582069575787,0.0016652054619044065,0.4728991578137455,0.49693877262700287,0.9468481706580862,0.0034813773818314075,0.2411750704050064,0.0,2.3426488041877747e-05,-7.118080975487828e-05,-0.00020327232778072357,-0.0007747782074147835,0.00019440939649939537,0.00045949441846460104,-0.009110019634664679,-0.013807722854513982,0.007641571704055661,3.984803333878517e-05,-9.582936763763428e-05,0.0,-0.00018657278269529343,0.00040125747909769416,-0.00021274574100971222,0.0007692927465541288,-0.0001668296754360199,0.00012367358431220055,-0.00250303928697293,-0.0007458735712525533,-0.003568644075220506,-5.769543349742889e-06,0.00011278688907623291,0.0
200,view,remove_fixed_clip,train,eval,17024,scene_0066,128,0.009267845191061497,-0.0007192171760834754,0.024860624223947525,-0.00462364824488759,0.0036364137195050716,0.0006908931536599994,0.44409787869885226,0.40712787482067214,1.0760376341731392,0.004764003213495016,0.24476328492164612,0.0,3.6315061151981354e-05,-6.348866736516356e-05,-0.00026496686041355133,-0.000993051566183567,0.00014512520283460617,0.000272228877292946,0.008457654223250233,0.0037281109665718293,0.009894584708308507,4.476029425859451e-05,-4.5925378799438477e-05,0.0,-0.0001607956364750862,0.00022632681066170335,-0.00019844062626361847,0.00046907132491469383,-0.0001471999567002058,0.00013865833170711994,-0.00240225843309666,-0.0016452026149063048,-0.0015260082146237863,-3.906898200511932e-06,5.0768256187438965e-05,0.0
200,view,remove_fixed_clip,train,eval,18560,scene_0072,128,0.010492673143744469,-0.003980998415499926,0.022420650348067284,-0.011300868354737759,0.004531810525804758,-0.00032298066071234643,0.5625770721298412,0.5547998151749919,1.0127214155822695,0.004559074528515339,0.24303364753723145,0.0,0.00017456989735364914,-7.599033415317535e-05,0.00022527948021888733,-0.0010149991139769554,0.00014922814443707466,0.0003932684485334903,0.007611575811826254,-0.0066874691581295664,0.025922606718418062,6.990041583776474e-05,-7.537007331848145e-05,0.0,-0.00031114742159843445,0.00030853552743792534,-0.0005352385342121124,0.0006811954081058502,-0.00019915960729122162,0.00012230404536239803,-0.0011972887220323969,-6.72234091728674e-05,-0.001959143214953052,-1.0532326996326447e-05,8.340179920196533e-05,0.0
200,view,remove_fixed_clip,train,eval,20352,scene_0079,128,0.011891823261976242,0.0016200932441279292,0.018490806221961975,0.0006062279571779072,0.005502086598426104,0.0026018095668405294,0.3957546908192486,0.3966081081861211,0.9976279654404719,0.0024792677722871304,0.24077929556369781,0.0,7.883738726377487e-05,-0.00019130262080579996,-0.00011920370161533356,-0.0008146479376591742,0.0002705971710383892,0.0004122769460082054,0.008595391895002191,0.0010737423904173538,0.018534986198753933,5.222391337156296e-06,-0.00010044872760772705,0.0,-0.0002568364143371582,0.0004319122526794672,-0.00039197131991386414,0.0007303248421521857,-0.00012598978355526924,0.00014296150766313076,-0.0027490088273969815,-0.0024600779369223225,-0.0008577907518142469,-4.963018000125885e-06,0.0001156926155090332,0.0
200,view,remove_fixed_clip,train,eval,21888,scene_0085,128,0.010451906360685825,-0.0023050871677696705,0.016148831695318222,-0.007565668318420649,0.005734334234148264,0.0020511546172201633,0.612452112632715,0.5829587504750325,1.0511023474969219,0.003587503219023347,0.24245963990688324,0.0,5.3256750106811523e-05,-0.0001552775502204895,-0.0001955181360244751,-0.0007249549962580204,0.0002592667005956173,0.00031646888237446547,0.015511869440194004,0.005190333815303649,0.017247137394633905,-1.1154450476169586e-05,-8.291006088256836e-05,0.0,-5.24008646607399e-05,0.00031623803079128265,-7.863342761993408e-05,0.0005112406797707081,-3.067776560783386e-05,0.00015475938562303782,-0.0034111164677926853,-0.0002765348345757923,-0.005366433916896396,-9.868759661912918e-06,7.584691047668457e-05,0.0
200,view,remove_fixed_clip,train,eval,23680,scene_0092,128,0.008236320689320564,-0.001715990249067545,0.018799690529704094,-0.007167069241404533,0.004182405769824982,0.00037597553455270827,0.5279838266343406,0.4788747064015747,1.0972658388113088,0.0045434292405843735,0.24419094622135162,0.0,8.210912346839905e-05,-8.793571032583714e-05,-0.0001852419227361679,-0.0011301124468445778,0.00018470967188477516,0.0003120212204521522,0.01620563744497061,0.005376742169918847,0.021953432861787192,-6.24312087893486e-06,-6.778538227081299e-05,0.0,-0.00020388420671224594,0.00026131654158234596,-0.0002752058207988739,0.0006101056933403015,-0.00017651403322815895,0.00012746115680783987,-0.0037219930546404933,-0.0011679656268863137,-0.0050320528519172125,-9.899027645587921e-06,6.555020809173584e-05,0.0
200,view,remove_fixed_clip,train,eval,25472,scene_0099,128,0.011739496141672134,-0.0015334982890635729,0.022290444001555443,-0.005133486352860928,0.005038142204284668,0.000753006199374795,0.540063702394752,0.3933102874322358,1.3739397569733631,0.004641552921384573,0.24250710010528564,0.0,-2.1919608116149902e-05,-0.000218678149394691,-0.0003245752304792404,-0.0012574205175042152,0.0001703072339296341,0.00044107093708589673,-0.006067393011620292,-0.01368616399268574,0.03149658251041543,0.0001264023594558239,-0.00011776387691497803,0.0,-0.00022830255329608917,0.0003665982512757182,-0.00038951635360717773,0.000740190502256155,-0.000125909224152565,0.00012931390665471554,-0.002414838284725551,-0.0004245626939969882,-0.004648305499580729,-1.5146564692258835e-05,9.799003601074219e-05,0.0
200,view,remove_fixed_clip,validation_test_seen,eval,128,scene_0100,128,0.009021825157105923,-0.00466995220631361,0.019855547696352005,-0.018526706844568253,0.00463483901694417,0.0009411753853783011,0.7373424356986221,0.5014648549969802,1.4666327151220568,0.0031088017858564854,0.24379129707813263,0.0,0.0003290381282567978,0.00010384852066636086,0.0005591250956058502,-0.0006084833294153214,0.000235868152230978,0.0003922987962141633,0.004306237343868702,-0.001793807209910403,0.013947901146537323,2.833595499396324e-05,-4.3511390686035156e-05,0.0,-0.00029211584478616714,0.000301482155919075,-0.0006880555301904678,0.0007509589195251465,-0.00013178540393710136,0.00011947198072448373,-0.005630152801111676,-0.0014415119619234362,-0.006979397345131311,-1.9162660464644432e-05,7.87973403930664e-05,0.0
200,view,remove_fixed_clip,validation_test_seen,eval,384,scene_0101,128,0.010197553783655167,-0.00650077173486352,0.020826412364840508,-0.01971283368766308,0.004940163344144821,3.435742110013962e-05,0.7936898047847729,0.5648886257311492,1.3981360947952888,0.0029197311960160732,0.24318848550319672,0.0,0.0004159929230809212,-3.879517316818237e-05,0.0007395800203084946,-0.0009122788906097412,0.00025593535974621773,0.0003932595136575401,0.007781910526223457,-0.003835937189350491,0.02351249843725478,4.196818917989731e-05,-7.143616676330566e-05,0.0,-0.0003171609714627266,0.00035509606823325157,-0.0007161907851696014,0.0008444618433713913,-0.00011978903785347939,0.00011304021609248593,-0.006882927677481332,-0.001218716251318308,-0.009015323991857782,-1.755356788635254e-05,9.642541408538818e-05,0.0
200,view,remove_fixed_clip,validation_test_seen,eval,640,scene_0102,128,0.008951788768172264,-0.0016745674656704068,0.022972892969846725,-0.005415512248873711,0.004499847535043955,-0.00048675364814698696,0.3626526980960425,0.39190241381131286,0.9220860255295885,0.004154440946877003,0.24438264966011047,0.0,0.00015079230070114136,6.51640584692359e-05,0.00012274086475372314,-0.0008676610887050629,0.00015969853848218918,0.00036135182017460465,0.0057724740257071305,-0.002315847449451347,0.01984949885819154,5.269097164273262e-05,-4.2825937271118164e-05,0.0,-0.00016830582171678543,0.00026892393361777067,-0.00033608824014663696,0.0006761541590094566,-0.00011503277346491814,0.0001396210864186287,-0.0027267924144401268,-0.001477817915358226,-0.003486310327070141,-1.478521153330803e-05,6.778538227081299e-05,0.0
200,view,remove_fixed_clip,validation_test_seen,eval,896,scene_0103,128,0.008402196690440178,-0.0024547979701310396,0.019939590245485306,-0.010732866823673248,0.0041207014583051205,0.0006171696586534381,0.35866258383610167,0.5044782369356852,0.7143701999084427,0.004906623624265194,0.24401156604290009,0.0,9.293295443058014e-05,1.869071274995804e-05,4.915893077850342e-05,-0.0009048739448189735,0.00010917522013187408,0.0003614230954553932,0.020346556310691044,0.01746104348306765,0.015735576812349605,-2.6020221412181854e-05,-5.0902366638183594e-05,0.0,-0.00023361854255199432,0.00026008510030806065,-0.0003059804439544678,0.0006236908957362175,-0.00020676571875810623,0.000125152466353029,-0.003942897403788004,-0.0029391135031984206,-0.00367885421540437,-2.966262400150299e-06,6.808340549468994e-05,0.0
200,view,remove_fixed_clip,validation_test_seen,eval,1152,scene_0104,128,0.008693317882716656,-0.006167061161249876,0.02382333017885685,-0.02288730815052986,0.0033382256515324116,-0.00024912459775805473,0.5647452756789404,0.4039015769014004,1.3885269679089103,0.0033465963788330555,0.24406708776950836,0.0,0.0002169087529182434,0.00012742355465888977,0.00048011913895606995,-0.0006818976253271103,0.0001237485557794571,0.0004138713702559471,0.001564604516853696,-0.0038501735533227333,0.017552602131359896,2.1967338398098946e-05,-3.1560659408569336e-05,0.0,-0.0002628108486533165,0.0002873842604458332,-0.0005762744694948196,0.0006560683250427246,-0.0001518635544925928,0.00015689211431890726,-0.004784834947422545,-0.000585272912375645,-0.009752948920970006,-1.3814540579915047e-05,6.742775440216064e-05,0.0
200,view,remove_fixed_clip,validation_test_seen,eval,1408,scene_0105,128,0.008440740406513214,-0.0035213781520724297,0.020280789583921432,-0.00833380687981844,0.003971163183450699,-0.0017047029687091708,0.594452669366184,0.5578077699309836,1.0664559980231298,0.004319984931498766,0.24393904209136963,0.0,0.00013094302266836166,-1.615704968571663e-05,0.00039108097553253174,-0.0009422525763511658,3.274204209446907e-05,0.0003334410721436143,0.004483122846465015,-0.004214616682010841,0.01586860895111708,9.749317541718483e-05,-5.5670738220214844e-05,0.0,-0.00026326533406972885,0.00026802998036146164,-0.00037475302815437317,0.0006448701024055481,-0.00022117793560028076,0.00012577406596392393,-0.0033277068541098798,-0.0009879384711182215,-0.004104841308491647,-2.122204750776291e-05,6.949901580810547e-05,0.0
200,view,remove_fixed_clip,validation_test_seen,eval,1664,scene_0106,128,0.01087797712534666,-0.0060598161071538925,0.016313498839735985,-0.012574443593621254,0.005653254222124815,0.00020216124539729208,0.7434674135558208,0.6423701760137958,1.1470177261390044,0.002453805413097143,0.24100922048091888,0.0,0.00024918001145124435,-5.425466224551201e-05,0.00017811544239521027,-0.0006291931495070457,0.0003174855373799801,0.000498387889820151,0.0016105366613915484,-0.006966021237367781,0.01476284988464438,1.996522769331932e-05,-8.882582187652588e-05,0.0,-0.00033744145184755325,0.00045965099707245827,-0.0005096755921840668,0.0008206982165575027,-0.0001718904823064804,0.00011260633618803695,-0.005397647129413374,0.00034699167449092627,-0.008887760977779324,-1.4831777662038803e-05,0.0001262277364730835,0.0
200,view,remove_fixed_clip,validation_test_seen,eval,1920,scene_0107,128,0.012829049490392208,0.00477161630988121,0.03008204884827137,0.01083458587527275,0.004310151096433401,0.0017779445042833686,0.45694922593906917,0.3271344880580772,1.4004555294456744,0.00598287396132946,0.24307189881801605,0.0,-7.185060530900955e-05,-0.00041953008621931076,-0.0005750507116317749,-0.001879536546766758,0.00017661228775978088,0.00030136771965771914,0.019841907233966005,0.006203905635895568,0.031635041153623034,5.106814205646515e-05,-0.0001378953456878662,0.0,-4.529301077127457e-05,0.0002824245020747185,-7.064826786518097e-05,0.0005786307156085968,-3.2772310078144073e-05,0.00013616879004985094,-0.0025577868439833895,-0.0007951066752228675,-0.004406490499570426,-8.797738701105118e-06,7.073581218719482e-05,0.0
200,view,remove_fixed_clip,validation_test_seen,eval,2176,scene_0108,128,0.012175468727946281,-0.00581524008885026,0.020435940474271774,-0.01671152375638485,0.006426631938666105,0.001767975278198719,0.5836216473457763,0.43362928996710837,1.3489971094783353,0.003718616673722863,0.2419121414422989,0.0,0.0004689181223511696,-0.00011426396667957306,0.000679967924952507,-0.0008666645735502243,0.00032203691080212593,0.0004093655152246356,0.01130442777649776,0.0012374884678792997,0.022056359085143917,4.657311365008354e-05,-9.623169898986816e-05,0.0,-0.0003617657348513603,0.0003941063769161701,-0.0006938967853784561,0.0008050650358200073,-0.00013062171638011932,0.00010810222011059523,-0.004372859120770678,-0.001421230263795259,-0.005688121247785727,-1.8473947420716286e-05,0.00010959804058074951,0.0
200,view,remove_fixed_clip,validation_test_seen,eval,2432,scene_0109,128,0.017929276451468468,0.0003718226798810065,0.03095780685544014,-0.0014220657758414745,0.007232131902128458,0.0018447033362463117,0.3730342768026546,0.44873723887188544,0.828376270538524,0.0037860809825360775,0.24240219593048096,0.0,0.00013006851077079773,-0.00010913380538113415,-3.672204911708832e-05,-0.0007315044058486819,0.0002670120447874069,0.0004018662730231881,0.0018283410339287043,-0.007532769416727703,0.018147738572263927,3.752601332962513e-05,-7.334351539611816e-05,0.0,-0.00019971653819084167,0.00037472929057003057,-0.0003148205578327179,0.0006132463458925486,-0.00010520871728658676,0.00017889286391437054,-0.0023887097670704516,-0.00015291815136114772,-0.004995119220713606,-8.222414180636406e-06,9.08970832824707e-05,0.0
200,view,remove_fixed_clip,validation_test_seen,eval,2688,scene_0110,128,0.011663103476166725,-0.0040731108747422695,0.023132015019655228,-0.012029108591377735,0.0056660776026546955,8.703330240678042e-05,0.43205512815167707,0.43859800298397206,0.9862412952384281,0.003547435626387596,0.24296505749225616,0.0,0.0002254033461213112,-9.993230924010277e-05,0.00020426325500011444,-0.0008890414610505104,0.0002364572137594223,0.000312688818667084,0.0062759576309989185,-0.0031156967431433813,0.020935537075355448,5.669635720551014e-05,-7.221102714538574e-05,0.0,-0.00018307846039533615,0.00034130457788705826,-0.0003468114882707596,0.0006765648722648621,-9.746383875608444e-05,0.00016599989612586796,-0.004012819653164412,-0.0021157087091355775,-0.004381382500826314,-7.556285709142685e-06,8.428096771240234e-05,0.0
200,view,remove_fixed_clip,validation_test_seen,eval,2944,scene_0111,128,0.009610378183424473,-0.003837699769064784,0.014481981284916401,-0.010798188857734203,0.006002745125442743,0.0013168464647606015,0.46459114022687453,0.4799582557183338,0.9654493269992083,0.002813340863212943,0.24302710592746735,0.0,0.00021617580205202103,1.5068799257278442e-05,8.040480315685272e-05,-0.0004782583564519882,0.0003167218528687954,0.0003803991712629795,0.01036575191923228,0.003961012379381124,0.013736856967260791,2.8568319976329803e-05,-4.3839216232299805e-05,0.0,-0.00020988844335079193,0.00035869586281478405,-0.000402878038585186,0.0006091464310884476,-6.697000935673714e-05,0.00017322634812444448,-0.004287320074260803,-0.0007971925819498793,-0.00730493773842944,-1.4567514881491661e-05,8.419156074523926e-05,0.0
200,view,remove_fixed_clip,validation_test_seen,eval,3200,scene_0112,128,0.010334054939448833,-0.0038495552726089954,0.01825123466551304,-0.014500336721539497,0.0062391310930252075,0.0016592442989349365,0.5496847967947506,0.5211945592421802,1.0549438940317135,0.004077689256519079,0.24325557053089142,0.0,0.0002899346873164177,-1.4101620763540268e-05,0.0003539975732564926,-0.0008016470819711685,0.0002568005584180355,0.00039323349483311176,0.010593119489068159,0.0012689219917415562,0.01771611336046197,2.5301706045866013e-05,-7.037818431854248e-05,0.0,-0.00023526698350906372,0.0003526955842971802,-0.0005058180540800095,0.0007223514840006828,-9.532971307635307e-05,0.00016150204464793205,-0.003799993787530598,-0.0011168562170930096,-0.005037518465042634,-1.3770535588264465e-05,8.77678394317627e-05,0.0
200,view,remove_fixed_clip,validation_test_seen,eval,3456,scene_0113,128,0.010848239064216614,-0.0038950424641370773,0.02264312654733658,-0.013552302494645119,0.0048999181017279625,0.0009752443293109536,0.3554317189798763,0.32128309475430544,1.1047100820497635,0.005000404082238674,0.24307003617286682,0.0,0.00022589322179555893,-0.00012649735435843468,0.0001867581158876419,-0.001154175028204918,0.00024562980979681015,0.00039177469443529844,0.008435124893728274,0.0023424772598508725,0.018490518574105774,3.246404230594635e-05,-8.866190910339355e-05,0.0,-0.00017853733152151108,0.00031738728284835815,-0.00030802376568317413,0.0006754649803042412,-0.00011323485523462296,0.00013680459233000875,-0.0022081073499358173,-0.0011713287723658095,-0.00282365041398136,-1.535937190055847e-05,7.978081703186035e-05,0.0
200,view,remove_fixed_clip,validation_test_seen,eval,3712,scene_0114,128,0.011693294160068035,-0.000872787379194051,0.028964480385184288,-0.0026320070028305054,0.004465130157768726,-0.00013653680798597634,0.44824215611580687,0.45375142498807525,0.9896532060508703,0.004957764875143766,0.24356062710285187,0.0,3.477465361356735e-05,-6.242172094061971e-05,-0.00019345059990882874,-0.0010734875686466694,0.00013028737157583237,0.00036071889917366207,0.018699726550185147,0.007961085750410546,0.023981478139266765,2.1189916878938675e-05,-7.873773574829102e-05,0.0,-0.00011132657527923584,0.0002803607494570315,-7.531791925430298e-05,0.0006010069046169519,-0.00012639863416552544,0.00014616697444580495,-0.0035470964083541,-0.0015677724331136234,-0.004432596317917814,-5.217734724283218e-06,6.955862045288086e-05,0.0
200,view,remove_fixed_clip,validation_test_seen,eval,3968,scene_0115,128,0.01360755693167448,0.0012999428436160088,0.04225439950823784,0.00508017186075449,0.0038144104182720184,7.641027877980378e-06,0.2423174522142935,0.2909507739536068,0.8328527737216656,0.004462418612092733,0.2441449910402298,0.0,-2.3953616619110107e-05,-2.7387519367039204e-05,-0.0003612935543060303,-0.0011525806039571762,9.136879816651344e-05,0.0003572674095266848,-4.718965067479486e-05,-0.009412080997574956,0.026131263189317244,5.859090015292168e-05,-5.555152893066406e-05,0.0,-0.00012498535215854645,0.00032317591831088066,-0.00025898590683937073,0.0006935698911547661,-7.917732000350952e-05,0.00019655260894069215,-0.0008563447547610958,-0.0005545330725370001,-0.0013164496723100383,-5.7355500757694244e-06,6.775557994842529e-05,0.0
200,view,remove_fixed_clip,validation_test_seen,eval,4224,scene_0116,128,0.014150234870612621,0.007834875024855137,0.03137173876166344,0.017923664301633835,0.005152628757059574,0.0025638516526669264,0.34245851665908406,0.3027390129493373,1.1340148122338045,0.004489227198064327,0.2430131584405899,0.0,-0.0001170281320810318,-0.00012777559459209442,-0.0007915273308753967,-0.0011131353676319122,0.00023537175729870796,0.00038704066537320614,0.0020376820625926384,-0.00669879670690765,0.03168300768818444,5.836412310600281e-05,-8.669495582580566e-05,0.0,3.482680767774582e-05,0.000342722050845623,0.00024157576262950897,0.0007506702095270157,-7.319031283259392e-05,0.00012958399020135403,-0.0019742428065493423,-0.00046160460097049993,-0.00477569868179506,-1.3960059732198715e-05,8.915364742279053e-05,0.0
200,view,remove_fixed_clip,validation_test_seen,eval,4480,scene_0117,128,0.00738719804212451,-0.002480117604136467,0.016023358330130577,-0.012464762665331364,0.004209168255329132,0.0011941443663090467,0.9597269694574904,0.6240539323395229,1.5330229947738305,0.0030031907372176647,0.2438209056854248,0.0,0.00019191065803170204,3.763614222407341e-05,0.00030287541449069977,-0.0009078057482838631,0.0001510772854089737,0.00038555095670744777,0.01812660124486576,-0.0013569360904220895,0.03334153754988045,5.426118150353432e-05,-5.519390106201172e-05,0.0,-0.00018873438239097595,0.00032976013608276844,-0.0004176013171672821,0.000796852633357048,-0.00010451208800077438,0.00015787477605044842,-0.005118781072570466,-0.0009086436602612213,-0.005833367596101979,-1.2548873201012611e-05,8.127093315124512e-05,0.0
200,view,remove_fixed_clip,validation_test_seen,eval,4736,scene_0118,128,0.009104845114052296,-0.004444178193807602,0.01912672445178032,-0.015451089479029179,0.0042751687578856945,0.0008601968293078244,0.6244910326280175,0.46448172379217695,1.3404320157554095,0.0032675061374902725,0.24305447936058044,0.0,0.00018762331455945969,-4.623830318450928e-05,0.00019898638129234314,-0.0010095899924635887,0.00018214574083685875,0.0004180126707069576,0.004244511764152192,-0.0013353719097484729,0.016516551588821704,3.901566378772259e-05,-8.876621723175049e-05,0.0,-0.0002384241670370102,0.0003711581230163574,-0.000483490526676178,0.0008850516751408577,-0.00012032361701130867,0.00012350518954917789,-0.005185272873879376,-0.0009824703524775047,-0.008258025528461443,-2.1334271878004074e-05,0.00010059773921966553,0.0
200,view,remove_fixed_clip,validation_test_seen,eval,4992,scene_0119,128,0.012106089852750301,-0.0001211000926559791,0.023741036653518677,-0.005216838791966438,0.005778136663138866,0.002650344278663397,0.3110139976321649,0.28961661255966836,1.0788216011639948,0.004583511967211962,0.24294687807559967,0.0,0.00017326418310403824,-0.00013127855527272914,-6.0442835092544556e-05,-0.0010075108148157597,0.00030037201941013336,0.0003452827222645283,0.007671207870667551,0.003910024714192828,0.010735090875997999,1.646997407078743e-05,-8.392333984375e-05,0.0,-0.00011568516492843628,0.0003343674907227978,-0.00021187402307987213,0.0007414110004901886,-6.336718797683716e-05,0.00011298689059913158,-0.0028251424769119016,-0.0015312175012701101,-0.004114578640957989,-1.5150289982557297e-05,8.775293827056885e-05,0.0
200,view,remove_fixed_clip,validation_test_seen,eval,5248,scene_0120,128,0.009381533600389957,-0.0035734621342271566,0.02034992165863514,-0.014676505699753761,0.004451601300388575,0.0014169927453622222,0.62346954284403,0.4364278542814801,1.4281580975457489,0.004896373488008976,0.24344949424266815,0.0,0.00035854801535606384,-8.156988769769669e-06,0.0005567949265241623,-0.0007673362269997597,0.0002694427967071533,0.0003330681938678026,0.010008884498996617,-0.0008840485394753239,0.02640434486845855,4.969211295247078e-05,-5.6430697441101074e-05,0.0,-0.0002661142498254776,0.000317165395244956,-0.0005503706634044647,0.0007030433043837547,-0.00013834889978170395,0.00014372554142028093,-0.004181531586540221,-0.0006523603565235514,-0.007390773232712089,-1.8436461687088013e-05,7.940828800201416e-05,0.0
200,view,remove_fixed_clip,validation_test_seen,eval,5504,scene_0121,128,0.010028648190200329,-0.0009837589459493756,0.02062075212597847,-0.005162022542208433,0.004510308615863323,0.0011930590262636542,0.46872638679065437,0.3860449727357961,1.2180473134439904,0.004042349755764008,0.24334579706192017,0.0,0.00024073943495750427,1.5091383829712868e-05,0.00013592466711997986,-0.0007456350140273571,0.00029534846544265747,0.0004114194307476282,0.0041412431041718545,-0.004506327534485544,0.024192382108671806,5.7606492191553116e-05,-5.906820297241211e-05,0.0,-0.00017562787979841232,0.00032383028883486986,-0.0003130566328763962,0.0006644707173109055,-0.00010402780026197433,0.00014636071864515543,-0.0039049020051037386,-0.0010784336069569744,-0.006777227402978037,-1.579010859131813e-05,8.054077625274658e-05,0.0
200,view,remove_fixed_clip,validation_test_seen,eval,5760,scene_0122,128,0.007627349346876144,-0.002227839780971408,0.011614755727350712,-0.008980506099760532,0.005075020249933004,0.002094524446874857,0.603483355290548,0.602310005221495,1.000795358656214,0.0026539936661720276,0.2415715903043747,0.0,0.0004434259608387947,-0.0001329153310507536,0.00058787502348423,-0.0009612469002604485,0.0003509628586471081,0.0003972981357946992,0.012529609512788031,2.1698391873603562e-05,0.02115530915024022,2.191169187426567e-05,-9.809434413909912e-05,0.0,-0.0002566985785961151,0.00036978721618652344,-0.0005014976486563683,0.000787477008998394,-0.00010000402107834816,0.00010242476128041744,-0.00330703991551462,-0.0004493037374929676,-0.00470308046457224,-7.73044303059578e-06,0.00010764598846435547,0.0
200,view,remove_fixed_clip,validation_test_seen,eval,6016,scene_0123,128,0.01354010310024023,0.001571863773278892,0.027765396982431412,0.0034234500490128994,0.005514335818588734,0.0005272179841995239,0.47532539955818914,0.6342130031017168,0.7503764386874439,0.00457555428147316,0.24256440997123718,0.0,3.78582626581192e-05,-0.0003001340664923191,-0.00031912513077259064,-0.0014753295108675957,0.00023926468566060066,0.00036289905256126076,0.016638539058745683,0.001980694167795005,0.024342773977639065,4.612887278199196e-05,-0.00012564659118652344,0.0,-0.00023324228823184967,0.0003527133958414197,-0.0002948679029941559,0.0006918786093592644,-0.0001984722912311554,0.00016135978512465954,-0.002215302362683247,-0.0002270741954792932,-0.0031705833376421966,-1.0606832802295685e-05,9.043514728546143e-05,0.0
200,view,remove_fixed_clip,validation_test_seen,eval,6272,scene_0124,128,0.009924991987645626,-0.004778196569532156,0.01802617870271206,-0.012918589636683464,0.005376887507736683,-0.0002080807462334633,0.4856167361713233,0.4609124402359316,1.0600988791528916,0.0038733906112611294,0.24306979775428772,0.0,0.0003679916262626648,-5.5081211030483246e-05,0.0005529336631298065,-0.0008310563862323761,0.00026416219770908356,0.000380560290068388,0.00874962047495137,-0.0047839822584743175,0.029472258066090662,7.408158853650093e-05,-7.101893424987793e-05,0.0,-0.000252479687333107,0.00032111164182424545,-0.00046821869909763336,0.0006305836141109467,-0.00013136118650436401,0.00014737085439264774,-0.0030697440558926092,-0.00042521521576383003,-0.005812531223550632,-1.9887695088982582e-05,8.036196231842041e-05,0.0
200,view,remove_fixed_clip,validation_test_seen,eval,6528,scene_0125,128,0.01775285042822361,0.010090709663927555,0.04559757560491562,0.0279825571924448,0.005528257694095373,0.0022357015404850245,0.30528374356729265,0.321902649125901,0.9409219232327293,0.005308037623763084,0.2434743344783783,0.0,6.437860429286957e-05,-4.171021282672882e-05,-0.0003322400152683258,-0.000859508290886879,0.00023850519210100174,0.00031732406932860613,0.0019401698763384934,-0.0018253013995779277,0.011444120297824156,5.275942385196686e-05,-5.65946102142334e-05,0.0,-4.231743514537811e-05,0.0002745632082223892,-6.22868537902832e-06,0.0005759559571743011,-5.816202610731125e-05,0.00014224229380488396,-0.0018623501187542968,-0.00066851265806811,-0.0038097084878612186,-1.3129785656929016e-05,6.848573684692383e-05,0.0
200,view,remove_fixed_clip,validation_test_seen,eval,6784,scene_0126,128,0.009418385103344917,-0.004600399639457464,0.021030491217970848,-0.015734342858195305,0.004404728300869465,0.0002068061294266954,0.588585318713623,0.5085587103232402,1.1675323631748753,0.0037595040630549192,0.24364438652992249,0.0,0.00020963698625564575,0.00014863861724734306,0.0002716686576604843,-0.0004594018682837486,0.00018285494297742844,0.0004111679008929059,0.005411481611764413,-0.0007403912644997623,0.011881331983490062,2.9937829822301865e-05,-2.7254223823547363e-05,0.0,-0.0003123413771390915,0.00034627411514520645,-0.0006360840052366257,0.0007376894354820251,-0.000172558706253767,0.00017727699741953984,-0.005131298344965951,-0.0013790487682822095,-0.0069563077879974955,-2.1822284907102585e-05,8.393824100494385e-05,0.0
200,view,remove_fixed_clip,validation_test_seen,eval,7040,scene_0127,128,0.007502332329750061,-0.0011822544038295746,0.019857730716466904,-0.008090196177363396,0.004152015317231417,0.000690917600877583,0.446540455693707,0.35825264594077955,1.2285180546632692,0.0048056854866445065,0.24416884779930115,0.0,0.00015807896852493286,2.448330633342266e-05,6.294436752796173e-05,-0.0011257370933890343,0.0001838752068579197,0.00033637951128184795,0.008472200262606977,0.0010725803651507326,0.01716317892968955,2.0499806851148605e-05,-5.537271499633789e-05,0.0,-0.00014499807730317116,0.00023037975188344717,-0.00021360069513320923,0.0005718488246202469,-0.0001263972371816635,0.00013778620632365346,-0.003304424962452368,-0.001870965045040085,-0.0026959079946453635,-7.924158126115799e-06,5.7697296142578125e-05,0.0
200,view,remove_fixed_clip,validation_test_seen,eval,7296,scene_0128,128,0.009486285969614983,-0.0012195674935355783,0.021310986950993538,-0.0051399883814156055,0.0042786672711372375,0.000506992859300226,0.4806397612423706,0.39251671375468367,1.2237716851890519,0.0035720928572118282,0.2434898316860199,0.0,0.00011115334928035736,-5.216198042035103e-05,-0.00015145540237426758,-0.0011321818456053734,0.00022680498659610748,0.00042348112037871033,-0.0027405711522827114,-0.008706721082348545,0.019497993794502122,4.266016185283661e-05,-8.462369441986084e-05,0.0,-0.0001862049102783203,0.0003550066612660885,-0.00032781995832920074,0.0008185179904103279,-0.00012383703142404556,0.00015087577048689127,-0.00327080597333429,-0.00018648703603635353,-0.007751334210316596,-1.6221078112721443e-05,8.960068225860596e-05,0.0
200,view,remove_fixed_clip,validation_test_seen,eval,7552,scene_0129,128,0.010054073296487331,-0.0065834540873765945,0.02228138968348503,-0.020701322704553604,0.0048868246376514435,-0.0006172594730742276,0.9645332049519062,0.6215193456818722,1.5486659336840174,0.0027262161020189524,0.24326784908771515,0.0,0.0001960117369890213,0.00016738101840019226,0.00028070807456970215,-0.0005017183721065521,0.00016021868214011192,0.0004501424846239388,0.010216976017691226,0.000758949377706819,0.015203130658758779,2.8607435524463654e-05,-4.088878631591797e-05,0.0,-0.0003043161705136299,0.00036924518644809723,-0.0006379280239343643,0.0008210744708776474,-0.00016333116218447685,0.00017830205615609884,-0.00714801396082565,-0.000590675524231199,-0.010030568462149336,-2.20458023250103e-05,9.118020534515381e-05,0.0
200,view,remove_fixed_clip,validation_test_seen,eval,192,scene_0100,192,0.011740855872631073,-0.004687341395765543,0.02244667522609234,-0.016104279085993767,0.007715694606304169,-0.00039481508429162204,0.6236996105806937,0.5108256580678308,1.1521792582541233,0.003356879809871316,0.23923738300800323,0.0,0.00024271197617053986,0.0001437612809240818,0.0006571318954229355,-0.0009915251284837723,8.689891546964645e-05,0.0005706051306333393,0.020225370769855422,0.003347089869968789,0.03290822040136687,5.027931183576584e-05,-9.332597255706787e-05,0.0,-0.0003746813163161278,0.0003109290264546871,-0.0006057340651750565,0.000888453796505928,-0.000287812203168869,9.379241964779794e-05,-0.006689516115254812,-0.0015179056161370719,-0.009256180575655693,-1.8158461898565292e-05,0.00011840462684631348,0.0
200,view,remove_fixed_clip,validation_test_seen,eval,7616,scene_0129,192,0.013322252780199051,-0.007897647097706795,0.026488468050956726,-0.02397676184773445,0.007957945577800274,-0.0013465381925925612,0.9283041995286663,0.477980440351632,1.8866309186736645,0.003608287777751684,0.23918496072292328,0.0,0.00012822914868593216,0.00023992080241441727,0.00033884309232234955,-0.0007597170770168304,4.2421743273735046e-05,0.0006472031818702817,0.0075826456896515015,-0.0010855682208563144,0.021897401640877723,5.2368734031915665e-05,-7.21961259841919e-05,0.0,-0.0004080291837453842,0.0003434177488088608,-0.0006359480321407318,0.0008661244064569473,-0.0003151688724756241,0.0001304500037804246,-0.008113468932390955,-0.001136743638929738,-0.012099650653631056,-3.134552389383316e-05,0.00012217462062835693,0.0
200,view,remove_recomputed_clip,train,eval,128,scene_0000,128,0.010956798680126667,-0.0076933251693844795,0.016105910763144493,-0.01455976814031601,0.005979281384497881,-0.0010557087371125817,0.7670895417813843,0.7237893452182708,1.0572008893180254,0.002529668156057596,0.24250146746635437,0.0,0.00011308025568723679,0.00010839616879820824,5.0321221351623535e-05,-0.00026394426822662354,0.00017374521121382713,0.0004683299921452999,0.004508920616082657,-0.0038294555295012023,0.011722933241455236,2.6289839297533035e-05,-4.792213439941406e-05,0.0,-0.000308869406580925,0.0003739967942237854,-0.00043934211134910583,0.0005585448816418648,-0.0001827450469136238,0.00019560009241104126,-0.0044687622883551326,0.00018984197457883045,-0.006430171464955725,-1.3573328033089638e-05,9.278953075408936e-05,0.0
200,view,remove_recomputed_clip,train,eval,1664,scene_0006,128,0.011767640709877014,0.001888109720312059,0.02919362299144268,0.0060814255848526955,0.0038105349522083998,-2.6655055989976972e-05,0.4339583078729606,0.3571182618431588,1.2136763316941659,0.004277789033949375,0.24292311072349548,0.0,8.16546380519867e-05,-0.0001501644728705287,4.7398731112480164e-05,-0.0013380702584981918,9.729503653943539e-05,0.00039226029912242666,0.004879915172082361,-0.0035251570283489353,0.024963085477627267,6.639445200562477e-05,-9.936094284057617e-05,0.0,-0.00020031724125146866,0.0003366045420989394,-0.0003591757267713547,0.0008099358528852463,-0.00012778188101947308,0.00012047043856000528,-0.0017125132945811639,-0.0017121485572660355,0.000903241826703427,-8.567236363887787e-06,9.053945541381836e-05,0.0
200,view,remove_recomputed_clip,train,eval,3456,scene_0013,128,0.02352595329284668,0.01656702160835266,0.04672728851437569,0.036090727895498276,0.004776306450366974,0.0007893736474215984,0.35511014613881386,0.2980360197509752,1.1959778664236222,0.004535435698926449,0.2422734797000885,0.0,-0.00028690509498119354,-0.00040146149694919586,-0.0008344613015651703,-0.0013641081750392914,0.00015558535233139992,0.00037648322177119553,0.002409926245988292,-0.009538377086952543,0.045474551942830344,5.406280979514122e-05,-0.00012731552124023438,0.0,6.362795829772949e-06,0.0003699585795402527,0.0001670047640800476,0.0006798394024372101,-0.0001234542578458786,0.00011954002548009157,-0.0035431547615613623,-0.0014667083067533837,-0.00591702231700908,-9.310431778430939e-06,9.272992610931396e-05,0.0
200,view,remove_recomputed_clip,train,eval,4992,scene_0019,128,0.009600555524230003,0.001237044227309525,0.02258492074906826,0.0005567555781453848,0.004221329931169748,0.0015188779216259718,0.26469937607992866,0.32923963979277127,0.8121675605547772,0.004835328087210655,0.24355651438236237,0.0,0.00016186200082302094,-6.889633368700743e-05,-2.3309141397476196e-05,-0.001130947144702077,0.00023857830092310905,0.00037109560798853636,0.004961250153599661,-0.002641091641612414,0.021036625708750534,5.8445148169994354e-05,-6.99758529663086e-05,0.0,-8.119922131299973e-05,0.00027463067090138793,-9.033828973770142e-05,0.0006076100762584247,-7.741199806332588e-05,0.00013668288011103868,-0.0015300198291933187,-0.0015762596660275352,-0.0009026637830537032,-4.895031452178955e-06,6.879866123199463e-05,0.0
200,view,remove_recomputed_clip,train,eval,6784,scene_0026,128,0.00838679913431406,-0.004932429175823927,0.01515146717429161,-0.012258823029696941,0.004486406687647104,-0.000708154693711549,0.7083766038226171,0.6868381108162566,1.0266899878425024,0.0029670014046132565,0.24319978058338165,0.0,8.300598710775375e-05,0.00010956358164548874,-2.774689346551895e-05,-0.0003236941993236542,0.00014686351642012596,0.00035937322536483407,0.007459092507149712,-0.00034471960451798456,0.011370735181098324,3.5008881241083145e-05,-4.673004150390625e-05,0.0,-0.0002725115045905113,0.0003041839227080345,-0.0003591282293200493,0.0006103292107582092,-0.0002225707285106182,0.00012766546569764614,-0.004710239315929066,-0.00040905426966819647,-0.0061954889338571295,-9.87248495221138e-06,8.374452590942383e-05,0.0
200,view,remove_recomputed_clip,train,eval,8576,scene_0033,128,0.013367566280066967,0.0019125498365610838,0.029200412333011627,0.0052084606140851974,0.005189663264900446,0.00021016347454860806,0.3820083029435044,0.4852755539514236,0.7889429571609667,0.0041478718630969524,0.24258284270763397,0.0,-3.1997449696063995e-05,-7.543200626969337e-05,-0.00042587704956531525,-0.000995707232505083,0.00017144856974482536,0.00039990534423850477,0.011753131792716143,-0.001263483312609337,0.025666768667246598,3.1424686312675476e-05,-9.219348430633545e-05,0.0,-0.00010633841156959534,0.00034709263127297163,2.876855432987213e-05,0.0007670847699046135,-0.00017612334340810776,0.00013016143202548847,-0.0038222318828284862,-0.0017578387282166652,-0.005072535073133655,-4.0531158447265625e-06,9.210407733917236e-05,0.0
200,view,remove_recomputed_clip,train,eval,10112,scene_0039,128,0.012440372258424759,0.0010664447909221053,0.024742737412452698,0.0021100821904838085,0.00432810140773654,0.0003782628627959639,0.5000610562293584,0.5836952407929099,0.8574568421363883,0.0038035965990275145,0.2428092658519745,0.0,9.953323751688004e-05,-3.638514317572117e-05,-3.9732083678245544e-05,-0.0005831620655953884,0.00019136490300297737,0.0003241641061322298,0.0013733180977981707,-0.007083207170363592,0.012454165036726028,5.63089270144701e-05,-6.140768527984619e-05,0.0,-0.00018012989312410355,0.0003544889623299241,-0.00028185173869132996,0.0006356380181387067,-0.00011305464431643486,0.00016909805708564818,-0.003510216091702323,-0.0006165103772578506,-0.005116273112816594,-1.4667632058262825e-05,8.824467658996582e-05,0.0
200,view,remove_recomputed_clip,train,eval,11904,scene_0046,128,0.0091943871229887,-0.002967684529721737,0.019587744027376175,-0.010296337306499481,0.004556725732982159,0.00030246403184719384,0.5630119877290294,0.4612788012806184,1.2204450408248115,0.003275189781561494,0.2432660013437271,0.0,0.00017678458243608475,-2.345372922718525e-05,6.000138819217682e-05,-0.0009872699156403542,0.00022889673709869385,0.00040661451930645853,0.01655081362617139,0.0006878146141087171,0.03410844822386361,1.429370604455471e-05,-5.924701690673828e-05,0.0,-0.00020977389067411423,0.0003071117680519819,-0.0004346538335084915,0.0006944714114069939,-0.00010942760854959488,0.000134265937958844,-0.003407959882863354,-0.0011469554195621678,-0.004343321137874501,-9.851530194282532e-06,7.855892181396484e-05,0.0
200,view,remove_recomputed_clip,train,eval,13440,scene_0052,128,0.010746032930910587,-0.007321241311728954,0.018001629039645195,-0.01679771952331066,0.004704287275671959,0.0005698372842743993,0.5672301441415474,0.46919693012806085,1.2007388128501726,0.002609584014862776,0.2415061891078949,0.0,0.0003450848162174225,-3.496650606393814e-05,0.00044869817793369293,-0.0006195921450853348,0.00025880569592118263,0.00045185256021795794,0.005496987315054436,-0.0014746739710465584,0.01617584986203724,1.1317199096083641e-05,-7.094442844390869e-05,0.0,-0.0004073474556207657,0.00044268183410167694,-0.0007534567266702652,0.0008167698979377747,-0.0001191403716802597,0.00013117931666783988,-0.002051959055071939,-0.00026962761542898006,-0.003533071071621263,-8.664559572935104e-06,0.00011704862117767334,0.0
200,view,remove_recomputed_clip,train,eval,15232,scene_0059,128,0.012416270561516285,0.0008638239232823253,0.020527362823486328,-0.00019839197921101004,0.006298634689301252,0.0016649803146719933,0.4728997458924305,0.49693937809926114,0.946848075438382,0.003481377614662051,0.24117496609687805,0.0,2.360064536333084e-05,-7.16156791895628e-05,-0.00020293518900871277,-0.0007754910766379908,0.00019446201622486115,0.00045926927123218775,-0.009109431555979652,-0.013807117382255707,0.007641476484351428,3.9848266169428825e-05,-9.593367576599121e-05,0.0,-0.00018639862537384033,0.00040082260966300964,-0.00021240860223770142,0.0007685798773309216,-0.00016677705571055412,0.00012344843707978725,-0.0025024512082879036,-0.0007452680989942784,-0.0035687392949247387,-5.7693105190992355e-06,0.00011268258094787598,0.0
200,view,remove_recomputed_clip,train,eval,17024,scene_0066,128,0.009267966262996197,-0.0007194963400252163,0.02486092410981655,-0.004624293651431799,0.003636471228674054,0.0006907460046932101,0.4440996378194292,0.4071297484317075,1.0760370629197522,0.004763999488204718,0.24476324021816254,0.0,3.6436133086681366e-05,-6.376783130690455e-05,-0.00026466697454452515,-0.0009936969727277756,0.00014518271200358868,0.00027208172832615674,0.00845941334382716,0.003729984577607204,0.009894013454921469,4.475656896829605e-05,-4.597008228302002e-05,0.0,-0.0001606745645403862,0.00022604764671996236,-0.00019814074039459229,0.0004684259183704853,-0.0001471424475312233,0.0001385111827403307,-0.0024004993125197327,-0.0016433290038709303,-0.0015265794680108247,-3.910623490810394e-06,5.072355270385742e-05,0.0
200,view,remove_recomputed_clip,train,eval,18560,scene_0072,128,0.010492942295968533,-0.003981385380029678,0.022421250119805336,-0.011301584541797638,0.00453191390261054,-0.0003232038870919496,0.5625769973904821,0.5548018815944937,1.0127174353636375,0.004559073597192764,0.24303361773490906,0.0,0.000174839049577713,-7.637729868292809e-05,0.0002258792519569397,-0.0010157153010368347,0.00014933152124285698,0.00039304522215388715,0.007611501072467108,-0.0066854027386277215,0.025918626499786046,6.989948451519012e-05,-7.539987564086914e-05,0.0,-0.0003108782693743706,0.0003081485629081726,-0.0005346387624740601,0.0006804792210459709,-0.0001990562304854393,0.00012208081898279488,-0.001197363461391543,-6.515698967102246e-05,-0.001963123433585068,-1.0533258318901062e-05,8.337199687957764e-05,0.0
200,view,remove_recomputed_clip,train,eval,20352,scene_0079,128,0.011892026290297508,0.0016196219949051738,0.018491212278604507,0.0006054819095879793,0.005502096377313137,0.0026016051415354013,0.3957568247919203,0.39660985366414786,0.9976289983489356,0.0024792770855128765,0.24077922105789185,0.0,7.904041558504105e-05,-0.0001917738700285554,-0.00011879764497280121,-0.0008153939852491021,0.00027060694992542267,0.0004120725207030773,0.008597525867673927,0.001075487868444136,0.018536019107217583,5.2317045629024506e-06,-0.00010052323341369629,0.0,-0.00025663338601589203,0.00043144100345671177,-0.0003915652632713318,0.0007295787945622578,-0.00012598000466823578,0.00014275708235800266,-0.0027468748547252453,-0.00245833245889554,-0.0008567578433505973,-4.95370477437973e-06,0.00011561810970306396,0.0
200,view,remove_recomputed_clip,train,eval,21888,scene_0085,128,0.010451997630298138,-0.002305390778928995,0.016149066388607025,-0.0075661675073206425,0.005734305828809738,0.002051011426374316,0.6124527765083168,0.582959054274302,1.051102868671842,0.003587508574128151,0.24245959520339966,0.0,5.334801971912384e-05,-0.00015558116137981415,-0.000195283442735672,-0.0007254541851580143,0.0002592382952570915,0.00031632569152861834,0.015512533315795718,0.005190637614573057,0.017247658569554014,-1.1149095371365547e-05,-8.29547643661499e-05,0.0,-5.230959504842758e-05,0.000315934419631958,-7.839873433113098e-05,0.0005107414908707142,-3.0706170946359634e-05,0.00015461619477719069,-0.003410452592190971,-0.0002762310353063846,-0.005365912741976286,-9.863404557108879e-06,7.580220699310303e-05,0.0
200,view,remove_recomputed_clip,train,eval,23680,scene_0092,128,0.008236470632255077,-0.0017162879230454564,0.01880006305873394,-0.007167669013142586,0.0041824704967439175,0.00037579366471618414,0.527986141004959,0.47887578321083296,1.0972681331816123,0.004543442279100418,0.24419090151786804,0.0,8.225906640291214e-05,-8.823338430374861e-05,-0.00018486939370632172,-0.0011307122185826302,0.00018477439880371094,0.00031183935061562806,0.016207951815588983,0.005377818979177107,0.021955727232090716,-6.2300823628902435e-06,-6.783008575439453e-05,0.0,-0.00020373426377773285,0.0002610188676044345,-0.0002748332917690277,0.0006095059216022491,-0.00017644930630922318,0.00012727928697131574,-0.0037196786840221208,-0.0011668888176280534,-0.005029758481613689,-9.885989129543304e-06,6.55055046081543e-05,0.0
200,view,remove_recomputed_clip,train,eval,25472,scene_0099,128,0.011739715933799744,-0.0015339382225647569,0.022290922701358795,-0.005134252365678549,0.005038198083639145,0.0007527732523158193,0.5400662697704773,0.3933124035142566,1.3739386434067344,0.004641557112336159,0.24250702559947968,0.0,-2.169981598854065e-05,-0.00021911808289587498,-0.00032409653067588806,-0.0012581865303218365,0.00017036311328411102,0.00044083799002692103,-0.006064825635894944,-0.01368404791066491,0.03149546894378674,0.00012640655040740967,-0.00011783838272094727,0.0,-0.00022808276116847992,0.0003661583177745342,-0.0003890376538038254,0.0007394244894385338,-0.00012585334479808807,0.00012908095959573984,-0.0024122709090002026,-0.0004224466119761572,-0.004649419066209415,-1.5142373740673065e-05,9.791553020477295e-05,0.0
200,view,remove_recomputed_clip,validation_test_seen,eval,128,scene_0100,128,0.009022056125104427,-0.004670331720262766,0.019856281578540802,-0.01852751336991787,0.004634865093976259,0.0009409679332748055,0.7373480042189329,0.5014666521350606,1.4666386424914368,0.003108817618340254,0.24379125237464905,0.0,0.00032926909625530243,0.00010346900671720505,0.0005598589777946472,-0.0006092898547649384,0.00023589422926306725,0.0003920913441106677,0.004311805864179452,-0.0017920100718300525,0.01395382851591731,2.8351787477731705e-05,-4.35560941696167e-05,0.0,-0.0002918848767876625,0.0003011026419699192,-0.0006873216480016708,0.0007501523941755295,-0.00013175932690501213,0.00011926452862098813,-0.005624584280800926,-0.0014397148238430857,-0.006973469975751323,-1.914682798087597e-05,7.875263690948486e-05,0.0
200,view,remove_recomputed_clip,validation_test_seen,eval,384,scene_0101,128,0.01019780058413744,-0.006501192692667246,0.02082708850502968,-0.019713619723916054,0.0049401987344026566,3.411545549170114e-05,0.7936955246545612,0.5648900378762355,1.3981423086782534,0.002919746097177267,0.24318839609622955,0.0,0.0004162397235631943,-3.921613097190857e-05,0.0007402561604976654,-0.0009130649268627167,0.0002559707500040531,0.0003930175480491016,0.007787630396011713,-0.003834525044264181,0.023518712320219404,4.1983090341091156e-05,-7.152557373046875e-05,0.0,-0.0003169141709804535,0.0003546751104295254,-0.0007155146449804306,0.0008436758071184158,-0.000119753647595644,0.00011279825048404746,-0.006877207807693075,-0.0012173041062319978,-0.009009110108893159,-1.753866672515869e-05,9.63360071182251e-05,0.0
200,view,remove_recomputed_clip,validation_test_seen,eval,640,scene_0102,128,0.008951911702752113,-0.0016749103087931871,0.02297324128448963,-0.005416186060756445,0.004499900620430708,-0.00048699096078053117,0.3626545498166551,0.39190343513077863,0.9220884737064738,0.004154453054070473,0.24438261985778809,0.0,0.0001509152352809906,6.482121534645557e-05,0.00012308917939662933,-0.0008683349005877972,0.00015975162386894226,0.00036111450754106045,0.005774325746319753,-0.00231482612998557,0.019851947035076867,5.270307883620262e-05,-4.285573959350586e-05,0.0,-0.0001681828871369362,0.00026858109049499035,-0.0003357399255037308,0.0006754803471267223,-0.00011497968807816505,0.00013938377378508449,-0.0027249406938275045,-0.001476796595892449,-0.0034838621501848133,-1.4773104339838028e-05,6.775557994842529e-05,0.0
200,view,remove_recomputed_clip,validation_test_seen,eval,896,scene_0103,128,0.008402379229664803,-0.002455119276419282,0.01993999257683754,-0.010733501054346561,0.0041208043694496155,0.0006169641856104136,0.358664825729355,0.5044788397369517,0.7143739069996508,0.004906636197119951,0.2440115362405777,0.0,9.311549365520477e-05,1.8369406461715698e-05,4.9561262130737305e-05,-0.0009055081754922867,0.0001092781312763691,0.00036121762241236866,0.020348798203944363,0.01746164628433422,0.01573928390355761,-2.6007648557424545e-05,-5.093216896057129e-05,0.0,-0.0002334360033273697,0.0002597637940198183,-0.0003055781126022339,0.0006230566650629044,-0.00020666280761361122,0.00012494699331000447,-0.003940655510534685,-0.0029385107019318513,-0.003675147124196365,-2.95368954539299e-06,6.805360317230225e-05,0.0
200,view,remove_recomputed_clip,validation_test_seen,eval,1152,scene_0104,128,0.008693558163940907,-0.006167460698634386,0.023824049159884453,-0.022888122126460075,0.0033382955007255077,-0.00024937689886428416,0.5647517117537468,0.40390380916741364,1.3885349899030632,0.003346620127558708,0.2440669983625412,0.0,0.0002171490341424942,0.00012702401727437973,0.0004808381199836731,-0.0006827116012573242,0.00012381840497255325,0.0004136190691497177,0.0015710405916601333,-0.0038479412873094754,0.017560624125512847,2.199108712375164e-05,-3.165006637573242e-05,0.0,-0.0002625705674290657,0.00028698472306132317,-0.0005755554884672165,0.0006552543491125107,-0.00015179370529949665,0.00015663981321267784,-0.0047783988726161075,-0.0005830406463623872,-0.009744926926817055,-1.3790791854262352e-05,6.733834743499756e-05,0.0
200,view,remove_recomputed_clip,validation_test_seen,eval,1408,scene_0105,128,0.008440930396318436,-0.0035217057447880507,0.02028113789856434,-0.008334512822329998,0.003971292171627283,-0.001704887836240232,0.5944559079275735,0.5578096768277893,1.0664579850087355,0.00431999284774065,0.24393899738788605,0.0,0.00013113301247358322,-1.6484642401337624e-05,0.00039142929017543793,-0.0009429585188627243,3.2871030271053314e-05,0.0003332562046125531,0.004486361407854522,-0.00421270978520516,0.015870595936722687,9.750109165906906e-05,-5.571544170379639e-05,0.0,-0.0002630753442645073,0.00026770238764584064,-0.000374404713511467,0.0006441641598939896,-0.00022104894742369652,0.00012558919843286276,-0.003324468292720373,-0.0009860315743125403,-0.00410285432288604,-2.1214131265878677e-05,6.945431232452393e-05,0.0
200,view,remove_recomputed_clip,validation_test_seen,eval,1664,scene_0106,128,0.010878273285925388,-0.006060346961021423,0.0163140669465065,-0.012575266882777214,0.005653290078043938,0.0002019111270783469,0.7434746161622824,0.6423720989622185,1.1470252154965104,0.0024538233410567045,0.24100913107395172,0.0,0.0002494761720299721,-5.478551611304283e-05,0.0001786835491657257,-0.0006300164386630058,0.0003175213932991028,0.0004981377715012059,0.0016177392678531355,-0.006964098288945064,0.014770339242150321,1.998315565288067e-05,-8.891522884368896e-05,0.0,-0.00033714529126882553,0.00045912014320492744,-0.0005091074854135513,0.0008198749274015427,-0.0001718546263873577,0.00011235621786909178,-0.005390444522951787,0.00034891462291364306,-0.008880271620273383,-1.4813849702477455e-05,0.0001261383295059204,0.0
200,view,remove_recomputed_clip,validation_test_seen,eval,1920,scene_0107,128,0.012829083949327469,0.004771337378770113,0.03008217364549637,0.010834060609340668,0.00431014085188508,0.0017777869943529367,0.4569494507909388,0.3271353417002625,1.4004529559368413,0.005982865113765001,0.24307183921337128,0.0,-7.181614637374878e-05,-0.0004198090173304081,-0.0005749259144067764,-0.001880061812698841,0.0001766020432114601,0.0003012102097272873,0.01984213208583563,0.00620475927808084,0.031632467644789886,5.10592944920063e-05,-0.0001379549503326416,0.0,-4.5258551836013794e-05,0.00028214557096362114,-7.05234706401825e-05,0.0005781054496765137,-3.2782554626464844e-05,0.0001360112801194191,-0.002557561992113766,-0.0007942530330375952,-0.004409064008403574,-8.806586265563965e-06,7.067620754241943e-05,0.0
200,view,remove_recomputed_clip,validation_test_seen,eval,2176,scene_0108,128,0.012175757437944412,-0.005815678741782904,0.02043660543859005,-0.01671231910586357,0.006426661275327206,0.0017677852883934975,0.5836234094689942,0.433630517014444,1.3489975043313733,0.003718630876392126,0.24191206693649292,0.0,0.0004692068323493004,-0.00011470261961221695,0.0006806328892707825,-0.0008674599230289459,0.0003220662474632263,0.00040917552541941404,0.011306189899715657,0.0012387155152149276,0.02205675393818196,4.658731631934643e-05,-9.63062047958374e-05,0.0,-0.0003614770248532295,0.00039366772398352623,-0.0006932318210601807,0.0008042696863412857,-0.00013059237971901894,0.00010791223030537367,-0.004371096997552781,-0.001420003216459631,-0.005687726394747683,-1.84597447514534e-05,0.00010952353477478027,0.0
200,view,remove_recomputed_clip,validation_test_seen,eval,2432,scene_0109,128,0.017929447814822197,0.00037134511512704194,0.030958151444792747,-0.0014228119980543852,0.007232164032757282,0.0018444472225382924,0.3730371861210732,0.44873933629694157,0.8283787166167211,0.003786084707826376,0.2424020916223526,0.0,0.00013023987412452698,-0.0001096113701350987,-3.637745976448059e-05,-0.0007322506280615926,0.00026704417541623116,0.00040161015931516886,0.0018312503523473245,-0.007530671991671567,0.018150184650461032,3.752973861992359e-05,-7.34478235244751e-05,0.0,-0.00019954517483711243,0.00037425172581606603,-0.00031447596848011017,0.0006125001236796379,-0.00010517658665776253,0.00017863675020635128,-0.0023858004486518314,-0.0001508207263050121,-0.004992673142516502,-8.218688890337944e-06,9.079277515411377e-05,0.0
200,view,remove_recomputed_clip,validation_test_seen,eval,2688,scene_0110,128,0.011663279496133327,-0.0040734936483204365,0.023132437840104103,-0.012029791250824928,0.005666123237460852,8.680695464136079e-05,0.432059193234145,0.43860205521412243,0.9862414772575591,0.0035474319010972977,0.2429649829864502,0.0,0.0002255793660879135,-0.00010031508281826973,0.00020468607544898987,-0.0008897241204977036,0.00023650284856557846,0.00031246247090166435,0.006280022713466837,-0.003111644512993006,0.020935719094486438,5.669263191521168e-05,-7.228553295135498e-05,0.0,-0.00018290244042873383,0.0003409218043088913,-0.00034638866782188416,0.0006758822128176689,-9.741820394992828e-05,0.00016577354836044833,-0.004008754570696493,-0.002111656478985202,-0.004381200481695324,-7.560010999441147e-06,8.42064619064331e-05,0.0
200,view,remove_recomputed_clip,validation_test_seen,eval,2944,scene_0111,128,0.009610596112906933,-0.0038381407503038645,0.014482486993074417,-0.010798922739923,0.00600274745374918,0.0013166229473426938,0.46459497567600266,0.47995849344895847,0.9654568017097709,0.002813356462866068,0.24302704632282257,0.0,0.00021639373153448105,1.4627818018198013e-05,8.091051131486893e-05,-0.0004789922386407852,0.00031672418117523193,0.0003801756538450718,0.010369587368360411,0.0039612501100058095,0.013744331677823407,2.8583919629454613e-05,-4.3898820877075195e-05,0.0,-0.0002096705138683319,0.0003582548815757036,-0.0004023723304271698,0.0006084125488996506,-6.69676810503006e-05,0.00017300283070653677,-0.004283484625132672,-0.0007969548513251934,-0.007297463027866824,-1.4551915228366852e-05,8.413195610046387e-05,0.0
200,view,remove_recomputed_clip,validation_test_seen,eval,3200,scene_0112,128,0.010334278456866741,-0.003849998814985156,0.018251879140734673,-0.014501143246889114,0.006239134352654219,0.0016589874867349863,0.5496860507705951,0.5211948443764478,1.0549457889754636,0.0040777032263576984,0.24325549602508545,0.0,0.0002901582047343254,-1.454516313970089e-05,0.0003546420484781265,-0.0008024536073207855,0.00025680381804704666,0.00039297668263316154,0.010594373464912654,0.0012692071260091975,0.017718008304212107,2.5315675884485245e-05,-7.045269012451172e-05,0.0,-0.000235043466091156,0.00035225204192101955,-0.0005051735788583755,0.0007215449586510658,-9.532645344734192e-05,0.00016124523244798183,-0.0037987398116861026,-0.0011165710828253683,-0.005035623521292498,-1.3756565749645233e-05,8.769333362579346e-05,0.0
200,view,remove_recomputed_clip,validation_test_seen,eval,3456,scene_0113,128,0.010848384350538254,-0.003895384259521961,0.022643515840172768,-0.013552927412092686,0.004899940453469753,0.0009750443859957159,0.3554324770099963,0.32128362566701973,1.1047106127612405,0.005000416189432144,0.24306997656822205,0.0,0.00022603850811719894,-0.00012683914974331856,0.00018714740872383118,-0.001154799945652485,0.0002456521615386009,0.0003915747511200607,0.008435882923848281,0.002343008172565164,0.01849104928558276,3.247614949941635e-05,-8.872151374816895e-05,0.0,-0.00017839204519987106,0.0003170454874634743,-0.00030763447284698486,0.0006748400628566742,-0.00011321250349283218,0.00013660464901477098,-0.00220734931981581,-0.0011707978596515178,-0.002823119702504373,-1.534726470708847e-05,7.972121238708496e-05,0.0
200,view,remove_recomputed_clip,validation_test_seen,eval,3712,scene_0114,128,0.011693396605551243,-0.0008731293492019176,0.02896469458937645,-0.0026326451916247606,0.004465186502784491,-0.0001367544464301318,0.4482430716595772,0.4537514772754778,0.9896551381924763,0.004957771394401789,0.24356059730052948,0.0,3.4877099096775055e-05,-6.276369094848633e-05,-0.00019323639571666718,-0.0010741257574409246,0.0001303437165915966,0.0003605012607295066,0.0187006420939555,0.00796113803781312,0.023983410280872808,2.1196436136960983e-05,-7.876753807067871e-05,0.0,-0.00011122412979602814,0.00028001877944916487,-7.510371506214142e-05,0.0006003687158226967,-0.0001263422891497612,0.0001459493360016495,-0.003546180864583748,-0.001567720145711049,-0.0044306641763117716,-5.21121546626091e-06,6.952881813049316e-05,0.0
200,view,remove_recomputed_clip,validation_test_seen,eval,3968,scene_0115,128,0.013607666827738285,0.001299514900892973,0.04225466772913933,0.005079240538179874,0.003814465831965208,7.384741820715135e-06,0.24232066139421923,0.2909551022577389,0.8328512719728791,0.00446241395547986,0.24414490163326263,0.0,-2.384372055530548e-05,-2.7815462090075016e-05,-0.000361025333404541,-0.0011535119265317917,9.142421185970306e-05,0.00035701112346941954,-4.398047074904987e-05,-0.00940775269344285,0.026129761440530808,5.85862435400486e-05,-5.564093589782715e-05,0.0,-0.00012487545609474182,0.00032274797558784485,-0.00025871768593788147,0.0006926385685801506,-7.91219063103199e-05,0.0001962963228834269,-0.0008531355748353509,-0.0005502047684048939,-0.001317951421096475,-5.740206688642502e-06,6.766617298126221e-05,0.0
200,view,remove_recomputed_clip,validation_test_seen,eval,4224,scene_0116,128,0.014150168746709824,0.007834485732018948,0.0313715822994709,0.017922911792993546,0.005152609199285507,0.002563652815297246,0.34246277899092603,0.30274262830674115,1.134015365307442,0.004489232785999775,0.24301309883594513,0.0,-0.0001170942559838295,-0.0001281648874282837,-0.0007916837930679321,-0.0011138878762722015,0.00023535219952464104,0.00038684182800352573,0.002041944394434614,-0.006695181349503809,0.031683560761821994,5.83697110414505e-05,-8.675456047058105e-05,0.0,3.476068377494812e-05,0.00034233275800943375,0.00024141930043697357,0.0007499177008867264,-7.320987060666084e-05,0.00012938515283167362,-0.001969980474707367,-0.0004579892435666588,-0.004775145608157505,-1.3954471796751022e-05,8.909404277801514e-05,0.0
200,view,remove_recomputed_clip,validation_test_seen,eval,4480,scene_0117,128,0.00738734845072031,-0.002480535302311182,0.01602383702993393,-0.012465615756809711,0.004209197126328945,0.001193886622786522,0.959731032952482,0.6240551948042593,1.5330262258404064,0.00300320191308856,0.24382084608078003,0.0,0.00019206106662750244,3.721844404935837e-05,0.0003033541142940521,-0.0009086588397622108,0.00015110615640878677,0.00038529321318492293,0.01813066473985736,-0.0013556736256856716,0.0333447686164563,5.42723573744297e-05,-5.525350570678711e-05,0.0,-0.00018858397379517555,0.0003293424379080534,-0.00041712261736392975,0.0007959995418787003,-0.0001044832170009613,0.00015761703252792358,-0.0051147175775788645,-0.0009073811955248035,-0.005830136529526131,-1.2537697330117226e-05,8.121132850646973e-05,0.0
200,view,remove_recomputed_clip,validation_test_seen,eval,4736,scene_0118,128,0.009105049073696136,-0.004444619175046682,0.019127285107970238,-0.015451923944056034,0.004275201354175806,0.0008599468856118619,0.6244972204873659,0.4644827747750323,1.3404417761274314,0.003267525229603052,0.24305438995361328,0.0,0.00018782727420330048,-4.6679284423589706e-05,0.00019954703748226166,-0.0010104244574904442,0.0001821783371269703,0.00041776272701099515,0.004250699623500553,-0.0013343209268931178,0.016526311960843643,3.9034755900502205e-05,-8.885562419891357e-05,0.0,-0.0002382202073931694,0.000370717141777277,-0.00048292987048625946,0.0008842172101140022,-0.00012029102072119713,0.00012325524585321546,-0.005179085014531015,-0.0009814193696221496,-0.008248265156439505,-2.1315179765224457e-05,0.00010050833225250244,0.0
200,view,remove_recomputed_clip,validation_test_seen,eval,4992,scene_0119,128,0.012106195092201233,-0.00012144166248617694,0.023741377517580986,-0.005217508878558874,0.0057781110517680645,0.002650180831551552,0.31101610906085864,0.28961810897383994,1.078823698484786,0.004583528731018305,0.2429468184709549,0.0,0.0001733694225549698,-0.00013162012510292698,-6.010197103023529e-05,-0.0010081809014081955,0.00030034640803933144,0.00034511927515268326,0.00767331929936127,0.003911521128364404,0.01073718819678926,1.648673787713051e-05,-8.398294448852539e-05,0.0,-0.00011557992547750473,0.00033402592089259997,-0.00021153315901756287,0.0007407409138977528,-6.339279934763908e-05,0.00011282344348728657,-0.002823031048218183,-0.0015297210870985345,-0.004112481320166728,-1.5133526176214218e-05,8.769333362579346e-05,0.0
200,view,remove_recomputed_clip,validation_test_seen,eval,5248,scene_0120,128,0.00938172172755003,-0.0035738321021199226,0.020350495353341103,-0.014677236787974834,0.004451615735888481,0.001416785060428083,0.6234725610591296,0.43642905161836687,1.428160910590682,0.004896387457847595,0.24344941973686218,0.0,0.00035873614251613617,-8.526956662535667e-06,0.0005573686212301254,-0.0007680673152208328,0.00026945723220705986,0.00033286050893366337,0.010011902714096244,-0.0008828512025885749,0.026407157913391766,4.970608279109001e-05,-5.650520324707031e-05,0.0,-0.0002659261226654053,0.00031679542735219,-0.0005497969686985016,0.0007023122161626816,-0.0001383344642817974,0.00014351785648614168,-0.004178513371440595,-0.0006511630196368023,-0.007387960187778875,-1.842249184846878e-05,7.933378219604492e-05,0.0
200,view,remove_recomputed_clip,validation_test_seen,eval,5504,scene_0121,128,0.010028792545199394,-0.0009841487044468522,0.020621176809072495,-0.00516273221001029,0.004510307218879461,0.0011928360909223557,0.4687301091660275,0.3860469127757281,1.218050980132909,0.004042365588247776,0.243345707654953,0.0,0.00024088378995656967,1.470162533223629e-05,0.00013634935021400452,-0.0007463446818292141,0.00029534706845879555,0.00041119649540632963,0.00414496547954496,-0.004504387494553508,0.024196048797590297,5.762232467532158e-05,-5.9157609939575195e-05,0.0,-0.00017548352479934692,0.0003234405303373933,-0.0003126319497823715,0.0006637610495090485,-0.00010402919724583626,0.00014613778330385685,-0.0039011796297306334,-0.0010764935670249387,-0.0067735607140595455,-1.5774276107549667e-05,8.04513692855835e-05,0.0
200,view,remove_recomputed_clip,validation_test_seen,eval,5760,scene_0122,128,0.00762752303853631,-0.0022282516583800316,0.011615240946412086,-0.008981218561530113,0.005074996035546064,0.0020943048875778913,0.6034836688780187,0.6023092393143007,1.00079704332628,0.002654004842042923,0.24157153069972992,0.0,0.0004435996524989605,-0.0001333272084593773,0.0005883602425456047,-0.0009619593620300293,0.0003509386442601681,0.0003970785764977336,0.0125299231002588,2.0932484679270225e-05,0.021156993820306336,2.1922867745161057e-05,-9.815394878387451e-05,0.0,-0.0002565248869359493,0.00036937533877789974,-0.0005010124295949936,0.0007867645472288132,-0.00010002823546528816,0.00010220520198345184,-0.003306726328043852,-0.00045006964468730093,-0.004701395794506125,-7.719267159700394e-06,0.00010758638381958008,0.0
200,view,remove_recomputed_clip,validation_test_seen,eval,6016,scene_0123,128,0.013540263287723064,0.0015714665642008185,0.027765676379203796,0.0034227825235575438,0.005514428950846195,0.0005269733374007046,0.47532525852540075,0.6342122924796978,0.7503768117499159,0.004575566854327917,0.24256432056427002,0.0,3.8018450140953064e-05,-0.0003005312755703926,-0.000318845734000206,-0.0014759970363229513,0.0002393578179180622,0.00036265440576244146,0.01663839802595729,0.0019799835457759984,0.02434314704011109,4.614144563674927e-05,-0.00012573599815368652,0.0,-0.0002330821007490158,0.0003523161867633462,-0.00029458850622177124,0.0006912110839039087,-0.00019837915897369385,0.00016111513832584023,-0.002215443395471639,-0.00022778481749829993,-0.003170210275170171,-1.0594259947538376e-05,9.034574031829834e-05,0.0
200,view,remove_recomputed_clip,validation_test_seen,eval,6272,scene_0124,128,0.009925193153321743,-0.004778580740094185,0.018026666715741158,-0.012919260188937187,0.005376928020268679,-0.000208304263651371,0.4856179488435006,0.4609136600601637,1.0600987682097853,0.0038734034169465303,0.24306973814964294,0.0,0.00036819279193878174,-5.546538159251213e-05,0.000553421676158905,-0.0008317269384860992,0.00026420271024107933,0.00038033677265048027,0.008750833147128712,-0.004782762434242194,0.029472147122984405,7.40943942219019e-05,-7.107853889465332e-05,0.0,-0.00025227852165699005,0.00032072747126221657,-0.00046773068606853485,0.0006299130618572235,-0.00013132067397236824,0.00014714733697474003,-0.0030685313837152672,-0.0004239953915317063,-0.0058126421666568895,-1.987488940358162e-05,8.030235767364502e-05,0.0
200,view,remove_recomputed_clip,validation_test_seen,eval,6528,scene_0125,128,0.017752839252352715,0.010090387426316738,0.04559754207730293,0.027981901541352272,0.005528260953724384,0.002235525054857135,0.30528518574019464,0.32190278911669046,0.9409260055959779,0.005308052524924278,0.24347427487373352,0.0,6.436742842197418e-05,-4.2032450437545776e-05,-0.00033227354288101196,-0.0008601639419794083,0.0002385084517300129,0.0003171475837007165,0.001941612049240482,-0.0018251614087884671,0.011448202661072826,5.2774325013160706e-05,-5.665421485900879e-05,0.0,-4.23286110162735e-05,0.00027424097061157227,-6.2622129917144775e-06,0.0005753003060817719,-5.8158766478300095e-05,0.00014206580817699432,-0.0018609079458523081,-0.0006683726672786494,-0.003805626124612549,-1.3114884495735168e-05,6.842613220214844e-05,0.0
200,view,remove_recomputed_clip,validation_test_seen,eval,6784,scene_0126,128,0.009418677538633347,-0.004600879270583391,0.021031273528933525,-0.015735266730189323,0.004404806066304445,0.00020651963131967932,0.5885886802006506,0.5085591754762485,1.1675381705671404,0.003759529674425721,0.24364431202411652,0.0,0.000209929421544075,0.0001481589861214161,0.0002724509686231613,-0.0004603257402777672,0.00018293270841240883,0.0004108814027858898,0.005414843098792033,-0.0007399261114914291,0.01188713937575514,2.996344119310379e-05,-2.73287296295166e-05,0.0,-0.00031204894185066223,0.0003457944840192795,-0.0006353016942739487,0.0007367655634880066,-0.00017248094081878662,0.00017699049931252375,-0.005127936857938331,-0.0013785836152738762,-0.006950500395732417,-2.179667353630066e-05,8.386373519897461e-05,0.0
200,view,remove_recomputed_clip,validation_test_seen,eval,7040,scene_0127,128,0.007502427790313959,-0.0011825324036180973,0.019858062267303467,-0.008090822026133537,0.004152047913521528,0.000690733955707401,0.4465433409585727,0.35825563393468096,1.2285162500391003,0.004805682227015495,0.24416881799697876,0.0,0.00015817442908883095,2.420530654489994e-05,6.327591836452484e-05,-0.0011263629421591759,0.00018390780314803123,0.00033619586611166596,0.00847508552747267,0.001075568359052148,0.01716137430552056,2.049654722213745e-05,-5.5402517318725586e-05,0.0,-0.00014490261673927307,0.00023010175209492445,-0.00021326914429664612,0.0005712229758501053,-0.00012636464089155197,0.00013760256115347147,-0.003301539697586675,-0.0018679770511386695,-0.002697712618814352,-7.927417755126953e-06,5.766749382019043e-05,0.0
200,view,remove_recomputed_clip,validation_test_seen,eval,7296,scene_0128,128,0.009486421011388302,-0.001220004283823073,0.021311406046152115,-0.005140824243426323,0.004278678447008133,0.0005067314486950636,0.48064552268203786,0.39251974160324316,1.223777105455286,0.0035721072927117348,0.24348977208137512,0.0,0.0001112883910536766,-5.259877070784569e-05,-0.0001510363072156906,-0.0011330177076160908,0.00022681616246700287,0.00042321970977354795,-0.0027348097126154713,-0.008703693233789056,0.01950341406073619,4.267459735274315e-05,-8.468329906463623e-05,0.0,-0.00018606986850500107,0.0003545698709785938,-0.0003274008631706238,0.0008176821283996105,-0.00012382585555315018,0.0001506143598817289,-0.0032650445336670497,-0.0001834591874768643,-0.0077459139440825275,-1.6206642612814903e-05,8.954107761383057e-05,0.0
200,view,remove_recomputed_clip,validation_test_seen,eval,7552,scene_0129,128,0.010054397396743298,-0.0065839895978569984,0.022282280027866364,-0.020702369511127472,0.004886908456683159,-0.0006175790913403034,0.9645408767820356,0.6215190103230132,1.5486789259909477,0.0027262514922767878,0.24326777458190918,0.0,0.0001963358372449875,0.00016684550791978836,0.00028159841895103455,-0.0005027651786804199,0.00016030250117182732,0.00044982286635786295,0.010224647847820623,0.000758614018847803,0.015216122965689083,2.8642825782299042e-05,-4.096329212188721e-05,0.0,-0.0003039920702576637,0.00036870967596769333,-0.0006370376795530319,0.0008200276643037796,-0.00016324734315276146,0.000177982437890023,-0.007140342130696253,-0.000591010883090215,-0.010017576155219032,-2.201041206717491e-05,9.110569953918457e-05,0.0
200,view,remove_recomputed_clip,validation_test_seen,eval,192,scene_0100,192,0.011741206049919128,-0.00468778470531106,0.022447379305958748,-0.016105223447084427,0.007715912535786629,-0.0003950702375732362,0.6237047503967004,0.5108261647106841,1.1521876934508504,0.0033569021616131067,0.23923727869987488,0.0,0.00024306215345859528,0.00014331797137856483,0.0006578359752893448,-0.0009924694895744324,8.711684495210648e-05,0.0005703499773517251,0.020230510585862116,0.0033475965128221263,0.03291665559809398,5.030166357755661e-05,-9.34302806854248e-05,0.0,-0.00037433113902807236,0.00031048571690917015,-0.0006050299853086472,0.0008875094354152679,-0.000287594273686409,9.353726636618376e-05,-0.006684376299248118,-0.0015173989732837345,-0.009247745378928585,-1.813611015677452e-05,0.00011830031871795654,0.0
200,view,remove_recomputed_clip,validation_test_seen,eval,7616,scene_0129,192,0.013322691433131695,-0.007898170500993729,0.026489315554499626,-0.02397778071463108,0.007958217523992062,-0.0013468607794493437,0.928313877177305,0.47798132236441926,1.88664748604601,0.003608329687267542,0.23918485641479492,0.0,0.00012866780161857605,0.00023939739912748337,0.00033969059586524963,-0.0007607359439134598,4.2693689465522766e-05,0.0006468805950134993,0.007592323338290186,-0.0010846862080690634,0.02191396901322329,5.241064354777336e-05,-7.230043411254883e-05,0.0,-0.0004075905308127403,0.0003428943455219269,-0.0006351005285978317,0.000865105539560318,-0.00031489692628383636,0.00013012741692364216,-0.00810379128375227,-0.001135861626142487,-0.01208308328128549,-3.1303614377975464e-05,0.0001220703125,0.0
300,view,normal_A,train,eval,128,scene_0000,128,0.005478217266499996,-0.0002863238041754812,0.006360045168548822,0.001283423975110054,0.004625776782631874,-0.001803759252652526,0.6422862403918372,0.6459886760929426,0.9907372479942695,0.002294665202498436,0.24387720227241516,0.0,-5.3965020924806595e-05,-0.00039737727638566867,-0.0002457224763929844,-0.0005153438542038202,0.0001314016990363598,-0.00028334197122603655,0.007155857724633674,0.004590297610258198,0.004077856169670047,1.1427327990531921e-06,-6.334483623504639e-05,0.0,0.0,0.0,0.0,0.0,0.0,0.0,0.0,0.0,0.0,0.0,0.0,0.0
300,view,normal_A,train,eval,1664,scene_0006,128,0.01127829309552908,0.005821615923196077,0.027985012158751488,0.022525159642100334,0.003649619873613119,-0.001805606996640563,0.3197810882775666,0.3704187243941119,0.8621299125136905,0.0038731093518435955,0.24389678239822388,0.0,5.552545189857483e-05,-0.0002842540852725506,-6.764382123947144e-05,-0.00039896927773952484,0.00011176685802638531,-0.0002318731276318431,0.008112043197606056,0.004699620143054917,0.01123515105023476,2.8223497793078423e-05,-5.0187110900878906e-05,0.0,0.0,0.0,0.0,0.0,0.0,0.0,0.0,0.0,0.0,0.0,0.0,0.0
300,view,normal_A,train,eval,3456,scene_0013,128,0.02489437162876129,0.021097293123602867,0.05153505131602287,0.048219095915555954,0.0033652952406555414,-0.0008205892518162727,0.17470290353455398,0.13827899450722977,1.219607521028909,0.004911516327410936,0.24331657588481903,0.0,3.9909034967422485e-05,-0.00020617060363292694,-6.047263741493225e-05,-0.00014204904437065125,0.00012103375047445297,-0.00025798712158575654,0.0057571470175104555,0.005119564306119789,-0.0035959757830494876,-3.209337592124939e-06,-3.0353665351867676e-05,0.0,0.0,0.0,0.0,0.0,0.0,0.0,0.0,0.0,0.0,0.0,0.0,0.0
300,view,normal_A,train,eval,4992,scene_0019,128,0.009191215969622135,0.00133276276756078,0.02258658967912197,0.008183910511434078,0.003641714807599783,-0.001505564316175878,0.21673712338849518,0.24211739334939944,0.9043219389406284,0.005345734301954508,0.24368321895599365,0.0,5.8465637266635895e-05,-0.00025724293664097786,-0.00017452426254749298,-0.0002928907051682472,0.00015498907305300236,-0.00024247472174465656,0.008456828559454066,0.007558420642111707,0.006545164302900752,2.1276064217090607e-06,-4.7579407691955566e-05,0.0,0.0,0.0,0.0,0.0,0.0,0.0,0.0,0.0,0.0,0.0,0.0,0.0
300,view,normal_A,train,eval,6784,scene_0026,128,0.005458377301692963,-0.0001786181383067742,0.008897252380847931,0.0023848724085837603,0.003475580597296357,-0.0016566833946853876,0.6462408323640428,0.7252637727642928,0.8874556180833458,0.002654425101354718,0.2442590296268463,0.0,-6.266729906201363e-05,-0.0002983236772706732,-0.00028140749782323837,-0.00042935251258313656,6.345519796013832e-05,-0.00022277492098510265,0.012184648680934607,0.007582667204500959,0.007586097141124681,-2.615177072584629e-05,-5.1140785217285156e-05,0.0,0.0,0.0,0.0,0.0,0.0,0.0,0.0,0.0,0.0,0.0,0.0,0.0
300,view,normal_A,train,eval,8576,scene_0033,128,0.012504947371780872,0.003568303771317005,0.028257736936211586,0.01380743645131588,0.004368396010249853,-0.0017203609459102154,0.4278261994643268,0.48241025688871997,0.8894602928065201,0.004236516077071428,0.2431384176015854,0.0,-2.5142915546894073e-05,-0.00042002787813544273,-0.0002933759242296219,-0.0006916709244251251,0.00011340435594320297,-0.0002797194756567478,0.012560512133471369,0.007822485718292527,0.012077247239258293,1.760711893439293e-05,-7.136166095733643e-05,0.0,0.0,0.0,0.0,0.0,0.0,0.0,0.0,0.0,0.0,0.0,0.0,0.0
300,view,normal_A,train,eval,10112,scene_0039,128,0.011680870316922665,0.006824729964137077,0.023572534322738647,0.019244274124503136,0.0038394175935536623,-0.0013648087624460459,0.44450535801962027,0.5542439348404838,0.8030367223807681,0.003655807115137577,0.24392223358154297,0.0,-6.7882239818573e-05,-0.0003820960409939289,-0.0003863964229822159,-0.0005506835877895355,0.00014214450493454933,-0.0002709295367822051,0.009925577322229207,0.008378400691740673,0.005936379321771046,-9.461073204874992e-06,-6.830692291259766e-05,0.0,0.0,0.0,0.0,0.0,0.0,0.0,0.0,0.0,0.0,0.0,0.0,0.0
300,view,normal_A,train,eval,11904,scene_0046,128,0.006081570405513048,-0.0003392988000996411,0.011957862414419651,0.002292260993272066,0.003459486411884427,-0.001513538183644414,0.43105350365384587,0.392951242393164,1.097386132253613,0.003359559690579772,0.2439260482788086,0.0,0.0001387009397149086,-0.0002940207486972213,9.407568722963333e-05,-0.0003171574790030718,0.0001586137805134058,-0.00028369692154228687,0.016842141392683196,0.011996040219001747,0.009732409463419467,1.9241822883486748e-05,-4.871189594268799e-05,0.0,0.0,0.0,0.0,0.0,0.0,0.0,0.0,0.0,0.0,0.0,0.0,0.0
300,view,normal_A,train,eval,13440,scene_0052,128,0.0053812251426279545,6.106244109105319e-05,0.007393273059278727,0.0017004669643938541,0.003705789800733328,-0.0013040723279118538,0.5185485101403667,0.5037570199244911,1.0214128716099926,0.002457701601088047,0.24320244789123535,0.0,-0.00019147945567965508,-0.00037365937896538526,-0.0004960554651916027,-0.0005418970249593258,6.214063614606857e-05,-0.00023356778547167778,0.008236959563957202,0.0008340171385461392,0.01441448253294797,2.8290320187807083e-05,-6.949901580810547e-05,0.0,0.0,0.0,0.0,0.0,0.0,0.0,0.0,0.0,0.0,0.0,0.0,0.0
300,view,normal_A,train,eval,15232,scene_0059,128,0.011094165965914726,0.00634014280512929,0.018633482977747917,0.014617892913520336,0.005407779011875391,9.680545917944983e-05,0.4492480568888157,0.5927243349362173,0.7545817341184008,0.0031299330294132233,0.2425481379032135,0.0,-0.0001835562288761139,-0.00042206235229969025,-0.0005150549113750458,-0.0006067706272006035,6.647035479545593e-05,-0.00028275133081479,0.008796839802830636,0.005420978421233791,0.008035828889429775,7.686438038945198e-06,-8.29845666885376e-05,0.0,0.0,0.0,0.0,0.0,0.0,0.0,0.0,0.0,0.0,0.0,0.0,0.0
300,view,normal_A,train,eval,17024,scene_0066,128,0.008163736201822758,-0.0019333116943016648,0.020240051671862602,-0.00011369815183570608,0.003802299266681075,-0.0025904770009219646,0.4095982291953466,0.3756991490990682,1.0712061634432108,0.00456972373649478,0.2445516288280487,0.0,0.00018630269914865494,-0.00024065119214355946,7.1730464696884155e-06,-0.00013353684335015714,0.0002509972546249628,-0.00027933670207858086,0.0026057877840040544,0.004840059933614971,-0.006508194629837316,-1.7150770872831345e-05,-3.828108310699463e-05,0.0,0.0,0.0,0.0,0.0,0.0,0.0,0.0,0.0,0.0,0.0,0.0,0.0
300,view,normal_A,train,eval,18560,scene_0072,128,0.007514419965445995,0.0008018798544071615,0.015080592595040798,0.00520720612257719,0.0037333148065954447,-0.0013996291672810912,0.4899980025830043,0.5237718617919562,0.9325387171787192,0.004243156872689724,0.2441471815109253,0.0,0.0001072082668542862,-0.000212638929951936,7.546320557594299e-05,-0.0001462455838918686,0.0001230717170983553,-0.0002458180533722043,0.00829415896918173,0.009265381558506203,-0.0006109635599839125,-1.750979572534561e-05,-3.577768802642822e-05,0.0,0.0,0.0,0.0,0.0,0.0,0.0,0.0,0.0,0.0,0.0,0.0,0.0
300,view,normal_A,train,eval,20352,scene_0079,128,0.011283106170594692,0.005843896884471178,0.017764918506145477,0.011968814767897129,0.005006828811019659,-8.680499740876257e-05,0.4720459131249198,0.29200959509365804,1.6118527040749033,0.003099917434155941,0.24175682663917542,0.0,-0.00016592536121606827,-0.0003550793044269085,-0.0004006270319223404,-0.0005557956174015999,6.133690476417542e-05,-0.00016072671860456467,0.010198350600694683,0.008330293787405407,-0.011350710561568444,-6.965594366192818e-06,-8.293986320495605e-05,0.0,0.0,0.0,0.0,0.0,0.0,0.0,0.0,0.0,0.0,0.0,0.0,0.0
300,view,normal_A,train,eval,21888,scene_0085,128,0.01014450378715992,-0.0006221329676918685,0.01655513420701027,2.666237560333684e-05,0.004835918545722961,-0.0011593946255743504,0.5992225007255382,0.5621872924412673,1.0654622800693956,0.003565784776583314,0.24272944033145905,0.0,-5.9681013226509094e-05,-0.0002796789340209216,-0.0002220161259174347,-0.00033662717760307714,7.474934682250023e-05,-0.00023252115352079272,0.010658043881143331,0.00542892489256086,0.00875824029666128,-4.088506102561951e-06,-4.775822162628174e-05,0.0,0.0,0.0,0.0,0.0,0.0,0.0,0.0,0.0,0.0,0.0,0.0,0.0
300,view,normal_A,train,eval,23680,scene_0092,128,0.0060807098634541035,-0.002334063174203038,0.011706366203725338,-0.0028175292536616325,0.003921745344996452,-0.0021485222969204187,0.5438090816278791,0.42840068782723456,1.2649351286747708,0.004646679386496544,0.24410200119018555,0.0,0.00011539645493030548,-0.00020012236200273037,3.6032870411872864e-06,-8.303835056722164e-05,0.00015829852782189846,-0.0002450550673529506,0.008887999438023209,0.007183606873265136,-0.0005804756868073024,-3.5534612834453583e-06,-3.129243850708008e-05,0.0,0.0,0.0,0.0,0.0,0.0,0.0,0.0,0.0,0.0,0.0,0.0,0.0
300,view,normal_A,train,eval,25472,scene_0099,128,0.009362027049064636,0.003336056135594845,0.017465680837631226,0.010332221165299416,0.004215053748339415,-0.001107503892853856,0.4557635530022995,0.4271181275972674,1.067211262612882,0.00414626207202673,0.24368146061897278,0.0,7.080938667058945e-05,-0.00016536354087293148,5.738809704780579e-06,-8.192937821149826e-05,0.00011213822290301323,-0.00021835637744516134,0.00016508437594864311,0.010459432942408864,-0.02642465770585778,-5.9262849390506744e-05,-2.491474151611328e-05,0.0,0.0,0.0,0.0,0.0,0.0,0.0,0.0,0.0,0.0,0.0,0.0,0.0
300,view,normal_A,validation_test_seen,eval,128,scene_0100,128,0.005239570513367653,-0.0017324602231383324,0.009616116061806679,-0.003899741917848587,0.003467341186478734,-0.0008548452169634402,0.6107149211060072,0.5041428045959591,1.208128842427213,0.0026242861058562994,0.24452432990074158,0.0,4.118913784623146e-05,-0.000310760922729969,-9.650550782680511e-05,-0.0004199240356683731,9.694742038846016e-05,-0.0002665565116330981,0.008128814517179284,0.004841764661392023,0.004434072794023525,7.608672603964806e-06,-5.072355270385742e-05,0.0,0.0,0.0,0.0,0.0,0.0,0.0,0.0,0.0,0.0,0.0,0.0,0.0
300,view,normal_A,validation_test_seen,eval,384,scene_0101,128,0.004938916768878698,-0.001607729122042656,0.009111925028264523,-0.004258869681507349,0.0028748062904924154,-0.0002963864535558969,0.6380007859757019,0.545616660026733,1.1570189796099313,0.0025519458577036858,0.24414418637752533,0.0,0.00012123025953769684,-0.0003458830760791898,0.0003514643758535385,-0.0006042423192411661,7.347669452428818e-06,-0.0002180899609811604,0.009364588194043733,0.002754165477948045,0.011095398128118772,2.3955712094902992e-05,-6.614625453948975e-05,0.0,0.0,0.0,0.0,0.0,0.0,0.0,0.0,0.0,0.0,0.0,0.0,0.0
300,view,normal_A,validation_test_seen,eval,640,scene_0102,128,0.008306474424898624,0.0013076190371066332,0.02419445849955082,0.009538212791085243,0.003261766629293561,-0.0013057352043688297,0.2625619019021784,0.27583952889119934,0.9478672440957957,0.004214770160615444,0.2449502795934677,0.0,4.498753696680069e-05,-0.00020822766236960888,-8.315593004226685e-05,-0.00013423338532447815,8.567329496145248e-05,-0.00023172213695943356,0.005304770729573249,0.00749741663854514,-0.00688406051637791,-1.1214055120944977e-05,-3.17990779876709e-05,0.0,0.0,0.0,0.0,0.0,0.0,0.0,0.0,0.0,0.0,0.0,0.0,0.0
300,view,normal_A,validation_test_seen,eval,896,scene_0103,128,0.00660350825637579,-0.0016048579709604383,0.013544711284339428,-0.002131860936060548,0.004027647897601128,-0.001409288845025003,0.5314577828503191,0.5900521277527089,0.9007293031520371,0.004447057377547026,0.2442651391029358,0.0,7.273722440004349e-05,-0.00024868431501090527,-0.00020294636487960815,-0.0001836465671658516,0.0001750420778989792,-0.00027281977236270905,0.010123797707662585,0.009318300949785474,0.0030209638374041337,-8.887145668268204e-06,-4.106760025024414e-05,0.0,0.0,0.0,0.0,0.0,0.0,0.0,0.0,0.0,0.0,0.0,0.0,0.0
300,view,normal_A,validation_test_seen,eval,1152,scene_0104,128,0.005093827843666077,-0.0030629714019596577,0.009834916330873966,-0.0063631776720285416,0.003415775252506137,-0.0018949019722640514,0.35648794730004274,0.46323092833586105,0.7639098983984508,0.002796849701553583,0.24466834962368011,0.0,0.0001450725831091404,-0.00030668056569993496,5.950499325990677e-05,-0.00031606247648596764,0.0001753594260662794,-0.0003033600514754653,0.017386584780030134,0.015471612762986642,0.012586987750774159,-1.428951509296894e-05,-4.744529724121094e-05,0.0,0.0,0.0,0.0,0.0,0.0,0.0,0.0,0.0,0.0,0.0,0.0,0.0
300,view,normal_A,validation_test_seen,eval,1408,scene_0105,128,0.007602901663631201,-0.0018937410786747932,0.014658957719802856,0.0033952316734939814,0.004939263686537743,-0.0038903099484741688,0.49752073002181785,0.48165926422115135,1.0338726855230396,0.004283897113054991,0.24438032507896423,0.0,0.0001366608776152134,-0.0002480573020875454,-5.6881457567214966e-05,-0.00022590369917452335,0.00020972080528736115,-0.0002564201131463051,0.006195495878588142,0.005780539492878267,0.000598263302326707,-1.3488344848155975e-05,-4.240870475769043e-05,0.0,0.0,0.0,0.0,0.0,0.0,0.0,0.0,0.0,0.0,0.0,0.0,0.0
300,view,normal_A,validation_test_seen,eval,1664,scene_0106,128,0.007342795841395855,0.0016761746956035495,0.009790750220417976,0.004139671567827463,0.0049897790886461735,-0.0006917825667187572,0.696716238518768,0.6013927904636203,1.1460334997400958,0.0024292096495628357,0.24264304339885712,0.0,-0.00010391417890787125,-0.0004420116310939193,-0.00021213851869106293,-0.0006503509357571602,1.150183379650116e-07,-0.00024175172438845038,0.017402091345015913,0.005487795885356417,0.018398854939648546,2.2131018340587616e-05,-8.869171142578125e-05,0.0,0.0,0.0,0.0,0.0,0.0,0.0,0.0,0.0,0.0,0.0,0.0,0.0
300,view,normal_A,validation_test_seen,eval,1920,scene_0107,128,0.01514097023755312,0.007755313068628311,0.038777172565460205,0.025554485619068146,0.0034702809061855078,-0.0010332664242014289,0.39532473940842205,0.39136451315899473,1.0159936221098231,0.004801848903298378,0.2436700016260147,0.0,6.237532943487167e-05,-0.00022910535335540771,0.00013156980276107788,-0.00014001689851284027,2.8209993615746498e-05,-0.0002730926498770714,0.004045056372281475,0.003219863750664742,0.001859360131954757,1.1187046766281128e-05,-3.771483898162842e-05,0.0,0.0,0.0,0.0,0.0,0.0,0.0,0.0,0.0,0.0,0.0,0.0,0.0
300,view,normal_A,validation_test_seen,eval,2176,scene_0108,128,0.008493694476783276,-0.002639412647113204,0.014195622876286507,-0.005859194323420525,0.004525466356426477,-0.00039862131234258413,0.6494757255317216,0.48127312133710015,1.3527112287714667,0.003693638602271676,0.24291813373565674,0.0,-1.9399449229240417e-05,-0.00029671285301446915,-5.392357707023621e-06,-0.0003562183119356632,-2.91457399725914e-05,-0.00025530028506182134,0.008098905056377781,0.0037717259462594632,0.006449134669695766,3.787735477089882e-05,-4.486739635467529e-05,0.0,0.0,0.0,0.0,0.0,0.0,0.0,0.0,0.0,0.0,0.0,0.0,0.0
300,view,normal_A,validation_test_seen,eval,2432,scene_0109,128,0.014076214283704758,0.007134231738746166,0.0252214465290308,0.01527494564652443,0.004925361834466457,0.000450255029136315,0.3090403955015022,0.4023367005568294,0.7606993735764394,0.0035601959098130465,0.24378827214241028,0.0,4.549790173768997e-05,-0.00024746498093008995,1.85500830411911e-05,-0.0002018837258219719,6.762240082025528e-05,-0.00028489119722507894,0.01017535825461513,0.01308203112019457,0.00017424040739144608,-2.505490556359291e-05,-3.7297606468200684e-05,0.0,0.0,0.0,0.0,0.0,0.0,0.0,0.0,0.0,0.0,0.0,0.0,0.0
300,view,normal_A,validation_test_seen,eval,2688,scene_0110,128,0.00948142260313034,-0.00012434611562639475,0.018716031685471535,0.002278723753988743,0.00465270085260272,-0.0013808967778459191,0.3205462077243658,0.3091310868744086,1.0378426267447747,0.003930547274649143,0.24382038414478302,0.0,-6.446614861488342e-06,-0.00020446444250410423,-5.145929753780365e-05,-0.00014849752187728882,1.7090700566768646e-05,-0.00023372890427708626,0.006481860721067267,0.00637051695720664,-0.000290745225152822,-7.765833288431168e-06,-2.612173557281494e-05,0.0,0.0,0.0,0.0,0.0,0.0,0.0,0.0,0.0,0.0,0.0,0.0,0.0
300,view,normal_A,validation_test_seen,eval,2944,scene_0111,128,0.006085344590246677,0.0030255834572017193,0.009499398991465569,0.00636408943682909,0.003557087853550911,0.0005532738869078457,0.3576634517304418,0.44517090790944797,0.8011543583099403,0.002639234997332096,0.24422883987426758,0.0,-8.002482354640961e-05,-0.00022404245100915432,-0.00012401770800352097,-0.00015962962061166763,-4.7446927055716515e-05,-0.0002717430470511317,0.0015739619210578537,-0.0016096222815054073,0.006340284814156605,1.4759600162506104e-05,-3.2588839530944824e-05,0.0,0.0,0.0,0.0,0.0,0.0,0.0,0.0,0.0,0.0,0.0,0.0,0.0
300,view,normal_A,validation_test_seen,eval,3200,scene_0112,128,0.006505646742880344,-2.6601383069646545e-05,0.009010981768369675,-0.0011350831482559443,0.005209835711866617,0.0005467277951538563,0.6393793037961532,0.568138208881596,1.1254312536673083,0.004265785217285156,0.24401240050792694,0.0,-1.6363337635993958e-05,-0.0003277243104093941,-9.338371455669403e-06,-0.0004039223422296345,-1.9997358322143555e-05,-0.0002883130218833685,0.01091088156635589,0.007487589203008405,0.0044642032334751836,4.075933247804642e-06,-5.46872615814209e-05,0.0,0.0,0.0,0.0,0.0,0.0,0.0,0.0,0.0,0.0,0.0,0.0,0.0
300,view,normal_A,validation_test_seen,eval,3456,scene_0113,128,0.009071866981685162,-0.004835729021579027,0.018262891098856926,-0.010430716909468174,0.004436709452420473,-0.0020141007844358683,0.3670113329738967,0.2865802074492226,1.2806769366413642,0.0050193388015031815,0.24282383918762207,0.0,8.894503116607666e-05,-0.00026327092200517654,5.878321826457977e-05,-0.0003132373094558716,0.00010415492579340935,-0.00023807166144251823,0.010596299446813728,0.009355282865678771,-0.005103675371573191,-1.1492520570755005e-06,-5.124509334564209e-05,0.0,0.0,0.0,0.0,0.0,0.0,0.0,0.0,0.0,0.0,0.0,0.0,0.0
300,view,normal_A,validation_test_seen,eval,3712,scene_0114,128,0.010233402252197266,0.00142466532997787,0.024403395131230354,0.008925413712859154,0.004303119145333767,-0.0017144724261015654,0.45737154084306364,0.4870313970226209,0.9403907088930945,0.004750029183924198,0.24410124123096466,0.0,3.0372291803359985e-05,-0.00028601905796676874,-0.0002102963626384735,-0.0002654939889907837,0.00013109343126416206,-0.0002946091117337346,0.006974290119045712,0.00599255098625906,0.0030048314957349387,-2.5015324354171753e-06,-4.507601261138916e-05,0.0,0.0,0.0,0.0,0.0,0.0,0.0,0.0,0.0,0.0,0.0,0.0,0.0
300,view,normal_A,validation_test_seen,eval,3968,scene_0115,128,0.011626249179244041,0.00424680532887578,0.03575584664940834,0.02144990861415863,0.003377357264980674,-0.001634208019822836,0.14388808717501247,0.2044929735326302,0.7038724928512586,0.004410412162542343,0.24466125667095184,0.0,0.00014945585280656815,-0.00023289816454052925,3.253668546676636e-05,-5.6702643632888794e-05,0.00018942495808005333,-0.0002931279595941305,0.004815943632014402,0.008854211599216927,-0.007339797193832154,-2.6771798729896545e-05,-3.643333911895752e-05,0.0,0.0,0.0,0.0,0.0,0.0,0.0,0.0,0.0,0.0,0.0,0.0,0.0
300,view,normal_A,validation_test_seen,eval,4224,scene_0116,128,0.01518496684730053,0.010860386304557323,0.035509251058101654,0.030862057581543922,0.004566269926726818,0.0004102448292542249,0.2314847505253395,0.21685566039075135,1.0699168960770027,0.004694742150604725,0.24378210306167603,0.0,-7.222592830657959e-05,-0.00031827203929424286,-0.00037553533911705017,-0.0004757475107908249,8.624047040939331e-05,-0.00023599257110618055,0.00756415761608914,0.006956273967866244,0.0005089199255379206,7.175374776124954e-06,-6.458163261413574e-05,0.0,0.0,0.0,0.0,0.0,0.0,0.0,0.0,0.0,0.0,0.0,0.0,0.0
300,view,normal_A,validation_test_seen,eval,4480,scene_0117,128,0.005085358861833811,0.0011347898980602622,0.010865136049687862,0.00436474708840251,0.0029584518633782864,-5.380590300774202e-05,0.7246516852316927,0.5590338530589646,1.2906529363569548,0.0029862206429243088,0.2446339875459671,0.0,-4.3171923607587814e-05,-0.00029024051036685705,-0.0003561815246939659,-0.00033413898199796677,7.201312109827995e-05,-0.000274086334684398,0.01845282623271438,0.011822585448491463,0.005462441153190278,1.5585683286190033e-06,-4.9367547035217285e-05,0.0,0.0,0.0,0.0,0.0,0.0,0.0,0.0,0.0,0.0,0.0,0.0,0.0
300,view,normal_A,validation_test_seen,eval,4736,scene_0118,128,0.005964828189462423,-0.0011651446111500263,0.011132166720926762,-0.0037245803978294134,0.003474620170891285,6.828125333413482e-05,0.5110507771456138,0.45052088605396473,1.1145108535336885,0.003017399925738573,0.2437300831079483,0.0,2.764211967587471e-05,-0.00039399153320118785,5.5664218962192535e-05,-0.000691655557602644,1.4138640835881233e-05,-0.00025054349680431187,0.014950511153714097,0.007448969286034279,0.014879645436550515,1.9026920199394226e-05,-8.122622966766357e-05,0.0,0.0,0.0,0.0,0.0,0.0,0.0,0.0,0.0,0.0,0.0,0.0,0.0
300,view,normal_A,validation_test_seen,eval,4992,scene_0119,128,0.011632280424237251,0.0016811775276437402,0.02370809018611908,0.004498156253248453,0.005064551718533039,0.00014909348101355135,0.23527178062352824,0.21177964859818763,1.1043454480661425,0.004860398825258017,0.24348390102386475,0.0,-6.150733679533005e-05,-0.00017370341811329126,-1.5500932931900024e-05,-8.262228220701218e-05,-8.653104305267334e-05,-0.00022324032033793628,0.003217309980096811,0.002442596267721836,0.0031515436463398494,2.5295186787843704e-05,-2.168118953704834e-05,0.0,0.0,0.0,0.0,0.0,0.0,0.0,0.0,0.0,0.0,0.0,0.0,0.0
300,view,normal_A,validation_test_seen,eval,5248,scene_0120,128,0.006716814823448658,-0.0008554617525078356,0.014000538736581802,-0.0020544363651424646,0.00344301899895072,-0.0003165615489706397,0.5245053560762809,0.36273246675303333,1.4438660399872327,0.004779887851327658,0.2440633773803711,0.0,4.4700223952531815e-05,-0.00020926084835082293,-9.102188050746918e-05,-7.767998613417149e-05,0.00010570324957370758,-0.0002684018872969318,0.002496746924734672,0.00353413267923125,-0.007825690072573499,1.0660383850336075e-05,-3.0338764190673828e-05,0.0,0.0,0.0,0.0,0.0,0.0,0.0,0.0,0.0,0.0,0.0,0.0,0.0
300,view,normal_A,validation_test_seen,eval,5504,scene_0121,128,0.008200973272323608,0.0030734208412468433,0.016606532037258148,0.009971357882022858,0.003821791848167777,-0.0005203093751333654,0.3927344996875847,0.3516989469683488,1.1199776202563425,0.003813676768913865,0.24425995349884033,0.0,4.003383219242096e-05,-0.000291336327791214,-1.9477680325508118e-05,-0.0002925768494606018,7.103732787072659e-05,-0.0002906890294980258,0.008014119149836296,0.008500960619103992,-0.003992161481842782,-1.473771408200264e-05,-4.9948692321777344e-05,0.0,0.0,0.0,0.0,0.0,0.0,0.0,0.0,0.0,0.0,0.0,0.0,0.0
300,view,normal_A,validation_test_seen,eval,5760,scene_0122,128,0.005664195865392685,0.001588367624208331,0.008030030876398087,0.0032121469266712666,0.004149831365793943,0.0005489905015565455,0.6378223966855832,0.6331773738861656,1.0052080927143916,0.002482104580849409,0.24247758090496063,0.0,-0.00017125019803643227,-0.0004474031738936901,-0.00042356178164482117,-0.0007634200155735016,-9.74675640463829e-06,-0.0002451217151246965,0.008994769123471746,0.0057112343378465935,0.005184442538463507,1.0278774425387383e-05,-9.222328662872314e-05,0.0,0.0,0.0,0.0,0.0,0.0,0.0,0.0,0.0,0.0,0.0,0.0,0.0
300,view,normal_A,validation_test_seen,eval,6016,scene_0123,128,0.012611504644155502,0.007147564552724361,0.028653329238295555,0.019945573061704636,0.0035608692560344934,-7.29415041860193e-05,0.5176920689777899,0.6371159927487924,0.8137704968916062,0.004274701699614525,0.24380305409431458,0.0,-5.715526640415192e-06,-0.00023097731173038483,-0.00012685172259807587,-0.0001988336443901062,6.262748502194881e-05,-0.00024911214131861925,0.006911423994412025,0.006608931990488509,0.00216726912525278,-2.3886095732450485e-05,-3.857910633087158e-05,0.0,0.0,0.0,0.0,0.0,0.0,0.0,0.0,0.0,0.0,0.0,0.0,0.0
300,view,normal_A,validation_test_seen,eval,6272,scene_0124,128,0.007435075473040342,-0.0005269914981909096,0.013695972040295601,0.0005043222336098552,0.003920132759958506,-0.0011059835087507963,0.44535699913507,0.41723594041455964,1.0746475143363456,0.0041352189145982265,0.24390141665935516,0.0,-5.70882111787796e-05,-0.00022459289175458252,-0.00022118259221315384,-0.00015562603948637843,3.503751941025257e-05,-0.00026331149274483323,0.0022432159410055164,0.0038165709401535852,-0.004304481580060582,3.755558282136917e-06,-3.069639205932617e-05,0.0,0.0,0.0,0.0,0.0,0.0,0.0,0.0,0.0,0.0,0.0,0.0,0.0
300,view,normal_A,validation_test_seen,eval,6528,scene_0125,128,0.01822134293615818,0.014296932145953178,0.05085068568587303,0.046370528638362885,0.0038961730897426605,0.00021575030405074358,0.2944467141409042,0.4022796825781742,0.7280221264088078,0.0046706125140190125,0.2443561553955078,0.0,2.3789703845977783e-05,-0.0003069555386900902,-0.00017313286662101746,-0.0003166794776916504,0.00011024298146367073,-0.00030268420232459903,0.004181357086448956,0.0018026319492200349,0.00717067104630964,1.491466537117958e-05,-5.269050598144531e-05,0.0,0.0,0.0,0.0,0.0,0.0,0.0,0.0,0.0,0.0,0.0,0.0,0.0
300,view,normal_A,validation_test_seen,eval,6784,scene_0126,128,0.0053260368295013905,-0.0006602400681003928,0.010731378570199013,-0.000922022620216012,0.0029922188259661198,-0.0005472124321386218,0.6442511505360412,0.5550627643950838,1.166508010290225,0.003195391967892647,0.24445050954818726,0.0,2.0353589206933975e-05,-0.00029951881151646376,-0.00015240535140037537,-0.0003458806313574314,9.494391269981861e-05,-0.00027950172079727054,0.007839924647064844,0.0037087499592950435,0.00686018952009837,2.1487008780241013e-05,-4.5999884605407715e-05,0.0,0.0,0.0,0.0,0.0,0.0,0.0,0.0,0.0,0.0,0.0,0.0,0.0
300,view,normal_A,validation_test_seen,eval,7040,scene_0127,128,0.008164988830685616,-0.002269301563501358,0.022301483899354935,-0.00398465758189559,0.004331706557422876,-0.0018041617004200816,0.36641757535389435,0.30044954284930325,1.1864504606603963,0.004923403263092041,0.24415086209774017,0.0,6.74072653055191e-05,-0.00023969984613358974,-0.00017962977290153503,-8.644722402095795e-05,0.000134393572807312,-0.0002812558086588979,0.008405124499977379,0.00682213771416923,0.001660855776842718,-1.2835953384637833e-05,-2.199411392211914e-05,0.0,0.0,0.0,0.0,0.0,0.0,0.0,0.0,0.0,0.0,0.0,0.0,0.0
300,view,normal_A,validation_test_seen,eval,7296,scene_0128,128,0.007778442930430174,0.002857629209756851,0.017460394650697708,0.010543144308030605,0.003514495911076665,-0.0005270839319564402,0.37720340676627717,0.36205044202239267,1.0414260343399788,0.0034936575684696436,0.24435248970985413,0.0,-7.910700514912605e-05,-0.00034954771399497986,-0.00032624974846839905,-0.0005742013454437256,2.9734335839748383e-05,-0.0002506090677343309,0.012443657356559834,0.009641393726099845,0.006955615560783057,1.9219471141695976e-05,-6.507337093353271e-05,0.0,0.0,0.0,0.0,0.0,0.0,0.0,0.0,0.0,0.0,0.0,0.0,0.0
300,view,normal_A,validation_test_seen,eval,7552,scene_0129,128,0.004882908891886473,-0.0010320956353098154,0.007371919229626656,-0.0015125568024814129,0.0038310561794787645,-0.0008290532859973609,0.7652075197200779,0.6090899477707561,1.2515082241302868,0.0021173604764044285,0.24435321986675262,0.0,9.847292676568031e-05,-0.000388739921618253,9.62275080382824e-05,-0.0006122703780420125,9.942217729985714e-05,-0.0002942762221209705,0.018069347160584504,0.004104771681690544,0.021271147009576996,2.9280781745910645e-05,-5.961954593658447e-05,0.0,0.0,0.0,0.0,0.0,0.0,0.0,0.0,0.0,0.0,0.0,0.0,0.0
300,view,normal_A,validation_test_seen,eval,192,scene_0100,192,0.007517262361943722,0.0004181578115094453,0.012931358069181442,-0.0002872413897421211,0.005481676664203405,0.0006833728402853012,0.5154827508046996,0.47084038031212233,1.0241947251315608,0.00335488049313426,0.2406913787126541,0.0,0.00010495539754629135,-0.00043635108158923686,0.00016737636178731918,-0.0005705580115318298,8.148513734340668e-05,-0.00038589234463870525,0.008345795747534135,0.005741327890011916,0.005855033716236857,2.3641623556613922e-06,-6.298720836639404e-05,0.0,0.0,0.0,0.0,0.0,0.0,0.0,0.0,0.0,0.0,0.0,0.0,0.0
300,view,normal_A,validation_test_seen,eval,7616,scene_0129,192,0.006635920610278845,-0.0013608866138383746,0.01046728529036045,-0.005151600111275911,0.005074908956885338,0.00018356255895923823,0.6947435493407202,0.43168865763276704,1.539403886641213,0.003138994798064232,0.24071264266967773,0.0,0.00013383664190769196,-0.00046821223804727197,0.0003112396225333214,-0.0006372942589223385,6.155809387564659e-05,-0.00039932325307745486,0.01926249687253534,0.009432660799736925,0.011966629130040873,1.5142606571316719e-05,-7.75754451751709e-05,0.0,0.0,0.0,0.0,0.0,0.0,0.0,0.0,0.0,0.0,0.0,0.0,0.0
300,view,normal_B,train,eval,128,scene_0000,128,0.005478217266499996,-0.0002863238041754812,0.006360045168548822,0.001283423975110054,0.004625776782631874,-0.001803759252652526,0.6422862403918372,0.6459886760929426,0.9907372479942695,0.002294665202498436,0.24387720227241516,0.0,-5.3965020924806595e-05,-0.00039737727638566867,-0.0002457224763929844,-0.0005153438542038202,0.0001314016990363598,-0.00028334197122603655,0.007155857724633674,0.004590297610258198,0.004077856169670047,1.1427327990531921e-06,-6.334483623504639e-05,0.0,0.0,0.0,0.0,0.0,0.0,0.0,0.0,0.0,0.0,0.0,0.0,0.0
300,view,normal_B,train,eval,1664,scene_0006,128,0.01127829309552908,0.005821615923196077,0.027985012158751488,0.022525159642100334,0.003649619873613119,-0.001805606996640563,0.3197810882775666,0.3704187243941119,0.8621299125136905,0.0038731093518435955,0.24389678239822388,0.0,5.552545189857483e-05,-0.0002842540852725506,-6.764382123947144e-05,-0.00039896927773952484,0.00011176685802638531,-0.0002318731276318431,0.008112043197606056,0.004699620143054917,0.01123515105023476,2.8223497793078423e-05,-5.0187110900878906e-05,0.0,0.0,0.0,0.0,0.0,0.0,0.0,0.0,0.0,0.0,0.0,0.0,0.0
300,view,normal_B,train,eval,3456,scene_0013,128,0.02489437162876129,0.021097293123602867,0.05153505131602287,0.048219095915555954,0.0033652952406555414,-0.0008205892518162727,0.17470290353455398,0.13827899450722977,1.219607521028909,0.004911516327410936,0.24331657588481903,0.0,3.9909034967422485e-05,-0.00020617060363292694,-6.047263741493225e-05,-0.00014204904437065125,0.00012103375047445297,-0.00025798712158575654,0.0057571470175104555,0.005119564306119789,-0.0035959757830494876,-3.209337592124939e-06,-3.0353665351867676e-05,0.0,0.0,0.0,0.0,0.0,0.0,0.0,0.0,0.0,0.0,0.0,0.0,0.0
300,view,normal_B,train,eval,4992,scene_0019,128,0.009191215969622135,0.00133276276756078,0.02258658967912197,0.008183910511434078,0.003641714807599783,-0.001505564316175878,0.21673712338849518,0.24211739334939944,0.9043219389406284,0.005345734301954508,0.24368321895599365,0.0,5.8465637266635895e-05,-0.00025724293664097786,-0.00017452426254749298,-0.0002928907051682472,0.00015498907305300236,-0.00024247472174465656,0.008456828559454066,0.007558420642111707,0.006545164302900752,2.1276064217090607e-06,-4.7579407691955566e-05,0.0,0.0,0.0,0.0,0.0,0.0,0.0,0.0,0.0,0.0,0.0,0.0,0.0
300,view,normal_B,train,eval,6784,scene_0026,128,0.005458377301692963,-0.0001786181383067742,0.008897252380847931,0.0023848724085837603,0.003475580597296357,-0.0016566833946853876,0.6462408323640428,0.7252637727642928,0.8874556180833458,0.002654425101354718,0.2442590296268463,0.0,-6.266729906201363e-05,-0.0002983236772706732,-0.00028140749782323837,-0.00042935251258313656,6.345519796013832e-05,-0.00022277492098510265,0.012184648680934607,0.007582667204500959,0.007586097141124681,-2.615177072584629e-05,-5.1140785217285156e-05,0.0,0.0,0.0,0.0,0.0,0.0,0.0,0.0,0.0,0.0,0.0,0.0,0.0
300,view,normal_B,train,eval,8576,scene_0033,128,0.012504947371780872,0.003568303771317005,0.028257736936211586,0.01380743645131588,0.004368396010249853,-0.0017203609459102154,0.4278261994643268,0.48241025688871997,0.8894602928065201,0.004236516077071428,0.2431384176015854,0.0,-2.5142915546894073e-05,-0.00042002787813544273,-0.0002933759242296219,-0.0006916709244251251,0.00011340435594320297,-0.0002797194756567478,0.012560512133471369,0.007822485718292527,0.012077247239258293,1.760711893439293e-05,-7.136166095733643e-05,0.0,0.0,0.0,0.0,0.0,0.0,0.0,0.0,0.0,0.0,0.0,0.0,0.0
300,view,normal_B,train,eval,10112,scene_0039,128,0.011680870316922665,0.006824729964137077,0.023572534322738647,0.019244274124503136,0.0038394175935536623,-0.0013648087624460459,0.44450535801962027,0.5542439348404838,0.8030367223807681,0.003655807115137577,0.24392223358154297,0.0,-6.7882239818573e-05,-0.0003820960409939289,-0.0003863964229822159,-0.0005506835877895355,0.00014214450493454933,-0.0002709295367822051,0.009925577322229207,0.008378400691740673,0.005936379321771046,-9.461073204874992e-06,-6.830692291259766e-05,0.0,0.0,0.0,0.0,0.0,0.0,0.0,0.0,0.0,0.0,0.0,0.0,0.0
300,view,normal_B,train,eval,11904,scene_0046,128,0.006081570405513048,-0.0003392988000996411,0.011957862414419651,0.002292260993272066,0.003459486411884427,-0.001513538183644414,0.43105350365384587,0.392951242393164,1.097386132253613,0.003359559690579772,0.2439260482788086,0.0,0.0001387009397149086,-0.0002940207486972213,9.407568722963333e-05,-0.0003171574790030718,0.0001586137805134058,-0.00028369692154228687,0.016842141392683196,0.011996040219001747,0.009732409463419467,1.9241822883486748e-05,-4.871189594268799e-05,0.0,0.0,0.0,0.0,0.0,0.0,0.0,0.0,0.0,0.0,0.0,0.0,0.0
300,view,normal_B,train,eval,13440,scene_0052,128,0.0053812251426279545,6.106244109105319e-05,0.007393273059278727,0.0017004669643938541,0.003705789800733328,-0.0013040723279118538,0.5185485101403667,0.5037570199244911,1.0214128716099926,0.002457701601088047,0.24320244789123535,0.0,-0.00019147945567965508,-0.00037365937896538526,-0.0004960554651916027,-0.0005418970249593258,6.214063614606857e-05,-0.00023356778547167778,0.008236959563957202,0.0008340171385461392,0.01441448253294797,2.8290320187807083e-05,-6.949901580810547e-05,0.0,0.0,0.0,0.0,0.0,0.0,0.0,0.0,0.0,0.0,0.0,0.0,0.0
300,view,normal_B,train,eval,15232,scene_0059,128,0.011094165965914726,0.00634014280512929,0.018633482977747917,0.014617892913520336,0.005407779011875391,9.680545917944983e-05,0.4492480568888157,0.5927243349362173,0.7545817341184008,0.0031299330294132233,0.2425481379032135,0.0,-0.0001835562288761139,-0.00042206235229969025,-0.0005150549113750458,-0.0006067706272006035,6.647035479545593e-05,-0.00028275133081479,0.008796839802830636,0.005420978421233791,0.008035828889429775,7.686438038945198e-06,-8.29845666885376e-05,0.0,0.0,0.0,0.0,0.0,0.0,0.0,0.0,0.0,0.0,0.0,0.0,0.0
300,view,normal_B,train,eval,17024,scene_0066,128,0.008163736201822758,-0.0019333116943016648,0.020240051671862602,-0.00011369815183570608,0.003802299266681075,-0.0025904770009219646,0.4095982291953466,0.3756991490990682,1.0712061634432108,0.00456972373649478,0.2445516288280487,0.0,0.00018630269914865494,-0.00024065119214355946,7.1730464696884155e-06,-0.00013353684335015714,0.0002509972546249628,-0.00027933670207858086,0.0026057877840040544,0.004840059933614971,-0.006508194629837316,-1.7150770872831345e-05,-3.828108310699463e-05,0.0,0.0,0.0,0.0,0.0,0.0,0.0,0.0,0.0,0.0,0.0,0.0,0.0
300,view,normal_B,train,eval,18560,scene_0072,128,0.007514419965445995,0.0008018798544071615,0.015080592595040798,0.00520720612257719,0.0037333148065954447,-0.0013996291672810912,0.4899980025830043,0.5237718617919562,0.9325387171787192,0.004243156872689724,0.2441471815109253,0.0,0.0001072082668542862,-0.000212638929951936,7.546320557594299e-05,-0.0001462455838918686,0.0001230717170983553,-0.0002458180533722043,0.00829415896918173,0.009265381558506203,-0.0006109635599839125,-1.750979572534561e-05,-3.577768802642822e-05,0.0,0.0,0.0,0.0,0.0,0.0,0.0,0.0,0.0,0.0,0.0,0.0,0.0
300,view,normal_B,train,eval,20352,scene_0079,128,0.011283106170594692,0.005843896884471178,0.017764918506145477,0.011968814767897129,0.005006828811019659,-8.680499740876257e-05,0.4720459131249198,0.29200959509365804,1.6118527040749033,0.003099917434155941,0.24175682663917542,0.0,-0.00016592536121606827,-0.0003550793044269085,-0.0004006270319223404,-0.0005557956174015999,6.133690476417542e-05,-0.00016072671860456467,0.010198350600694683,0.008330293787405407,-0.011350710561568444,-6.965594366192818e-06,-8.293986320495605e-05,0.0,0.0,0.0,0.0,0.0,0.0,0.0,0.0,0.0,0.0,0.0,0.0,0.0
300,view,normal_B,train,eval,21888,scene_0085,128,0.01014450378715992,-0.0006221329676918685,0.01655513420701027,2.666237560333684e-05,0.004835918545722961,-0.0011593946255743504,0.5992225007255382,0.5621872924412673,1.0654622800693956,0.003565784776583314,0.24272944033145905,0.0,-5.9681013226509094e-05,-0.0002796789340209216,-0.0002220161259174347,-0.00033662717760307714,7.474934682250023e-05,-0.00023252115352079272,0.010658043881143331,0.00542892489256086,0.00875824029666128,-4.088506102561951e-06,-4.775822162628174e-05,0.0,0.0,0.0,0.0,0.0,0.0,0.0,0.0,0.0,0.0,0.0,0.0,0.0
300,view,normal_B,train,eval,23680,scene_0092,128,0.0060807098634541035,-0.002334063174203038,0.011706366203725338,-0.0028175292536616325,0.003921745344996452,-0.0021485222969204187,0.5438090816278791,0.42840068782723456,1.2649351286747708,0.004646679386496544,0.24410200119018555,0.0,0.00011539645493030548,-0.00020012236200273037,3.6032870411872864e-06,-8.303835056722164e-05,0.00015829852782189846,-0.0002450550673529506,0.008887999438023209,0.007183606873265136,-0.0005804756868073024,-3.5534612834453583e-06,-3.129243850708008e-05,0.0,0.0,0.0,0.0,0.0,0.0,0.0,0.0,0.0,0.0,0.0,0.0,0.0
300,view,normal_B,train,eval,25472,scene_0099,128,0.009362027049064636,0.003336056135594845,0.017465680837631226,0.010332221165299416,0.004215053748339415,-0.001107503892853856,0.4557635530022995,0.4271181275972674,1.067211262612882,0.00414626207202673,0.24368146061897278,0.0,7.080938667058945e-05,-0.00016536354087293148,5.738809704780579e-06,-8.192937821149826e-05,0.00011213822290301323,-0.00021835637744516134,0.00016508437594864311,0.010459432942408864,-0.02642465770585778,-5.9262849390506744e-05,-2.491474151611328e-05,0.0,0.0,0.0,0.0,0.0,0.0,0.0,0.0,0.0,0.0,0.0,0.0,0.0
300,view,normal_B,validation_test_seen,eval,128,scene_0100,128,0.005239570513367653,-0.0017324602231383324,0.009616116061806679,-0.003899741917848587,0.003467341186478734,-0.0008548452169634402,0.6107149211060072,0.5041428045959591,1.208128842427213,0.0026242861058562994,0.24452432990074158,0.0,4.118913784623146e-05,-0.000310760922729969,-9.650550782680511e-05,-0.0004199240356683731,9.694742038846016e-05,-0.0002665565116330981,0.008128814517179284,0.004841764661392023,0.004434072794023525,7.608672603964806e-06,-5.072355270385742e-05,0.0,0.0,0.0,0.0,0.0,0.0,0.0,0.0,0.0,0.0,0.0,0.0,0.0
300,view,normal_B,validation_test_seen,eval,384,scene_0101,128,0.004938916768878698,-0.001607729122042656,0.009111925028264523,-0.004258869681507349,0.0028748062904924154,-0.0002963864535558969,0.6380007859757019,0.545616660026733,1.1570189796099313,0.0025519458577036858,0.24414418637752533,0.0,0.00012123025953769684,-0.0003458830760791898,0.0003514643758535385,-0.0006042423192411661,7.347669452428818e-06,-0.0002180899609811604,0.009364588194043733,0.002754165477948045,0.011095398128118772,2.3955712094902992e-05,-6.614625453948975e-05,0.0,0.0,0.0,0.0,0.0,0.0,0.0,0.0,0.0,0.0,0.0,0.0,0.0
300,view,normal_B,validation_test_seen,eval,640,scene_0102,128,0.008306474424898624,0.0013076190371066332,0.02419445849955082,0.009538212791085243,0.003261766629293561,-0.0013057352043688297,0.2625619019021784,0.27583952889119934,0.9478672440957957,0.004214770160615444,0.2449502795934677,0.0,4.498753696680069e-05,-0.00020822766236960888,-8.315593004226685e-05,-0.00013423338532447815,8.567329496145248e-05,-0.00023172213695943356,0.005304770729573249,0.00749741663854514,-0.00688406051637791,-1.1214055120944977e-05,-3.17990779876709e-05,0.0,0.0,0.0,0.0,0.0,0.0,0.0,0.0,0.0,0.0,0.0,0.0,0.0
300,view,normal_B,validation_test_seen,eval,896,scene_0103,128,0.00660350825637579,-0.0016048579709604383,0.013544711284339428,-0.002131860936060548,0.004027647897601128,-0.001409288845025003,0.5314577828503191,0.5900521277527089,0.9007293031520371,0.004447057377547026,0.2442651391029358,0.0,7.273722440004349e-05,-0.00024868431501090527,-0.00020294636487960815,-0.0001836465671658516,0.0001750420778989792,-0.00027281977236270905,0.010123797707662585,0.009318300949785474,0.0030209638374041337,-8.887145668268204e-06,-4.106760025024414e-05,0.0,0.0,0.0,0.0,0.0,0.0,0.0,0.0,0.0,0.0,0.0,0.0,0.0
300,view,normal_B,validation_test_seen,eval,1152,scene_0104,128,0.005093827843666077,-0.0030629714019596577,0.009834916330873966,-0.0063631776720285416,0.003415775252506137,-0.0018949019722640514,0.35648794730004274,0.46323092833586105,0.7639098983984508,0.002796849701553583,0.24466834962368011,0.0,0.0001450725831091404,-0.00030668056569993496,5.950499325990677e-05,-0.00031606247648596764,0.0001753594260662794,-0.0003033600514754653,0.017386584780030134,0.015471612762986642,0.012586987750774159,-1.428951509296894e-05,-4.744529724121094e-05,0.0,0.0,0.0,0.0,0.0,0.0,0.0,0.0,0.0,0.0,0.0,0.0,0.0
300,view,normal_B,validation_test_seen,eval,1408,scene_0105,128,0.007602901663631201,-0.0018937410786747932,0.014658957719802856,0.0033952316734939814,0.004939263686537743,-0.0038903099484741688,0.49752073002181785,0.48165926422115135,1.0338726855230396,0.004283897113054991,0.24438032507896423,0.0,0.0001366608776152134,-0.0002480573020875454,-5.6881457567214966e-05,-0.00022590369917452335,0.00020972080528736115,-0.0002564201131463051,0.006195495878588142,0.005780539492878267,0.000598263302326707,-1.3488344848155975e-05,-4.240870475769043e-05,0.0,0.0,0.0,0.0,0.0,0.0,0.0,0.0,0.0,0.0,0.0,0.0,0.0
300,view,normal_B,validation_test_seen,eval,1664,scene_0106,128,0.007342795841395855,0.0016761746956035495,0.009790750220417976,0.004139671567827463,0.0049897790886461735,-0.0006917825667187572,0.696716238518768,0.6013927904636203,1.1460334997400958,0.0024292096495628357,0.24264304339885712,0.0,-0.00010391417890787125,-0.0004420116310939193,-0.00021213851869106293,-0.0006503509357571602,1.150183379650116e-07,-0.00024175172438845038,0.017402091345015913,0.005487795885356417,0.018398854939648546,2.2131018340587616e-05,-8.869171142578125e-05,0.0,0.0,0.0,0.0,0.0,0.0,0.0,0.0,0.0,0.0,0.0,0.0,0.0
300,view,normal_B,validation_test_seen,eval,1920,scene_0107,128,0.01514097023755312,0.007755313068628311,0.038777172565460205,0.025554485619068146,0.0034702809061855078,-0.0010332664242014289,0.39532473940842205,0.39136451315899473,1.0159936221098231,0.004801848903298378,0.2436700016260147,0.0,6.237532943487167e-05,-0.00022910535335540771,0.00013156980276107788,-0.00014001689851284027,2.8209993615746498e-05,-0.0002730926498770714,0.004045056372281475,0.003219863750664742,0.001859360131954757,1.1187046766281128e-05,-3.771483898162842e-05,0.0,0.0,0.0,0.0,0.0,0.0,0.0,0.0,0.0,0.0,0.0,0.0,0.0
300,view,normal_B,validation_test_seen,eval,2176,scene_0108,128,0.008493694476783276,-0.002639412647113204,0.014195622876286507,-0.005859194323420525,0.004525466356426477,-0.00039862131234258413,0.6494757255317216,0.48127312133710015,1.3527112287714667,0.003693638602271676,0.24291813373565674,0.0,-1.9399449229240417e-05,-0.00029671285301446915,-5.392357707023621e-06,-0.0003562183119356632,-2.91457399725914e-05,-0.00025530028506182134,0.008098905056377781,0.0037717259462594632,0.006449134669695766,3.787735477089882e-05,-4.486739635467529e-05,0.0,0.0,0.0,0.0,0.0,0.0,0.0,0.0,0.0,0.0,0.0,0.0,0.0
300,view,normal_B,validation_test_seen,eval,2432,scene_0109,128,0.014076214283704758,0.007134231738746166,0.0252214465290308,0.01527494564652443,0.004925361834466457,0.000450255029136315,0.3090403955015022,0.4023367005568294,0.7606993735764394,0.0035601959098130465,0.24378827214241028,0.0,4.549790173768997e-05,-0.00024746498093008995,1.85500830411911e-05,-0.0002018837258219719,6.762240082025528e-05,-0.00028489119722507894,0.01017535825461513,0.01308203112019457,0.00017424040739144608,-2.505490556359291e-05,-3.7297606468200684e-05,0.0,0.0,0.0,0.0,0.0,0.0,0.0,0.0,0.0,0.0,0.0,0.0,0.0
300,view,normal_B,validation_test_seen,eval,2688,scene_0110,128,0.00948142260313034,-0.00012434611562639475,0.018716031685471535,0.002278723753988743,0.00465270085260272,-0.0013808967778459191,0.3205462077243658,0.3091310868744086,1.0378426267447747,0.003930547274649143,0.24382038414478302,0.0,-6.446614861488342e-06,-0.00020446444250410423,-5.145929753780365e-05,-0.00014849752187728882,1.7090700566768646e-05,-0.00023372890427708626,0.006481860721067267,0.00637051695720664,-0.000290745225152822,-7.765833288431168e-06,-2.612173557281494e-05,0.0,0.0,0.0,0.0,0.0,0.0,0.0,0.0,0.0,0.0,0.0,0.0,0.0
300,view,normal_B,validation_test_seen,eval,2944,scene_0111,128,0.006085344590246677,0.0030255834572017193,0.009499398991465569,0.00636408943682909,0.003557087853550911,0.0005532738869078457,0.3576634517304418,0.44517090790944797,0.8011543583099403,0.002639234997332096,0.24422883987426758,0.0,-8.002482354640961e-05,-0.00022404245100915432,-0.00012401770800352097,-0.00015962962061166763,-4.7446927055716515e-05,-0.0002717430470511317,0.0015739619210578537,-0.0016096222815054073,0.006340284814156605,1.4759600162506104e-05,-3.2588839530944824e-05,0.0,0.0,0.0,0.0,0.0,0.0,0.0,0.0,0.0,0.0,0.0,0.0,0.0
300,view,normal_B,validation_test_seen,eval,3200,scene_0112,128,0.006505646742880344,-2.6601383069646545e-05,0.009010981768369675,-0.0011350831482559443,0.005209835711866617,0.0005467277951538563,0.6393793037961532,0.568138208881596,1.1254312536673083,0.004265785217285156,0.24401240050792694,0.0,-1.6363337635993958e-05,-0.0003277243104093941,-9.338371455669403e-06,-0.0004039223422296345,-1.9997358322143555e-05,-0.0002883130218833685,0.01091088156635589,0.007487589203008405,0.0044642032334751836,4.075933247804642e-06,-5.46872615814209e-05,0.0,0.0,0.0,0.0,0.0,0.0,0.0,0.0,0.0,0.0,0.0,0.0,0.0
300,view,normal_B,validation_test_seen,eval,3456,scene_0113,128,0.009071866981685162,-0.004835729021579027,0.018262891098856926,-0.010430716909468174,0.004436709452420473,-0.0020141007844358683,0.3670113329738967,0.2865802074492226,1.2806769366413642,0.0050193388015031815,0.24282383918762207,0.0,8.894503116607666e-05,-0.00026327092200517654,5.878321826457977e-05,-0.0003132373094558716,0.00010415492579340935,-0.00023807166144251823,0.010596299446813728,0.009355282865678771,-0.005103675371573191,-1.1492520570755005e-06,-5.124509334564209e-05,0.0,0.0,0.0,0.0,0.0,0.0,0.0,0.0,0.0,0.0,0.0,0.0,0.0
300,view,normal_B,validation_test_seen,eval,3712,scene_0114,128,0.010233402252197266,0.00142466532997787,0.024403395131230354,0.008925413712859154,0.004303119145333767,-0.0017144724261015654,0.45737154084306364,0.4870313970226209,0.9403907088930945,0.004750029183924198,0.24410124123096466,0.0,3.0372291803359985e-05,-0.00028601905796676874,-0.0002102963626384735,-0.0002654939889907837,0.00013109343126416206,-0.0002946091117337346,0.006974290119045712,0.00599255098625906,0.0030048314957349387,-2.5015324354171753e-06,-4.507601261138916e-05,0.0,0.0,0.0,0.0,0.0,0.0,0.0,0.0,0.0,0.0,0.0,0.0,0.0
300,view,normal_B,validation_test_seen,eval,3968,scene_0115,128,0.011626249179244041,0.00424680532887578,0.03575584664940834,0.02144990861415863,0.003377357264980674,-0.001634208019822836,0.14388808717501247,0.2044929735326302,0.7038724928512586,0.004410412162542343,0.24466125667095184,0.0,0.00014945585280656815,-0.00023289816454052925,3.253668546676636e-05,-5.6702643632888794e-05,0.00018942495808005333,-0.0002931279595941305,0.004815943632014402,0.008854211599216927,-0.007339797193832154,-2.6771798729896545e-05,-3.643333911895752e-05,0.0,0.0,0.0,0.0,0.0,0.0,0.0,0.0,0.0,0.0,0.0,0.0,0.0
300,view,normal_B,validation_test_seen,eval,4224,scene_0116,128,0.01518496684730053,0.010860386304557323,0.035509251058101654,0.030862057581543922,0.004566269926726818,0.0004102448292542249,0.2314847505253395,0.21685566039075135,1.0699168960770027,0.004694742150604725,0.24378210306167603,0.0,-7.222592830657959e-05,-0.00031827203929424286,-0.00037553533911705017,-0.0004757475107908249,8.624047040939331e-05,-0.00023599257110618055,0.00756415761608914,0.006956273967866244,0.0005089199255379206,7.175374776124954e-06,-6.458163261413574e-05,0.0,0.0,0.0,0.0,0.0,0.0,0.0,0.0,0.0,0.0,0.0,0.0,0.0
300,view,normal_B,validation_test_seen,eval,4480,scene_0117,128,0.005085358861833811,0.0011347898980602622,0.010865136049687862,0.00436474708840251,0.0029584518633782864,-5.380590300774202e-05,0.7246516852316927,0.5590338530589646,1.2906529363569548,0.0029862206429243088,0.2446339875459671,0.0,-4.3171923607587814e-05,-0.00029024051036685705,-0.0003561815246939659,-0.00033413898199796677,7.201312109827995e-05,-0.000274086334684398,0.01845282623271438,0.011822585448491463,0.005462441153190278,1.5585683286190033e-06,-4.9367547035217285e-05,0.0,0.0,0.0,0.0,0.0,0.0,0.0,0.0,0.0,0.0,0.0,0.0,0.0
300,view,normal_B,validation_test_seen,eval,4736,scene_0118,128,0.005964828189462423,-0.0011651446111500263,0.011132166720926762,-0.0037245803978294134,0.003474620170891285,6.828125333413482e-05,0.5110507771456138,0.45052088605396473,1.1145108535336885,0.003017399925738573,0.2437300831079483,0.0,2.764211967587471e-05,-0.00039399153320118785,5.5664218962192535e-05,-0.000691655557602644,1.4138640835881233e-05,-0.00025054349680431187,0.014950511153714097,0.007448969286034279,0.014879645436550515,1.9026920199394226e-05,-8.122622966766357e-05,0.0,0.0,0.0,0.0,0.0,0.0,0.0,0.0,0.0,0.0,0.0,0.0,0.0
300,view,normal_B,validation_test_seen,eval,4992,scene_0119,128,0.011632280424237251,0.0016811775276437402,0.02370809018611908,0.004498156253248453,0.005064551718533039,0.00014909348101355135,0.23527178062352824,0.21177964859818763,1.1043454480661425,0.004860398825258017,0.24348390102386475,0.0,-6.150733679533005e-05,-0.00017370341811329126,-1.5500932931900024e-05,-8.262228220701218e-05,-8.653104305267334e-05,-0.00022324032033793628,0.003217309980096811,0.002442596267721836,0.0031515436463398494,2.5295186787843704e-05,-2.168118953704834e-05,0.0,0.0,0.0,0.0,0.0,0.0,0.0,0.0,0.0,0.0,0.0,0.0,0.0
300,view,normal_B,validation_test_seen,eval,5248,scene_0120,128,0.006716814823448658,-0.0008554617525078356,0.014000538736581802,-0.0020544363651424646,0.00344301899895072,-0.0003165615489706397,0.5245053560762809,0.36273246675303333,1.4438660399872327,0.004779887851327658,0.2440633773803711,0.0,4.4700223952531815e-05,-0.00020926084835082293,-9.102188050746918e-05,-7.767998613417149e-05,0.00010570324957370758,-0.0002684018872969318,0.002496746924734672,0.00353413267923125,-0.007825690072573499,1.0660383850336075e-05,-3.0338764190673828e-05,0.0,0.0,0.0,0.0,0.0,0.0,0.0,0.0,0.0,0.0,0.0,0.0,0.0
300,view,normal_B,validation_test_seen,eval,5504,scene_0121,128,0.008200973272323608,0.0030734208412468433,0.016606532037258148,0.009971357882022858,0.003821791848167777,-0.0005203093751333654,0.3927344996875847,0.3516989469683488,1.1199776202563425,0.003813676768913865,0.24425995349884033,0.0,4.003383219242096e-05,-0.000291336327791214,-1.9477680325508118e-05,-0.0002925768494606018,7.103732787072659e-05,-0.0002906890294980258,0.008014119149836296,0.008500960619103992,-0.003992161481842782,-1.473771408200264e-05,-4.9948692321777344e-05,0.0,0.0,0.0,0.0,0.0,0.0,0.0,0.0,0.0,0.0,0.0,0.0,0.0
300,view,normal_B,validation_test_seen,eval,5760,scene_0122,128,0.005664195865392685,0.001588367624208331,0.008030030876398087,0.0032121469266712666,0.004149831365793943,0.0005489905015565455,0.6378223966855832,0.6331773738861656,1.0052080927143916,0.002482104580849409,0.24247758090496063,0.0,-0.00017125019803643227,-0.0004474031738936901,-0.00042356178164482117,-0.0007634200155735016,-9.74675640463829e-06,-0.0002451217151246965,0.008994769123471746,0.0057112343378465935,0.005184442538463507,1.0278774425387383e-05,-9.222328662872314e-05,0.0,0.0,0.0,0.0,0.0,0.0,0.0,0.0,0.0,0.0,0.0,0.0,0.0
300,view,normal_B,validation_test_seen,eval,6016,scene_0123,128,0.012611504644155502,0.007147564552724361,0.028653329238295555,0.019945573061704636,0.0035608692560344934,-7.29415041860193e-05,0.5176920689777899,0.6371159927487924,0.8137704968916062,0.004274701699614525,0.24380305409431458,0.0,-5.715526640415192e-06,-0.00023097731173038483,-0.00012685172259807587,-0.0001988336443901062,6.262748502194881e-05,-0.00024911214131861925,0.006911423994412025,0.006608931990488509,0.00216726912525278,-2.3886095732450485e-05,-3.857910633087158e-05,0.0,0.0,0.0,0.0,0.0,0.0,0.0,0.0,0.0,0.0,0.0,0.0,0.0
300,view,normal_B,validation_test_seen,eval,6272,scene_0124,128,0.007435075473040342,-0.0005269914981909096,0.013695972040295601,0.0005043222336098552,0.003920132759958506,-0.0011059835087507963,0.44535699913507,0.41723594041455964,1.0746475143363456,0.0041352189145982265,0.24390141665935516,0.0,-5.70882111787796e-05,-0.00022459289175458252,-0.00022118259221315384,-0.00015562603948637843,3.503751941025257e-05,-0.00026331149274483323,0.0022432159410055164,0.0038165709401535852,-0.004304481580060582,3.755558282136917e-06,-3.069639205932617e-05,0.0,0.0,0.0,0.0,0.0,0.0,0.0,0.0,0.0,0.0,0.0,0.0,0.0
300,view,normal_B,validation_test_seen,eval,6528,scene_0125,128,0.01822134293615818,0.014296932145953178,0.05085068568587303,0.046370528638362885,0.0038961730897426605,0.00021575030405074358,0.2944467141409042,0.4022796825781742,0.7280221264088078,0.0046706125140190125,0.2443561553955078,0.0,2.3789703845977783e-05,-0.0003069555386900902,-0.00017313286662101746,-0.0003166794776916504,0.00011024298146367073,-0.00030268420232459903,0.004181357086448956,0.0018026319492200349,0.00717067104630964,1.491466537117958e-05,-5.269050598144531e-05,0.0,0.0,0.0,0.0,0.0,0.0,0.0,0.0,0.0,0.0,0.0,0.0,0.0
300,view,normal_B,validation_test_seen,eval,6784,scene_0126,128,0.0053260368295013905,-0.0006602400681003928,0.010731378570199013,-0.000922022620216012,0.0029922188259661198,-0.0005472124321386218,0.6442511505360412,0.5550627643950838,1.166508010290225,0.003195391967892647,0.24445050954818726,0.0,2.0353589206933975e-05,-0.00029951881151646376,-0.00015240535140037537,-0.0003458806313574314,9.494391269981861e-05,-0.00027950172079727054,0.007839924647064844,0.0037087499592950435,0.00686018952009837,2.1487008780241013e-05,-4.5999884605407715e-05,0.0,0.0,0.0,0.0,0.0,0.0,0.0,0.0,0.0,0.0,0.0,0.0,0.0
300,view,normal_B,validation_test_seen,eval,7040,scene_0127,128,0.008164988830685616,-0.002269301563501358,0.022301483899354935,-0.00398465758189559,0.004331706557422876,-0.0018041617004200816,0.36641757535389435,0.30044954284930325,1.1864504606603963,0.004923403263092041,0.24415086209774017,0.0,6.74072653055191e-05,-0.00023969984613358974,-0.00017962977290153503,-8.644722402095795e-05,0.000134393572807312,-0.0002812558086588979,0.008405124499977379,0.00682213771416923,0.001660855776842718,-1.2835953384637833e-05,-2.199411392211914e-05,0.0,0.0,0.0,0.0,0.0,0.0,0.0,0.0,0.0,0.0,0.0,0.0,0.0
300,view,normal_B,validation_test_seen,eval,7296,scene_0128,128,0.007778442930430174,0.002857629209756851,0.017460394650697708,0.010543144308030605,0.003514495911076665,-0.0005270839319564402,0.37720340676627717,0.36205044202239267,1.0414260343399788,0.0034936575684696436,0.24435248970985413,0.0,-7.910700514912605e-05,-0.00034954771399497986,-0.00032624974846839905,-0.0005742013454437256,2.9734335839748383e-05,-0.0002506090677343309,0.012443657356559834,0.009641393726099845,0.006955615560783057,1.9219471141695976e-05,-6.507337093353271e-05,0.0,0.0,0.0,0.0,0.0,0.0,0.0,0.0,0.0,0.0,0.0,0.0,0.0
300,view,normal_B,validation_test_seen,eval,7552,scene_0129,128,0.004882908891886473,-0.0010320956353098154,0.007371919229626656,-0.0015125568024814129,0.0038310561794787645,-0.0008290532859973609,0.7652075197200779,0.6090899477707561,1.2515082241302868,0.0021173604764044285,0.24435321986675262,0.0,9.847292676568031e-05,-0.000388739921618253,9.62275080382824e-05,-0.0006122703780420125,9.942217729985714e-05,-0.0002942762221209705,0.018069347160584504,0.004104771681690544,0.021271147009576996,2.9280781745910645e-05,-5.961954593658447e-05,0.0,0.0,0.0,0.0,0.0,0.0,0.0,0.0,0.0,0.0,0.0,0.0,0.0
300,view,normal_B,validation_test_seen,eval,192,scene_0100,192,0.007517262361943722,0.0004181578115094453,0.012931358069181442,-0.0002872413897421211,0.005481676664203405,0.0006833728402853012,0.5154827508046996,0.47084038031212233,1.0241947251315608,0.00335488049313426,0.2406913787126541,0.0,0.00010495539754629135,-0.00043635108158923686,0.00016737636178731918,-0.0005705580115318298,8.148513734340668e-05,-0.00038589234463870525,0.008345795747534135,0.005741327890011916,0.005855033716236857,2.3641623556613922e-06,-6.298720836639404e-05,0.0,0.0,0.0,0.0,0.0,0.0,0.0,0.0,0.0,0.0,0.0,0.0,0.0
300,view,normal_B,validation_test_seen,eval,7616,scene_0129,192,0.006635920610278845,-0.0013608866138383746,0.01046728529036045,-0.005151600111275911,0.005074908956885338,0.00018356255895923823,0.6947435493407202,0.43168865763276704,1.539403886641213,0.003138994798064232,0.24071264266967773,0.0,0.00013383664190769196,-0.00046821223804727197,0.0003112396225333214,-0.0006372942589223385,6.155809387564659e-05,-0.00039932325307745486,0.01926249687253534,0.009432660799736925,0.011966629130040873,1.5142606571316719e-05,-7.75754451751709e-05,0.0,0.0,0.0,0.0,0.0,0.0,0.0,0.0,0.0,0.0,0.0,0.0,0.0
300,view,remove_fixed_clip,train,eval,128,scene_0000,128,0.005464652553200722,-0.00016633732593618333,0.006425763014703989,0.0014706775546073914,0.004535570275038481,-0.0017487979494035244,0.6389957396332909,0.6450622939450055,0.9870542021114496,0.002290233038365841,0.24390661716461182,0.0,-6.752973422408104e-05,-0.0002773907981463708,-0.00018000463023781776,-0.0003280902747064829,4.119519144296646e-05,-0.00022838066797703505,0.0038653569660873632,0.0036639154623210324,0.0003948102868500669,-3.28943133354187e-06,-3.392994403839111e-05,0.0,-1.3564713299274445e-05,0.00011998647823929787,6.571784615516663e-05,0.00018725357949733734,-9.020650759339333e-05,5.49613032490015e-05,-0.003290500758546311,-0.0009263821479371659,-0.0036830458828199797,-4.432164132595062e-06,2.9414892196655273e-05,0.0
300,view,remove_fixed_clip,train,eval,1664,scene_0006,128,0.011260207742452621,0.005927111953496933,0.028068197891116142,0.022797418758273125,0.003585290862247348,-0.0017762579955160618,0.3182444528020276,0.37053306757702337,0.8577573707104882,0.0038611567579209805,0.2439262866973877,0.0,3.744009882211685e-05,-0.00017875805497169495,1.5541911125183105e-05,-0.00012671016156673431,4.7437846660614014e-05,-0.00020252412650734186,0.00657540772206705,0.004813963325966397,0.006862609247032414,1.627090387046337e-05,-2.0682811737060547e-05,0.0,-1.8085353076457977e-05,0.00010549603030085564,8.318573236465454e-05,0.00027225911617279053,-6.43290113657713e-05,2.934900112450123e-05,-0.0015366354755390055,0.00011434318291148049,-0.0043725418032023455,-1.1952593922615051e-05,2.950429916381836e-05,0.0
300,view,remove_fixed_clip,train,eval,3456,scene_0013,128,0.02492360770702362,0.02122793160378933,0.05169224366545677,0.04846598207950592,0.0032911228481680155,-0.0007838915917091072,0.17271744488389046,0.13679399402561615,1.2181467643761204,0.004909020848572254,0.24334709346294403,0.0,6.914511322975159e-05,-7.553212344646454e-05,9.671971201896667e-05,0.00010483711957931519,4.686135798692703e-05,-0.00022128946147859097,0.003771688366846937,0.003634563824506165,-0.005056732435838152,-5.704816430807114e-06,1.6391277313232422e-07,0.0,2.92360782623291e-05,0.0001306384801864624,0.00015719234943389893,0.00024688616394996643,-7.417239248752594e-05,3.6697660107165575e-05,-0.0019854586506635186,-0.0014850004816136242,-0.001460756652788664,-2.4954788386821747e-06,3.0517578125e-05,0.0
300,view,remove_fixed_clip,train,eval,4992,scene_0019,128,0.00914018414914608,0.001445024274289608,0.022639267146587372,0.008457191288471222,0.0035477178171277046,-0.0014600107679143548,0.21593861343112225,0.24187797941137248,0.9019964803738777,0.005336899310350418,0.24371345341205597,0.0,7.4338167905807495e-06,-0.0001449814299121499,-0.00012184679508209229,-1.9609928131103516e-05,6.0992082580924034e-05,-0.00019692117348313332,0.007658318602081132,0.007319006704084752,0.004219705736150048,-6.707385182380676e-06,-1.7344951629638672e-05,0.0,-5.1031820476055145e-05,0.00011226150672882795,5.2677467465400696e-05,0.0002732807770371437,-9.399699047207832e-05,4.555354826152325e-05,-0.0007985099573729337,-0.00023941393802695554,-0.0023254585667507044,-8.834991604089737e-06,3.0234456062316895e-05,0.0
300,view,remove_fixed_clip,train,eval,6784,scene_0026,128,0.005435721017420292,-9.343435522168875e-05,0.00896123331040144,0.0025706798769533634,0.0034029704984277487,-0.001629517413675785,0.6430417160979243,0.7245519294482011,0.8839087915729505,0.002651479095220566,0.24428419768810272,0.0,-8.532358333468437e-05,-0.00021313989418558776,-0.00021742656826972961,-0.0002435450442135334,-9.154900908470154e-06,-0.0001956089399755001,0.008985532414816033,0.0068708238884093165,0.004039270630729397,-2.9097776859998703e-05,-2.5972723960876465e-05,0.0,-2.2656284272670746e-05,8.518378308508545e-05,6.398092955350876e-05,0.00018580746836960316,-7.261009886860847e-05,2.7165981009602547e-05,-0.0031991162661185735,-0.0007118433160916426,-0.0035468265103952845,-2.9460061341524124e-06,2.516806125640869e-05,0.0
300,view,remove_fixed_clip,train,eval,8576,scene_0033,128,0.012476104311645031,0.0036806133575737476,0.028341567143797874,0.014075140468776226,0.00428135646507144,-0.0016883163480088115,0.4258650050753517,0.48204281168191804,0.8860821713816411,0.004228014498949051,0.24317114055156708,0.0,-5.398597568273544e-05,-0.00030771829187870026,-0.00020954571664333344,-0.0004239669069647789,2.636481076478958e-05,-0.0002476748777553439,0.01059931774449624,0.007455040511490596,0.008699125814379371,9.105540812015533e-06,-3.863871097564697e-05,0.0,-2.884306013584137e-05,0.00011230958625674248,8.383020758628845e-05,0.0002677040174603462,-8.703954517841339e-05,3.2044597901403904e-05,-0.0019611943889751293,-0.0003674452068019307,-0.0033781214248789215,-8.501578122377396e-06,3.272294998168945e-05,0.0
300,view,remove_fixed_clip,train,eval,10112,scene_0039,128,0.011686870828270912,0.006947013083845377,0.023741092532873154,0.01947355829179287,0.0037382307928055525,-0.0013130841543897986,0.44282438079673087,0.5543918544443561,0.7998004789296483,0.0036473707295954227,0.2439521998167038,0.0,-6.188172847032547e-05,-0.00025981292128562927,-0.00021783821284770966,-0.00032139942049980164,4.0957704186439514e-05,-0.00021920492872595787,0.008244600099339805,0.008526320295612955,0.002700135870651321,-1.7897458747029305e-05,-3.834068775177002e-05,0.0,6.000511348247528e-06,0.00012228311970829964,0.00016855821013450623,0.0002292841672897339,-0.00010118680074810982,5.1724608056247234e-05,-0.0016809772228894015,0.00014791960387228187,-0.0032362434511197247,-8.436385542154312e-06,2.9966235160827637e-05,0.0
300,view,remove_fixed_clip,train,eval,11904,scene_0046,128,0.006015853490680456,-0.00022316593094728887,0.011969792656600475,0.0025684316642582417,0.003359120571985841,-0.0014688161900267005,0.4291864378391816,0.39302172139518293,1.0924697540813635,0.0033467458561062813,0.24395498633384705,0.0,7.298402488231659e-05,-0.00017788787954486907,0.00010600592941045761,-4.098680801689625e-05,5.824794061481953e-05,-0.00023897492792457342,0.014975075578018915,0.0120665192210207,0.004816031291170031,6.427988409996033e-06,-1.977384090423584e-05,0.0,-6.571691483259201e-05,0.00011613286915235221,1.193024218082428e-05,0.00027617067098617554,-0.00010036583989858627,4.472199361771345e-05,-0.0018670658146642816,7.047900201895274e-05,-0.004916378172249436,-1.2813834473490715e-05,2.893805503845215e-05,0.0
300,view,remove_fixed_clip,train,eval,13440,scene_0052,128,0.0054083759896457195,0.00020574056543409824,0.007547054439783096,0.0019810686353594065,0.0036274937447160482,-0.001272577908821404,0.516328857548692,0.504154235126187,1.0161893721563358,0.0024485341273248196,0.24323807656764984,0.0,-0.00016432860866189003,-0.0002289812546223402,-0.00034227408468723297,-0.00026129535399377346,-1.6155419871211052e-05,-0.00020207336638122797,0.006017306972282421,0.0012312323402420278,0.009190983079291115,1.912284642457962e-05,-3.387033939361572e-05,0.0,2.7150847017765045e-05,0.00014467812434304506,0.00015378138050436974,0.00028060167096555233,-7.829605601727962e-05,3.149441909044981e-05,-0.002219652591674781,0.00039721520169588853,-0.005223499453656855,-9.167473763227463e-06,3.5628676414489746e-05,0.0
300,view,remove_fixed_clip,train,eval,15232,scene_0059,128,0.01114970725029707,0.006482139695435762,0.01885027438402176,0.014909710735082626,0.005341700743883848,0.00012580378097482026,0.4463943471819142,0.591745554498875,0.7510069959821094,0.003126351861283183,0.2425885647535324,0.0,-0.0001280149444937706,-0.00028006546199321747,-0.0002982635051012039,-0.0003149528056383133,3.9208680391311646e-07,-0.00025375300901941955,0.005943130095929117,0.004442197983891449,0.004461090753138386,4.105269908905029e-06,-4.2557716369628906e-05,0.0,5.554128438234329e-05,0.00014199689030647278,0.00021679140627384186,0.0002918178215622902,-6.607826799154282e-05,2.899832179537043e-05,-0.0028537097069015194,-0.0009787804373423414,-0.003574738136291389,-3.5811681300401688e-06,4.042685031890869e-05,0.0
300,view,remove_fixed_clip,train,eval,17024,scene_0066,128,0.00810006633400917,-0.001839688397012651,0.020227255299687386,8.49315183586441e-05,0.0037202537059783936,-0.0025347769260406494,0.4086656071800339,0.3757171991157888,1.0688230847302065,0.004557017702609301,0.24457420408725739,0.0,0.00012263283133506775,-0.0001470278948545456,-5.623325705528259e-06,6.509282684419304e-05,0.00016895169392228127,-0.00022363662719726562,0.0016731657686913648,0.004858109950335587,-0.008891273342841677,-2.9856804758310318e-05,-1.570582389831543e-05,0.0,-6.366986781358719e-05,9.362329728901386e-05,-1.2796372175216675e-05,0.00019862967019435018,-8.204556070268154e-05,5.570007488131523e-05,-0.0009326220153126896,1.805001672061657e-05,-0.0023830787130043607,-1.2706033885478973e-05,2.25752592086792e-05,0.0
300,view,remove_fixed_clip,train,eval,18560,scene_0072,128,0.007470051292330027,0.0008894050261005759,0.01509944163262844,0.005414246115833521,0.0036573540419340134,-0.0013718310510739684,0.48761630404457523,0.5229486956229267,0.9294339078327837,0.004237703513354063,0.24417181313037872,0.0,6.283959373831749e-05,-0.00012511375825852156,9.431224316358566e-05,6.07944093644619e-05,4.711095243692398e-05,-0.0002180199371650815,0.005912460430752664,0.008442215389476648,-0.003715772905919401,-2.2963155061006546e-05,-1.1146068572998047e-05,0.0,-4.4368673115968704e-05,8.752517169341445e-05,1.884903758764267e-05,0.0002070399932563305,-7.596076466143131e-05,2.7798116207122803e-05,-0.0023816985384290668,-0.0008231661690295544,-0.0031048093459354886,-5.4533593356609344e-06,2.4631619453430176e-05,0.0
300,view,remove_fixed_clip,train,eval,20352,scene_0079,128,0.011340740136802197,0.006019958294928074,0.017968222498893738,0.01228675339370966,0.004923409316688776,-4.8122848966158926e-05,0.4706951571187901,0.291777206179986,1.6085019490188164,0.003088658908382058,0.24180342257022858,0.0,-0.000108291395008564,-0.00017901789397001266,-0.0001973230391740799,-0.00023785699158906937,-2.208258956670761e-05,-0.00012204457016196102,0.008847594594565023,0.008097904873733353,-0.014701465617655396,-1.8224120140075684e-05,-3.6343932151794434e-05,0.0,5.763396620750427e-05,0.00017606141045689583,0.0002033039927482605,0.0003179386258125305,-8.341949433088303e-05,3.868214844260365e-05,-0.0013507560061296608,-0.00023238891367205472,-0.0033507550560869515,-1.1258525773882866e-05,4.659593105316162e-05,0.0
300,view,remove_fixed_clip,train,eval,21888,scene_0085,128,0.010094217024743557,-0.000500866211950779,0.01655588299036026,0.00022376187553163618,0.004743369296193123,-0.0011009246809408069,0.5972891368466364,0.5621289000402938,1.0621354120846704,0.0035579840186983347,0.24275988340377808,0.0,-0.00010996777564287186,-0.000158412178279832,-0.00022126734256744385,-0.0001395276776747778,-1.7799902707338333e-05,-0.00017405120888724923,0.00872468000224158,0.005370532491587365,0.0054313723119361335,-1.1889263987541199e-05,-1.7315149307250977e-05,0.0,-5.028676241636276e-05,0.00012126675574108958,7.487833499908447e-07,0.00019709949992829934,-9.254924952983856e-05,5.846994463354349e-05,-0.0019333638789017504,-5.839240097349485e-05,-0.003326867984725146,-7.800757884979248e-06,3.0443072319030762e-05,0.0
300,view,remove_fixed_clip,train,eval,23680,scene_0092,128,0.00601429445669055,-0.002249439712613821,0.011681480333209038,-0.0026136040687561035,0.0038393926806747913,-0.0021096840500831604,0.5415453278295893,0.4277715771772322,1.2614724251105063,0.004641102626919746,0.24412646889686584,0.0,4.898104816675186e-05,-0.00011549890041351318,-2.1282583475112915e-05,0.00012088683433830738,7.594586350023746e-05,-0.00020621682051569223,0.006624245639733406,0.006554496223262762,-0.004043179251071782,-9.130220860242844e-06,-6.8247318267822266e-06,0.0,-6.641540676355362e-05,8.462346158921719e-05,-2.48858705163002e-05,0.00020392518490552902,-8.2352664321661e-05,3.883824683725834e-05,-0.0022637537982898026,-0.0006291106500023735,-0.00346270356426448,-5.576759576797485e-06,2.446770668029785e-05,0.0
300,view,remove_fixed_clip,train,eval,25472,scene_0099,128,0.00937157217413187,0.0034642498940229416,0.017617397010326385,0.010602445341646671,0.004134302958846092,-0.001069519785232842,0.4534845103399414,0.4268348612936587,1.0625667617992824,0.004134312737733126,0.2437135875225067,0.0,8.035451173782349e-05,-3.716978244483471e-05,0.0001574549823999405,0.00018829479813575745,3.138743340969086e-05,-0.00018037226982414722,-0.002113958286409423,0.010176166638800166,-0.03106915851945735,-7.121218368411064e-05,7.212162017822266e-06,0.0,9.54512506723404e-06,0.00012819375842809677,0.0001517161726951599,0.0002702241763472557,-8.075078949332237e-05,3.798410762101412e-05,-0.002279042662358066,-0.000283266303608698,-0.0046445008135995725,-1.1949334293603897e-05,3.212690353393555e-05,0.0
300,view,remove_fixed_clip,validation_test_seen,eval,128,scene_0100,128,0.005170355085283518,-0.0016383309848606586,0.009600745514035225,-0.0036482776049524546,0.0033763207029551268,-0.0008244271739386022,0.6083697420023924,0.5033493128102403,1.2053766206449155,0.002618759870529175,0.2445502132177353,0.0,-2.8026290237903595e-05,-0.0002166316844522953,-0.00011187605559825897,-0.00016845972277224064,5.926936864852905e-06,-0.00023613846860826015,0.005783635413564414,0.0040482728756732755,0.001681851011726021,2.08243727684021e-06,-2.4840235710144043e-05,0.0,-6.921542808413506e-05,9.412923827767372e-05,-1.5370547771453857e-05,0.00025146431289613247,-9.102048352360725e-05,3.041804302483797e-05,-0.0023451791036148695,-0.0007934917857187473,-0.0027522217822975037,-5.526235327124596e-06,2.588331699371338e-05,0.0
300,view,remove_fixed_clip,validation_test_seen,eval,384,scene_0101,128,0.004852046258747578,-0.0014987402828410268,0.008982067927718163,-0.003954749554395676,0.002809199271723628,-0.0002839157823473215,0.6353692182291458,0.5465766012708428,1.150257532988299,0.0025375180412083864,0.24417656660079956,0.0,3.435974940657616e-05,-0.00023689423687756062,0.0002216072753071785,-0.00030012219212949276,-5.8259349316358566e-05,-0.00020561928977258503,0.006733020447487692,0.0037141067220578527,0.004333951506486411,9.527895599603653e-06,-3.376603126525879e-05,0.0,-8.687051013112068e-05,0.00010898883920162916,-0.00012985710054636002,0.00030412012711167336,-6.560701876878738e-05,1.2470671208575368e-05,-0.0026315677465560405,0.0009599412441098076,-0.006761446621632361,-1.442781649529934e-05,3.238022327423096e-05,0.0
300,view,remove_fixed_clip,validation_test_seen,eval,640,scene_0102,128,0.008263611234724522,0.001384266186505556,0.02423679828643799,0.009750288911163807,0.003191850846633315,-0.0012720891973003745,0.26202592402268826,0.2760619912331845,0.9451193252058119,0.00420359754934907,0.2449711263179779,0.0,2.1243467926979065e-06,-0.00013158051297068596,-4.081614315509796e-05,7.784273475408554e-05,1.575751230120659e-05,-0.00019807612989097834,0.004768792850083137,0.007719878980530281,-0.009631979406361735,-2.2386666387319565e-05,-1.0952353477478027e-05,0.0,-4.286319017410278e-05,7.664714939892292e-05,4.2339786887168884e-05,0.0002120761200785637,-6.99157826602459e-05,3.364600706845522e-05,-0.0005359778794901127,0.00022246234198514125,-0.0027479188899838247,-1.1172611266374588e-05,2.084672451019287e-05,0.0
300,view,remove_fixed_clip,validation_test_seen,eval,896,scene_0103,128,0.006558442488312721,-0.0015202781651169062,0.013603823259472847,-0.0019130371510982513,0.003943921998143196,-0.001374526764266193,0.5281938314227302,0.5889746533219496,0.8968481364058126,0.004442425910383463,0.24429017305374146,0.0,2.7671456336975098e-05,-0.00016410450916737318,-0.00014383438974618912,3.517721779644489e-05,9.131617844104767e-05,-0.000238057691603899,0.006859846280073745,0.008240826519026245,-0.0008602029088203844,-1.3518612831830978e-05,-1.6033649444580078e-05,0.0,-4.506576806306839e-05,8.457980584353209e-05,5.911197513341904e-05,0.00021882378496229649,-8.372589945793152e-05,3.476208075881004e-05,-0.0032639514275888404,-0.0010774744307592288,-0.003881166746224518,-4.631467163562775e-06,2.5033950805664062e-05,0.0
300,view,remove_fixed_clip,validation_test_seen,eval,1152,scene_0104,128,0.004998325370252132,-0.002968837972730398,0.009744630195200443,-0.0061324830166995525,0.003318426199257374,-0.0018491024384275079,0.3550545255474415,0.4629120082906651,0.7613479488479339,0.0027888212352991104,0.24469149112701416,0.0,4.957010969519615e-05,-0.00021254713647067547,-3.078114241361618e-05,-8.536782115697861e-05,7.801037281751633e-05,-0.00025756051763892174,0.015953163027428885,0.015152692717790683,0.010025038200257241,-2.2317981347441673e-05,-2.4303793907165527e-05,0.0,-9.550247341394424e-05,9.413342922925949e-05,-9.028613567352295e-05,0.00023069465532898903,-9.734905324876308e-05,4.579953383654356e-05,-0.0014334217526012494,-0.0003189200451959584,-0.0025619495505169176,-8.028466254472733e-06,2.314150333404541e-05,0.0
300,view,remove_fixed_clip,validation_test_seen,eval,1408,scene_0105,128,0.007564854808151722,-0.0017985282465815544,0.014698576182126999,0.003631806466728449,0.004871899727731943,-0.003848460502922535,0.4951033994231613,0.4810815951599934,1.0301161086006854,0.004272463731467724,0.24440528452396393,0.0,9.861402213573456e-05,-0.00015284446999430656,-1.726299524307251e-05,1.0671094059944153e-05,0.00014235684648156166,-0.00021457066759467125,0.003778165279931578,0.005202870431720297,-0.0031583136200274975,-2.4921726435422897e-05,-1.7449259757995605e-05,0.0,-3.8046855479478836e-05,9.521283209323883e-05,3.9618462324142456e-05,0.0002365747932344675,-6.736395880579948e-05,4.1849445551633835e-05,-0.002417330598656564,-0.0005776690611579705,-0.0037565769223542045,-1.1433381587266922e-05,2.4959444999694824e-05,0.0
300,view,remove_fixed_clip,validation_test_seen,eval,1664,scene_0106,128,0.007356120273470879,0.0018416601233184338,0.009895547293126583,0.0044571892358362675,0.004915176425129175,-0.0006724332342855632,0.692413843256097,0.6009801391302162,1.1396643472802592,0.0024185325019061565,0.24268613755702972,0.0,-9.05897468328476e-05,-0.000276526203379035,-0.00010734144598245621,-0.00033283326774835587,-7.448764517903328e-05,-0.00022240239195525646,0.013099696082344958,0.005075144551952349,0.012029702479811943,1.1453870683908463e-05,-4.559755325317383e-05,0.0,1.3324432075023651e-05,0.00016548542771488428,0.00010479707270860672,0.0003175176680088043,-7.460266351699829e-05,1.9349332433193922e-05,-0.004302395262670955,-0.00041265133340406823,-0.006369152459836602,-1.0677147656679153e-05,4.309415817260742e-05,0.0
300,view,remove_fixed_clip,validation_test_seen,eval,1920,scene_0107,128,0.015097849071025848,0.00788105744868517,0.038788579404354095,0.02583134174346924,0.003400233341380954,-0.0009821349522098899,0.39259777249827577,0.3903951524532356,1.0116713221135087,0.0047929068095982075,0.24370181560516357,0.0,1.9254162907600403e-05,-0.00010336097329854965,0.00014297664165496826,0.00013683922588825226,-4.183757118880749e-05,-0.00022196117788553238,0.0013180894621351857,0.002250503044905594,-0.0024629398643596367,2.244953066110611e-06,-5.900859832763672e-06,0.0,-4.312116652727127e-05,0.00012574438005685806,1.1406838893890381e-05,0.00027685612440109253,-7.004756480455399e-05,5.1131471991539e-05,-0.002726966910146289,-0.000969360705759148,-0.004322299996314394,-8.942093700170517e-06,3.1813979148864746e-05,0.0
300,view,remove_fixed_clip,validation_test_seen,eval,2176,scene_0108,128,0.008420214056968689,-0.0024905020836740732,0.014129762537777424,-0.005543883889913559,0.004446681123226881,-0.0003655160835478455,0.6449650758413616,0.4800087980443895,1.346902940582449,0.0036787823773920536,0.24295714497566223,0.0,-9.287986904382706e-05,-0.00014780228957533836,-7.125269621610641e-05,-4.0907878428697586e-05,-0.0001079309731721878,-0.0002221950562670827,0.003588255366017812,0.002507402653548818,0.0006408464806781922,2.302112989127636e-05,-5.856156349182129e-06,0.0,-7.348041981458664e-05,0.00014891056343913078,-6.58603385090828e-05,0.00031531043350696564,-7.87852331995964e-05,3.310522879473865e-05,-0.004510649690359969,-0.0012643232927106451,-0.005808288189017574,-1.485622487962246e-05,3.9011240005493164e-05,0.0
300,view,remove_fixed_clip,validation_test_seen,eval,2432,scene_0109,128,0.01403577160090208,0.007265251129865646,0.025220543146133423,0.015498600900173187,0.004852456972002983,0.0005052189226262271,0.30767918531958593,0.40200435340549495,0.7579239281057798,0.003557089949026704,0.24381619691848755,0.0,5.055218935012817e-06,-0.00011644558981060982,1.7646700143814087e-05,2.177152782678604e-05,-5.282461643218994e-06,-0.0002299273037351668,0.008814148072698869,0.012749683968860115,-0.0026012050632681083,-2.816086634993553e-05,-9.372830390930176e-06,0.0,-4.0442682802677155e-05,0.00013101939111948013,-9.033828973770142e-07,0.00022365525364875793,-7.290486246347427e-05,5.496389348991215e-05,-0.0013612101819162614,-0.0003323471513344556,-0.0027754454706595544,-3.105960786342621e-06,2.7924776077270508e-05,0.0
300,view,remove_fixed_clip,validation_test_seen,eval,2688,scene_0110,128,0.009442809037864208,-1.1372059816494584e-05,0.01872200518846512,0.002524447161704302,0.004590772092342377,-0.0013373367255553603,0.3192611618810868,0.30889587620038184,1.0344991780016046,0.003920821938663721,0.2438480257987976,0.0,-4.50601801276207e-05,-9.149038669420406e-05,-4.548579454421997e-05,9.722588583827019e-05,-4.4838059693574905e-05,-0.00019016885198652744,0.005196814877788225,0.0061353062831798755,-0.003634193968322874,-1.7491169273853302e-05,1.519918441772461e-06,0.0,-3.8613565266132355e-05,0.00011297405580990016,5.973502993583679e-06,0.000245723407715559,-6.192876026034355e-05,4.3560052290558815e-05,-0.0012850458432790424,-0.00023521067402676454,-0.003343448743170052,-9.725335985422134e-06,2.7641654014587402e-05,0.0
300,view,remove_fixed_clip,validation_test_seen,eval,2944,scene_0111,128,0.006087681744247675,0.003138001076877117,0.009575468488037586,0.0065645393915474415,0.0035048224963247776,0.0006004995084367692,0.35580284154601566,0.4451294482217224,0.7970482506408872,0.002629606518894434,0.24425402283668518,0.0,-7.768766954541206e-05,-0.00011162483133375645,-4.7948211431503296e-05,4.082033410668373e-05,-9.971228428184986e-05,-0.00022451742552220821,-0.0002866482633682721,-0.001651081969230972,0.002234177145103544,5.131121724843979e-06,-7.405877113342285e-06,0.0,2.3371540009975433e-06,0.00011241761967539787,7.606949657201767e-05,0.00020044995471835136,-5.2265357226133347e-05,4.722562152892351e-05,-0.0018606101844261258,-4.145968772556463e-05,-0.004106107669053061,-9.628478437662125e-06,2.518296241760254e-05,0.0
300,view,remove_fixed_clip,validation_test_seen,eval,3200,scene_0112,128,0.0064581106416881084,9.48580345720984e-05,0.009010087698698044,-0.0008564713643863797,0.005138177424669266,0.0005869047017768025,0.6357143627133666,0.5671608940717577,1.1209200558288328,0.004259171895682812,0.24404528737068176,0.0,-6.38994388282299e-05,-0.00020626489276764914,-1.0232441127300262e-05,-0.00012531055836007,-9.165564551949501e-05,-0.00024813611526042223,0.007245940483569302,0.00651027439317009,-4.699460500035002e-05,-2.5373883545398712e-06,-2.180039882659912e-05,0.0,-4.753610119223595e-05,0.00012145941764174495,-8.940696716308594e-07,0.00027861178386956453,-7.165828719735146e-05,4.017690662294626e-05,-0.003664941082786588,-0.0009773148098383144,-0.004511197838475534,-6.613321602344513e-06,3.288686275482178e-05,0.0
300,view,remove_fixed_clip,validation_test_seen,eval,3456,scene_0113,128,0.008993137627840042,-0.004710388835519552,0.01820954494178295,-0.010144916363060474,0.0043451786041259766,-0.0019696836825460196,0.36436658916571696,0.285082627151943,1.2780852071428812,0.005013985559344292,0.24285948276519775,0.0,1.0215677320957184e-05,-0.0001379307359457016,5.4370611906051636e-06,-2.7436763048171997e-05,1.2624077498912811e-05,-0.00019365455955266953,0.007951555638633978,0.007857702568399183,-0.007695404870056155,-6.502494215965271e-06,-1.5601515769958496e-05,0.0,-7.872935384511948e-05,0.00012534018605947495,-5.334615707397461e-05,0.0002858005464076996,-9.153084829449654e-05,4.441710188984871e-05,-0.0026447438081797503,-0.0014975802972795882,-0.002591729498482964,-5.3532421588897705e-06,3.5643577575683594e-05,0.0
300,view,remove_fixed_clip,validation_test_seen,eval,3712,scene_0114,128,0.010191872715950012,0.001528057036921382,0.024463623762130737,0.009158782660961151,0.004219003487378359,-0.0016654768260195851,0.45513295042835805,0.48643518365586214,0.9369577323824035,0.004740825854241848,0.24412751197814941,0.0,-1.1157244443893433e-05,-0.00018262735102325678,-0.00015006773173809052,-3.2125040888786316e-05,4.697777330875397e-05,-0.0002456135116517544,0.004735699704340124,0.005396337619500313,-0.0004281450149560273,-1.1704862117767334e-05,-1.8805265426635742e-05,0.0,-4.152953624725342e-05,0.00010339170694351196,6.0228630900382996e-05,0.00023336894810199738,-8.41156579554081e-05,4.899560008198023e-05,-0.002238590414705588,-0.0005962133667587466,-0.003432976510690966,-9.203329682350159e-06,2.6270747184753418e-05,0.0
300,view,remove_fixed_clip,validation_test_seen,eval,3968,scene_0115,128,0.011549304239451885,0.00435506459325552,0.03575581684708595,0.0217150691896677,0.003274117596447468,-0.001579588744789362,0.1434268794971397,0.20478857543423293,0.7005769885698563,0.004400110803544521,0.24468538165092468,0.0,7.251091301441193e-05,-0.0001246389001607895,3.250688314437866e-05,0.00020845793187618256,8.618528954684734e-05,-0.00023850868456065655,0.004354735954141625,0.009149813500819642,-0.010635301475234504,-3.707315772771835e-05,-1.2308359146118164e-05,0.0,-7.694493979215622e-05,0.00010825926437973976,-2.9802322387695312e-08,0.00026516057550907135,-0.00010323966853320599,5.461927503347397e-05,-0.00046120767787277694,0.0002956019016027156,-0.0032955042814023505,-1.0301358997821808e-05,2.4124979972839355e-05,0.0
300,view,remove_fixed_clip,validation_test_seen,eval,4224,scene_0116,128,0.015200354158878326,0.010978982783854008,0.03572696074843407,0.031140586361289024,0.004475952126085758,0.0004452830762602389,0.22978509533968847,0.2158863296113988,1.066759029964147,0.004685333464294672,0.24381303787231445,0.0,-5.6838616728782654e-05,-0.0001996755599975586,-0.00015782564878463745,-0.00019721873104572296,-4.077330231666565e-06,-0.00020095432410016656,0.0058645024304380955,0.005986943188513699,-0.0026489461873178133,-2.2333115339279175e-06,-3.364682197570801e-05,0.0,1.5387311577796936e-05,0.00011859647929668427,0.00021770969033241272,0.00027852877974510193,-9.031780064105988e-05,3.503824700601399e-05,-0.0016996551856510445,-0.0009693307793525452,-0.003157866112855734,-9.408686310052872e-06,3.0934810638427734e-05,0.0
300,view,remove_fixed_clip,validation_test_seen,eval,4480,scene_0117,128,0.005061653908342123,0.0012329249875620008,0.011013218201696873,0.004642686806619167,0.0028715303633362055,-2.183746619266458e-05,0.7216453773928457,0.5599991290598226,1.2830306887511145,0.002971285255625844,0.24466067552566528,0.0,-6.687687709927559e-05,-0.0001921054208651185,-0.0002080993726849556,-5.619926378130913e-05,-1.4908378943800926e-05,-0.00024211789786932059,0.015446518393867459,0.012787861449349514,-0.002159806452650015,-1.3376818969845772e-05,-2.2679567337036133e-05,0.0,-2.3704953491687775e-05,9.813508950173855e-05,0.00014808215200901031,0.00027793971821665764,-8.692150004208088e-05,3.196843681507744e-05,-0.003006307838846922,0.0009652760008580508,-0.007622247605840293,-1.4935387298464775e-05,2.6687979698181152e-05,0.0
300,view,remove_fixed_clip,validation_test_seen,eval,4736,scene_0118,128,0.005902610719203949,-0.001008736900985241,0.011103183962404728,-0.0032922516111284494,0.0033963846508413553,9.171892452286556e-05,0.507487181176602,0.44971020768154674,1.1080100286571197,0.0030056110117584467,0.24377474188804626,0.0,-3.457535058259964e-05,-0.00023758382303640246,2.6681460440158844e-05,-0.00025932677090168,-6.409687921404839e-05,-0.00022710582561558113,0.011386915184702306,0.006638290913616285,0.008378820559981737,7.238006219267845e-06,-3.656744956970215e-05,0.0,-6.221747025847435e-05,0.00015640771016478539,-2.898275852203369e-05,0.000432328786700964,-7.823552004992962e-05,2.3437671188730747e-05,-0.00356359596901179,-0.0008106783724179945,-0.006500824876568778,-1.1788913980126381e-05,4.4658780097961426e-05,0.0
300,view,remove_fixed_clip,validation_test_seen,eval,4992,scene_0119,128,0.011631317436695099,0.0017936938675120473,0.023809589445590973,0.004760517738759518,0.005007860250771046,0.0001801129401428625,0.2336065081986795,0.21080150918868323,1.101719328871937,0.0048480345867574215,0.2435140609741211,0.0,-6.247032433748245e-05,-6.118707824498415e-05,8.599832653999329e-05,0.00017973920330405235,-0.00014322251081466675,-0.00019222086120862514,0.0015520375552480759,0.0014644568582174444,0.0005254244521342155,1.2930948287248611e-05,8.478760719299316e-06,0.0,-9.629875421524048e-07,0.00011251633986830711,0.00010149925947189331,0.00026236148551106453,-5.669146776199341e-05,3.1019459129311144e-05,-0.001665272424848735,-0.0009781394095043916,-0.002626119194205634,-1.2364238500595093e-05,3.0159950256347656e-05,0.0
300,view,remove_fixed_clip,validation_test_seen,eval,5248,scene_0120,128,0.006637481972575188,-0.0007548514986410737,0.013973892666399479,-0.0018232400761917233,0.003340004477649927,-0.0002746456884779036,0.5223878418859653,0.3621372564631433,1.4403585748190082,0.004768864251673222,0.2440895289182663,0.0,-3.463262692093849e-05,-0.000108650594484061,-0.00011766795068979263,0.0001535163028165698,2.6887282729148865e-06,-0.00022648602680419572,0.0003792327344190882,0.0029389223893412364,-0.011333155240798032,-3.632158041000366e-07,-4.187226295471191e-06,0.0,-7.93328508734703e-05,0.00010061025386676192,-2.6646070182323456e-05,0.0002311962889507413,-0.0001030145213007927,4.19158604927361e-05,-0.0021175141903155836,-0.0005952102898900136,-0.003507465168224533,-1.1023599654436111e-05,2.6151537895202637e-05,0.0
300,view,remove_fixed_clip,validation_test_seen,eval,5504,scene_0121,128,0.008161504752933979,0.0031735512893646955,0.016647450625896454,0.010182008147239685,0.0037404450122267008,-0.00047775785787962377,0.3910343487812879,0.35115240565058103,1.1168939348759381,0.0038074753247201443,0.24428480863571167,0.0,5.653128027915955e-07,-0.00019120587967336178,2.1440908312797546e-05,-8.192658424377441e-05,-1.0309508070349693e-05,-0.00024813751224428415,0.0063139682435394695,0.007954419301336224,-0.007075846862247159,-2.0939158275723457e-05,-2.5093555450439453e-05,0.0,-3.9468519389629364e-05,0.00010013044811785221,4.0918588638305664e-05,0.0002106502652168274,-8.134683594107628e-05,4.255151725374162e-05,-0.0017001509062968267,-0.000546541317767768,-0.0030836853804043773,-6.2014441937208176e-06,2.485513687133789e-05,0.0
300,view,remove_fixed_clip,validation_test_seen,eval,5760,scene_0122,128,0.005675022955983877,0.0017391137080267072,0.008155903778970242,0.003565306542441249,0.004087017849087715,0.0005701723275706172,0.6341470035790224,0.6336758111616959,0.9986011406901018,0.0024665193632245064,0.24252241849899292,0.0,-0.00016042310744524002,-0.00029665709007531404,-0.00029768887907266617,-0.00041026039980351925,-7.256027311086655e-05,-0.0002239398891106248,0.005319376016911015,0.0062096716133769325,-0.0014225094858263398,-5.306443199515343e-06,-4.738569259643555e-05,0.0,1.0827090591192245e-05,0.00015074608381837606,0.000125872902572155,0.00035315961576998234,-6.281351670622826e-05,2.1181826014071703e-05,-0.0036753931065607315,0.000498437275530339,-0.006606952024289847,-1.5585217624902725e-05,4.48375940322876e-05,0.0
300,view,remove_fixed_clip,validation_test_seen,eval,6016,scene_0123,128,0.01258113794028759,0.00725698284804821,0.028724603354930878,0.020184068009257317,0.0034731593914330006,-3.634783570305444e-05,0.514910271567883,0.6362691483281186,0.8104803097254178,0.004272874444723129,0.24383097887039185,0.0,-3.6082230508327484e-05,-0.0001215590164065361,-5.5577605962753296e-05,3.966130316257477e-05,-2.5082379579544067e-05,-0.0002125184728356544,0.004129626584505219,0.005762087569814778,-0.001122918040935561,-2.5713350623846054e-05,-1.0654330253601074e-05,0.0,-3.0366703867912292e-05,0.00010941829532384872,7.127411663532257e-05,0.00023849494755268097,-8.770986460149288e-05,3.659366848296486e-05,-0.0027817974099068055,-0.0008468444206737313,-0.003290187166188341,-1.8272548913955688e-06,2.7924776077270508e-05,0.0
300,view,remove_fixed_clip,validation_test_seen,eval,6272,scene_0124,128,0.0074013411067426205,-0.00042515137465670705,0.013747264631092548,0.0007136329659260809,0.00383866298943758,-0.0010644786525517702,0.4429522425945689,0.4164481669206036,1.0709627609478936,0.004123856779187918,0.24392713606357574,0.0,-9.082257747650146e-05,-0.00012275276822037995,-0.00016989000141620636,5.3684692829847336e-05,-4.643225111067295e-05,-0.00022180663654580712,-0.00016154059949557986,0.003028797446197551,-0.00798923496851267,-7.606577128171921e-06,-4.976987838745117e-06,0.0,-3.373436629772186e-05,0.00010184012353420258,5.129259079694748e-05,0.00020931073231622577,-8.146977052092552e-05,4.150485619902611e-05,-0.0024047565405010962,-0.0007877734939560344,-0.003684753388452089,-1.1362135410308838e-05,2.5719404220581055e-05,0.0
300,view,remove_fixed_clip,validation_test_seen,eval,6528,scene_0125,128,0.018209781497716904,0.01440378837287426,0.05099327117204666,0.046608977019786835,0.0038169370964169502,0.0002648361842148006,0.29316591025503896,0.40211544108195435,0.7251388003504552,0.004660048522055149,0.24438200891017914,0.0,1.2228265404701233e-05,-0.00020009931176900864,-3.0547380447387695e-05,-7.82310962677002e-05,3.1006988137960434e-05,-0.000253598322160542,0.0029005532005837442,0.0016383904530001825,0.00428734498795702,4.350673407316208e-06,-2.683699131011963e-05,0.0,-1.156143844127655e-05,0.00010685622692108154,0.00014258548617362976,0.0002384483814239502,-7.92359933257103e-05,4.9085880164057016e-05,-0.0012808038858652115,-0.0001642414962198524,-0.00288332605835262,-1.0563991963863373e-05,2.5853514671325684e-05,0.0
300,view,remove_fixed_clip,validation_test_seen,eval,6784,scene_0126,128,0.005270725581794977,-0.0005793541204184294,0.01076509803533554,-0.0007306784973479807,0.0028984686359763145,-0.0005140180583111942,0.6413027734568735,0.5547623621584645,1.1618510742846062,0.00318518397398293,0.24447377026081085,0.0,-3.4957658499479294e-05,-0.0002186328638345003,-0.00011868588626384735,-0.00015453650848940015,1.1937227100133896e-06,-0.0002463073469698429,0.004891547567897114,0.003408347722675731,0.002203253514479586,1.1279014870524406e-05,-2.2739171981811523e-05,0.0,-5.531124770641327e-05,8.088594768196344e-05,3.3719465136528015e-05,0.00019134412286803126,-9.375018998980522e-05,3.3194373827427626e-05,-0.00294837707916773,-0.00030040223661931265,-0.004656936005618784,-1.0207993909716606e-05,2.326071262359619e-05,0.0
300,view,remove_fixed_clip,validation_test_seen,eval,7040,scene_0127,128,0.008083387278020382,-0.002175223082304001,0.022286657243967056,-0.0037309471517801285,0.004231998696923256,-0.0017533694626763463,0.36429305724459576,0.2995308519166988,1.1834116740736462,0.004915114492177963,0.2441757470369339,0.0,-1.4194287359714508e-05,-0.00014562136493623257,-0.00019445642828941345,0.0001672632060945034,3.4685712307691574e-05,-0.00023046357091516256,0.006280606390678789,0.005903446781564792,-0.001377930809907335,-2.112472429871559e-05,2.8908252716064453e-06,0.0,-8.160155266523361e-05,9.407848119735718e-05,-1.4826655387878418e-05,0.00025371043011546135,-9.970786049962044e-05,5.0792237743735313e-05,-0.00212451810929859,-0.0009186909326044379,-0.003038786586750053,-8.288770914077759e-06,2.4884939193725586e-05,0.0
300,view,remove_fixed_clip,validation_test_seen,eval,7296,scene_0128,128,0.007779743522405624,0.002959682373329997,0.017612243071198463,0.010820508934557438,0.0034494956489652395,-0.0005022385739721358,0.3755379436715263,0.3618626419115206,1.037373678338778,0.003479668637737632,0.2443816214799881,0.0,-7.780641317367554e-05,-0.000247494550421834,-0.00017440132796764374,-0.000296836718916893,-3.526592627167702e-05,-0.00022576370975002646,0.010778194261808982,0.009453593615227796,0.0029032595595821498,5.230540409684181e-06,-3.594160079956055e-05,0.0,1.3005919754505157e-06,0.00010205316357314587,0.0001518484205007553,0.0002773646265268326,-6.50002621114254e-05,2.4845357984304428e-05,-0.001665463094750852,-0.0001878001108720495,-0.0040523560012009074,-1.3988930732011795e-05,2.9131770133972168e-05,0.0
300,view,remove_fixed_clip,validation_test_seen,eval,7552,scene_0129,128,0.004812884144484997,-0.0009347700397484004,0.007348520681262016,-0.0012590762926265597,0.0037413272075355053,-0.0007977185305207968,0.7627324359713896,0.6096180125881303,1.2463216546027682,0.0021093222312629223,0.24438069760799408,0.0,2.8448179364204407e-05,-0.00029141432605683804,7.282895967364311e-05,-0.0003587898681871593,9.6932053565979e-06,-0.0002629414666444063,0.015594263411896181,0.004632836499064763,0.016084577482058382,2.124253660440445e-05,-3.2141804695129395e-05,0.0,-7.00247474014759e-05,9.732559556141496e-05,-2.3398548364639282e-05,0.00025348050985485315,-8.972897194325924e-05,3.133475547656417e-05,-0.0024750837486883226,0.0005280648173742186,-0.005186569527518614,-8.038245141506195e-06,2.7477741241455078e-05,0.0
300,view,remove_fixed_clip,validation_test_seen,eval,192,scene_0100,192,0.007446075789630413,0.0005188249633647501,0.01288257259875536,6.038975698174909e-05,0.005402068607509136,0.000691186694893986,0.5110075048065759,0.4694623445283603,1.0176817460706147,0.0033441719133406878,0.2407362312078476,0.0,3.3768825232982635e-05,-0.000335683929733932,0.00011859089136123657,-0.00022292686480795965,1.877080649137497e-06,-0.0003780784900300205,0.003870549749410368,0.004363292106249861,-0.0006579453447093098,-8.344417437911034e-06,-1.8134713172912598e-05,0.0,-7.118657231330872e-05,0.00010066715185530484,-4.878547042608261e-05,0.0003476311467238702,-7.960805669426918e-05,7.813854608684778e-06,-0.004475245998123767,-0.001378035783762055,-0.006512979060946167,-1.0708579793572426e-05,4.4852495193481445e-05,0.0
300,view,remove_fixed_clip,validation_test_seen,eval,7616,scene_0129,192,0.006541090551763773,-0.0012800554977729917,0.010354478843510151,-0.004886685870587826,0.004987403284758329,0.0001893929293146357,0.6913837989732285,0.43127088433913463,1.5328986998473066,0.003125119488686323,0.24075230956077576,0.0,3.900658339262009e-05,-0.000387381121981889,0.00019843317568302155,-0.00037238001823425293,-2.5947578251361847e-05,-0.0003934928827220574,0.01590274650504364,0.009014887506104519,0.005461442336134548,1.2672971934080124e-06,-3.790855407714844e-05,0.0,-9.483005851507187e-05,8.083111606538296e-05,-0.00011280644685029984,0.00026491424068808556,-8.750567212700844e-05,5.830370355397463e-06,-0.0033597503674916984,-0.00041777329363240634,-0.006505186793906326,-1.3875309377908707e-05,3.966689109802246e-05,0.0
300,view,remove_recomputed_clip,train,eval,128,scene_0000,128,0.005464466754347086,-0.00016643186972942203,0.0064257606863975525,0.0014707365771755576,0.004535207524895668,-0.0017490407917648554,0.6389891294891111,0.6450638967983484,0.9870416352057674,0.002290213480591774,0.2439066767692566,0.0,-6.771553307771683e-05,-0.0002774853419396095,-0.0001800069585442543,-0.00032803125213831663,4.083244130015373e-05,-0.00022862351033836603,0.003858746821907566,0.0036655183156639737,0.00038224338116787937,-3.308989107608795e-06,-3.387033939361572e-05,0.0,-1.3750512152910233e-05,0.00011989193444605917,6.571551784873009e-05,0.0001873126020655036,-9.056925773620605e-05,5.471846088767052e-05,-0.003297110902726108,-0.0009247792945942246,-0.0036956127885021672,-4.451721906661987e-06,2.9474496841430664e-05,0.0
300,view,remove_recomputed_clip,train,eval,1664,scene_0006,128,0.011260074563324451,0.005926997400820255,0.02806832268834114,0.022797873243689537,0.00358504056930542,-0.0017766350647434592,0.31824093265204945,0.37053277193555556,0.8577486132111866,0.0038611406926065683,0.24392636120319366,0.0,3.730691969394684e-05,-0.00017887260764837265,1.566670835018158e-05,-0.00012625567615032196,4.7187553718686104e-05,-0.0002029011957347393,0.006571887572088875,0.00481366768449859,0.006853851747730788,1.6254838556051254e-05,-2.060830593109131e-05,0.0,-1.821853220462799e-05,0.00010538147762417793,8.331052958965302e-05,0.0002727136015892029,-6.45793043076992e-05,2.8971931897103786e-05,-0.001540155625517181,0.00011404754144367368,-0.0043812993025039715,-1.1968659237027168e-05,2.9578804969787598e-05,0.0
300,view,remove_recomputed_clip,train,eval,3456,scene_0013,128,0.024923549965023994,0.021227965131402016,0.051692552864551544,0.04846645146608353,0.0032907745335251093,-0.0007842137129046023,0.17271636517818184,0.13679445537264112,1.2181349106950854,0.004909012466669083,0.24334716796875,0.0,6.908737123012543e-05,-7.549859583377838e-05,9.702891111373901e-05,0.00010530650615692139,4.6513043344020844e-05,-0.0002216115826740861,0.0037706086611383194,0.0036350251715311366,-0.005068586116873108,-5.713198333978653e-06,2.384185791015625e-07,0.0,2.9178336262702942e-05,0.00013067200779914856,0.00015750154852867126,0.00024735555052757263,-7.452070713043213e-05,3.6375538911670446e-05,-0.001986538356372136,-0.0014845391345886527,-0.0014726103338236207,-2.503860741853714e-06,3.059208393096924e-05,0.0
300,view,remove_recomputed_clip,train,eval,4992,scene_0019,128,0.009139894507825375,0.0014449938898906112,0.022639352828264236,0.008457761257886887,0.0035472724121063948,-0.001460289815440774,0.21593523979724819,0.24187617591125343,0.9019890163195868,0.005336880683898926,0.24371355772018433,0.0,7.144175469875336e-06,-0.00014501181431114674,-0.00012176111340522766,-1.9039958715438843e-05,6.054667755961418e-05,-0.00019720022100955248,0.007654944968207067,0.0073172032039657,0.004212241681859186,-6.726011633872986e-06,-1.7240643501281738e-05,0.0,-5.132146179676056e-05,0.00011223112232983112,5.276314914226532e-05,0.0002738507464528084,-9.444239549338818e-05,4.5274500735104084e-05,-0.000801883591246999,-0.0002412174381460075,-0.0023329226210415666,-8.853618055582047e-06,3.0338764190673828e-05,0.0
300,view,remove_recomputed_clip,train,eval,6784,scene_0026,128,0.005435502622276545,-9.361443517263979e-05,0.008961283601820469,0.002570908749476075,0.0034025968052446842,-0.001629933132790029,0.6430334827062518,0.7245514713833102,0.883898014006807,0.0026514723431319,0.2442842721939087,0.0,-8.55419784784317e-05,-0.0002133199741365388,-0.00021737627685070038,-0.00024331617169082165,-9.528594091534615e-06,-0.0001960246590897441,0.008977299023143592,0.0068703658235184095,0.0040284930645858585,-2.9104528948664665e-05,-2.5898218154907227e-05,0.0,-2.2874679416418076e-05,8.500370313413441e-05,6.4031220972538e-05,0.0001860363408923149,-7.298379205167294e-05,2.6750261895358562e-05,-0.0032073496577910143,-0.0007123013809825496,-0.003557604076538823,-2.9527582228183746e-06,2.524256706237793e-05,0.0
300,view,remove_recomputed_clip,train,eval,8576,scene_0033,128,0.012475858442485332,0.0036805097479373217,0.028341708704829216,0.014075582846999168,0.004280910827219486,-0.0016887020319700241,0.4258603362388765,0.48204364956294327,0.8860707207537232,0.00422799214720726,0.24317121505737305,0.0,-5.423184484243393e-05,-0.00030782190151512623,-0.00020940415561199188,-0.00042352452874183655,2.5919172912836075e-05,-0.00024806056171655655,0.010594648908021032,0.0074558783925158245,0.008687675186461408,9.083189070224762e-06,-3.8564205169677734e-05,0.0,-2.9088929295539856e-05,0.0001122059766203165,8.397176861763e-05,0.0002681463956832886,-8.74851830303669e-05,3.165891394019127e-05,-0.001965863225450337,-0.0003666073257767022,-0.0033895720527968853,-8.523929864168167e-06,3.279745578765869e-05,0.0
300,view,remove_recomputed_clip,train,eval,10112,scene_0039,128,0.011686603538691998,0.006946959998458624,0.023741301149129868,0.019473766908049583,0.003737646620720625,-0.0013133087195456028,0.44282083016207613,0.5543943643263536,0.7997902501654868,0.003647349774837494,0.24395224452018738,0.0,-6.214901804924011e-05,-0.00025986600667238235,-0.0002176295965909958,-0.00032119080424308777,4.0373532101511955e-05,-0.00021942949388176203,0.008241049464685068,0.008528830177610414,0.002689907106489753,-1.7918413504958153e-05,-3.8295984268188477e-05,0.0,5.733221769332886e-06,0.00012223003432154655,0.0001687668263912201,0.00022949278354644775,-0.00010177097283303738,5.150004290044308e-05,-0.001684527857544138,0.0001504294858697408,-0.003246472215281293,-8.45734030008316e-06,3.001093864440918e-05,0.0
300,view,remove_recomputed_clip,train,eval,11904,scene_0046,128,0.0060155149549245834,-0.0002232439728686586,0.011969790793955326,0.0025689019821584225,0.0033586332574486732,-0.0014691392425447702,0.42918425790100007,0.39302383771846877,1.092458199402802,0.003346714423969388,0.24395506083965302,0.0,7.264548912644386e-05,-0.0001779659214662388,0.00010600406676530838,-4.051649011671543e-05,5.776062607765198e-05,-0.00023929798044264317,0.014972895639837391,0.012068635544306539,0.0048044766126085214,6.39655627310276e-06,-1.96993350982666e-05,0.0,-6.605545058846474e-05,0.00011605482723098248,1.1928379535675049e-05,0.00027664098888635635,-0.00010085315443575382,4.439894109964371e-05,-0.001869245752845805,7.259532530479174e-05,-0.0049279328508109455,-1.2845266610383987e-05,2.9012560844421387e-05,0.0
300,view,remove_recomputed_clip,train,eval,13440,scene_0052,128,0.00540825305506587,0.0002057399833574891,0.007547341287136078,0.0019815240520983934,0.0036270313430577517,-0.0012729581212624907,0.5163235737217767,0.5041505758806175,1.0161863986675372,0.002448528539389372,0.243238165974617,0.0,-0.00016445154324173927,-0.00022898183669894934,-0.0003419872373342514,-0.0002608399372547865,-1.6617821529507637e-05,-0.00020245357882231474,0.006012023145367196,0.001227573094672585,0.009188009590492596,1.9117258489131927e-05,-3.378093242645264e-05,0.0,2.7027912437915802e-05,0.00014467754226643592,0.0001540682278573513,0.0002810570877045393,-7.875845767557621e-05,3.111420664936304e-05,-0.0022249364185900067,0.00039355595612644567,-0.0052264729424553735,-9.173061698675156e-06,3.571808338165283e-05,0.0
300,view,remove_recomputed_clip,train,eval,15232,scene_0059,128,0.01114968303591013,0.0064821308478713036,0.01885072886943817,0.014910274185240269,0.0053413123823702335,0.00012536368740256876,0.44639009791034334,0.5917451953895337,0.7510001877732567,0.0031263567507267,0.24258865416049957,0.0,-0.0001280391588807106,-0.0002800743095576763,-0.00029780901968479156,-0.00031438935548067093,3.725290298461914e-09,-0.00025419310259167105,0.005938880824358284,0.004441838874550186,0.004454282544285704,4.1101593524217606e-06,-4.246830940246582e-05,0.0,5.551706999540329e-05,0.00014198804274201393,0.0002172458916902542,0.00029238127171993256,-6.646662950515747e-05,2.855822822311893e-05,-0.0028579589784723525,-0.000979139546683605,-0.003581546345144071,-3.5762786865234375e-06,4.051625728607178e-05,0.0
300,view,remove_recomputed_clip,train,eval,17024,scene_0066,128,0.00809992291033268,-0.001839773147366941,0.020227249711751938,8.51446675369516e-05,0.0037200618535280228,-0.0025349692441523075,0.40865963716444276,0.3757166690637135,1.0688090890222237,0.004556969739496708,0.24457429349422455,0.0,0.00012248940765857697,-0.0001471126452088356,-5.628913640975952e-06,6.530597602250054e-05,0.00016875984147191048,-0.00022382894530892372,0.0016671957531002035,0.004857579898260245,-0.00890526905082445,-2.9904767870903015e-05,-1.5616416931152344e-05,0.0,-6.381329149007797e-05,9.353854693472385e-05,-1.2801960110664368e-05,0.0001988428193726577,-8.223741315305233e-05,5.5507756769657135e-05,-0.0009385920309038509,1.7519964645273944e-05,-0.002397074420987133,-1.275399699807167e-05,2.2664666175842285e-05,0.0
300,view,remove_recomputed_clip,train,eval,18560,scene_0072,128,0.0074698287062346935,0.0008892499608919024,0.01509948167949915,0.005414564628154039,0.0036570020020008087,-0.0013722210424020886,0.48761126227823853,0.5229494208734434,0.9294231612424778,0.004237687215209007,0.2441719025373459,0.0,6.261700764298439e-05,-0.00012526882346719503,9.435229003429413e-05,6.111292168498039e-05,4.675891250371933e-05,-0.00021840992849320173,0.005907418664415964,0.008442940639993401,-0.003726519496225267,-2.2979453206062317e-05,-1.1056661605834961e-05,0.0,-4.4591259211301804e-05,8.737010648474097e-05,1.8889084458351135e-05,0.00020735850557684898,-7.631280459463596e-05,2.740812487900257e-05,-0.0023867403047657665,-0.0008224409185128012,-0.0031155559362413543,-5.469657480716705e-06,2.4721026420593262e-05,0.0
300,view,remove_recomputed_clip,train,eval,20352,scene_0079,128,0.011340683326125145,0.006020110100507736,0.01796870119869709,0.012287397868931293,0.004922833759337664,-4.844779323320836e-05,0.4706893555268346,0.29177712777454773,1.6084825621214986,0.0030886419117450714,0.24180355668067932,0.0,-0.00010834820568561554,-0.00017886608839035034,-0.00019684433937072754,-0.00023721251636743546,-2.2658146917819977e-05,-0.00012236951442901045,0.00884179300260951,0.0080978264682951,-0.014720852514973126,-1.8241116777062416e-05,-3.6209821701049805e-05,0.0,5.757715553045273e-05,0.00017621321603655815,0.00020378269255161285,0.00031858310103416443,-8.399505168199539e-05,3.8357204175554216e-05,-0.001356557598085173,-0.0002324673191103077,-0.0033701419534046817,-1.1275522410869598e-05,4.673004150390625e-05,0.0
300,view,remove_recomputed_clip,train,eval,21888,scene_0085,128,0.01009390875697136,-0.0005008184816688299,0.0165557898581028,0.0002240892790723592,0.004742881748825312,-0.0011011076858267188,0.5972830376471923,0.5621297113797603,1.0621230081215731,0.0035579530522227287,0.24275994300842285,0.0,-0.00011027604341506958,-0.00015836444799788296,-0.0002213604748249054,-0.00013920027413405478,-1.8287450075149536e-05,-0.00017423421377316117,0.008718580802797415,0.005371343831053865,0.005418968348838815,-1.1920230463147163e-05,-1.7255544662475586e-05,0.0,-5.0595030188560486e-05,0.00012131448602303863,6.556510925292969e-07,0.00019742690346902236,-9.303679689764977e-05,5.828693974763155e-05,-0.0019394630783459155,-5.7581061506994935e-05,-0.003339271947822464,-7.831724360585213e-06,3.0502676963806152e-05,0.0
300,view,remove_recomputed_clip,train,eval,23680,scene_0092,128,0.0060140397399663925,-0.00224956963211298,0.0116814486682415,-0.0026132354978471994,0.0038390529807657003,-0.0021100053563714027,0.541538148315572,0.4277711596667393,1.2614569630497647,0.004641084931790829,0.24412652850151062,0.0,4.872633144259453e-05,-0.00011562881991267204,-2.131424844264984e-05,0.00012125540524721146,7.560616359114647e-05,-0.00020653812680393457,0.006617066125716109,0.006554078712769862,-0.004058641311813327,-9.147915989160538e-06,-6.765127182006836e-06,0.0,-6.667012348771095e-05,8.449354209005833e-05,-2.4917535483837128e-05,0.0002042937558144331,-8.269236423075199e-05,3.8516940549016e-05,-0.0022709333123070996,-0.000629528160495274,-0.0034781656250060244,-5.5944547057151794e-06,2.4527311325073242e-05,0.0
300,view,remove_recomputed_clip,train,eval,25472,scene_0099,128,0.00937144085764885,0.003464230103418231,0.017617739737033844,0.010602904483675957,0.004133868962526321,-0.0010698443511500955,0.4534810290211285,0.42683836483658033,1.0625498727054148,0.0041342684999108315,0.24371369183063507,0.0,8.02231952548027e-05,-3.718957304954529e-05,0.000157797709107399,0.00018875394016504288,3.0953437089920044e-05,-0.00018069683574140072,-0.0021174396052223154,0.010179670181721778,-0.031086047613325007,-7.125642150640488e-05,7.316470146179199e-06,0.0,9.413808584213257e-06,0.0001281739678233862,0.0001520588994026184,0.00027068331837654114,-8.118478581309319e-05,3.7659541703760624e-05,-0.0022825239811709586,-0.0002797627606870856,-0.004661389907467228,-1.1993572115898132e-05,3.223121166229248e-05,0.0
300,view,remove_recomputed_clip,validation_test_seen,eval,128,scene_0100,128,0.005169983021914959,-0.0016385542694479227,0.009600741788744926,-0.0036480561830103397,0.0033758007921278477,-0.0008248301455751061,0.6083668742132318,0.5033523043313529,1.2053639649102936,0.002618727507069707,0.24455024302005768,0.0,-2.839835360646248e-05,-0.00021685496903955936,-0.00011187978088855743,-0.0001682383008301258,5.407026037573814e-06,-0.0002365414402447641,0.005780767624403826,0.004051264396785881,0.0016691952771041851,2.050073817372322e-06,-2.4810433387756348e-05,0.0,-6.958749145269394e-05,9.390595369040966e-05,-1.537427306175232e-05,0.0002516857348382473,-9.154039435088634e-05,3.0015071388334036e-05,-0.002348046892775457,-0.0007905002646061421,-0.0027648775169193396,-5.5585987865924835e-06,2.5913119316101074e-05,0.0
300,view,remove_recomputed_clip,validation_test_seen,eval,384,scene_0101,128,0.004851681645959616,-0.0014989592600613832,0.008981936611235142,-0.003954409621655941,0.0028087191749364138,-0.00028441124595701694,0.6353637988137166,0.546577590622933,1.1502457544340228,0.0025374949909746647,0.24417659640312195,0.0,3.39951366186142e-05,-0.00023711321409791708,0.00022147595882415771,-0.0002997822593897581,-5.8739446103572845e-05,-0.00020611475338228047,0.0067276010320584945,0.0037150960741479944,0.004322172952210268,9.50484536588192e-06,-3.3736228942871094e-05,0.0,-8.723512291908264e-05,0.0001087698619812727,-0.0001299884170293808,0.000304460059851408,-6.608711555600166e-05,1.1975207598879933e-05,-0.002636987161985238,0.0009609305961999492,-0.006773225175908504,-1.4450866729021072e-05,3.241002559661865e-05,0.0
300,view,remove_recomputed_clip,validation_test_seen,eval,640,scene_0102,128,0.008263390511274338,0.00138406443875283,0.024236833676695824,0.009750557132065296,0.0031915483996272087,-0.0012724407715722919,0.2620246888450685,0.27606337124277575,0.945110384038057,0.004203576594591141,0.24497118592262268,0.0,1.903623342514038e-06,-0.00013178226072341204,-4.078075289726257e-05,7.81109556555748e-05,1.5455065295100212e-05,-0.00019842770416289568,0.004767557672463396,0.007721258990121549,-0.009640920574116585,-2.2407621145248413e-05,-1.0892748832702637e-05,0.0,-4.308391362428665e-05,7.644540164619684e-05,4.237517714500427e-05,0.00021234434098005295,-7.021822966635227e-05,3.3294432796537876e-05,-0.0005372130571098532,0.00022384235157640875,-0.002756860057738675,-1.1193566024303436e-05,2.0906329154968262e-05,0.0
300,view,remove_recomputed_clip,validation_test_seen,eval,896,scene_0103,128,0.006558229681104422,-0.0015204335795715451,0.01360400766134262,-0.0019126423867419362,0.0039435625076293945,-0.0013748861383646727,0.5281858563390014,0.5889730834422839,0.8968368573836265,0.004442419391125441,0.24429024755954742,0.0,2.745864912867546e-05,-0.00016425992362201214,-0.00014364998787641525,3.557198215276003e-05,9.09566879272461e-05,-0.00023841706570237875,0.006851871196344894,0.008239256639360537,-0.0008714819310065014,-1.3525132089853287e-05,-1.595914363861084e-05,0.0,-4.527857527136803e-05,8.442439138889313e-05,5.92963770031929e-05,0.00021921854931861162,-8.40853899717331e-05,3.4402706660330296e-05,-0.003271926511317691,-0.001079044310424937,-0.003892445768410635,-4.637986421585083e-06,2.51084566116333e-05,0.0
300,view,remove_recomputed_clip,validation_test_seen,eval,1152,scene_0104,128,0.004997954238206148,-0.0029689951334148645,0.009744486771523952,-0.006132231559604406,0.003317974740639329,-0.0018494040705263615,0.3550536124466265,0.46291377335237177,0.7613430398664374,0.0027887942269444466,0.24469155073165894,0.0,4.9198977649211884e-05,-0.00021270429715514183,-3.0924566090106964e-05,-8.511636406183243e-05,7.755891419947147e-05,-0.0002578621497377753,0.01595224992661387,0.015154457779497366,0.01002012921876072,-2.2344989702105522e-05,-2.4244189262390137e-05,0.0,-9.587360545992851e-05,9.397626854479313e-05,-9.042955935001373e-05,0.0002309461124241352,-9.780051186680794e-05,4.549790173768997e-05,-0.0014343348534162637,-0.0003171549834892762,-0.0025668585320134385,-8.055474609136581e-06,2.32011079788208e-05,0.0
300,view,remove_recomputed_clip,validation_test_seen,eval,1408,scene_0105,128,0.0075648087076842785,-0.0017986546736210585,0.01469860877841711,0.003632101695984602,0.004871823824942112,-0.0038487461861222982,0.49509703431602703,0.4810816170808201,1.030102831924139,0.0042724222876131535,0.24440531432628632,0.0,9.856792166829109e-05,-0.00015297089703381062,-1.7230398952960968e-05,1.096632331609726e-05,0.0001422809436917305,-0.00021485635079443455,0.003771800172797324,0.005202892352547006,-0.0031715902965738785,-2.4963170289993286e-05,-1.741945743560791e-05,0.0,-3.80929559469223e-05,9.508640505373478e-05,3.9651058614254e-05,0.0002368700224906206,-6.743986159563065e-05,4.156376235187054e-05,-0.002423695705790818,-0.0005776471403312611,-0.0037698535989005855,-1.147482544183731e-05,2.498924732208252e-05,0.0
300,view,remove_recomputed_clip,validation_test_seen,eval,1664,scene_0106,128,0.007355889771133661,0.0018416756065562367,0.009895679540932178,0.004457663279026747,0.004914598073810339,-0.0006728580920025706,0.6924063796582888,0.6009804870987316,1.1396515529611866,0.0024185171350836754,0.24268624186515808,0.0,-9.082024917006493e-05,-0.000276510720141232,-0.00010720919817686081,-0.0003323592245578766,-7.506599649786949e-05,-0.00022282724967226386,0.013092232484536726,0.005075492520467795,0.012016908160739304,1.1438503861427307e-05,-4.5493245124816895e-05,0.0,1.309392973780632e-05,0.00016550091095268726,0.00010492932051420212,0.0003179917111992836,-7.51810148358345e-05,1.8924474716186523e-05,-0.004309858860479188,-0.00041230336488862207,-0.006381946778909242,-1.0692514479160309e-05,4.3198466300964355e-05,0.0
300,view,remove_recomputed_clip,validation_test_seen,eval,1920,scene_0107,128,0.015097501687705517,0.00788110215216875,0.03878844529390335,0.025831880047917366,0.0033997809514403343,-0.000982334720902145,0.39259424560132045,0.3903947181493745,1.01166341776495,0.0047928765416145325,0.24370191991329193,0.0,1.890677958726883e-05,-0.00010331626981496811,0.00014284253120422363,0.00013737753033638,-4.2289961129426956e-05,-0.0002221609465777874,0.0013145625651798665,0.0022500687410444975,-0.0024708442129184327,2.214685082435608e-06,-5.796551704406738e-06,0.0,-4.3468549847602844e-05,0.0001257890835404396,1.1272728443145752e-05,0.0002773944288492203,-7.049995474517345e-05,5.093170329928398e-05,-0.0027304938071016083,-0.0009697950096202446,-0.00433020434487319,-8.97236168384552e-06,3.191828727722168e-05,0.0
300,view,remove_recomputed_clip,validation_test_seen,eval,2176,scene_0108,128,0.00841978844255209,-0.0024904797319322824,0.014129610732197762,-0.005543296225368977,0.0044460659846663475,-0.00036588741932064295,0.6449574530589497,0.48001116510698905,1.3468806971946417,0.003678723704069853,0.2429572194814682,0.0,-9.330548346042633e-05,-0.0001477799378335476,-7.140450179576874e-05,-4.032021388411522e-05,-0.00010854611173272133,-0.00022256639203988016,0.0035806325836058583,0.002509769716148358,0.000618603092870762,2.2962456569075584e-05,-5.781650543212891e-06,0.0,-7.390603423118591e-05,0.00014893291518092155,-6.601214408874512e-05,0.000315898098051548,-7.940037176012993e-05,3.2733893021941185e-05,-0.0045182724727719226,-0.0012619562301111054,-0.005830531576825004,-1.4914898201823235e-05,3.90857458114624e-05,0.0
300,view,remove_recomputed_clip,validation_test_seen,eval,2432,scene_0109,128,0.014035561122000217,0.007265305146574974,0.025220602750778198,0.015498938038945198,0.004852022510021925,0.0005050368490628898,0.3076761551505184,0.40200696850744605,0.7579112995160179,0.0035570745822042227,0.24381625652313232,0.0,4.844740033149719e-06,-0.00011639157310128212,1.7706304788589478e-05,2.2108666598796844e-05,-5.716923624277115e-06,-0.00023010937729850411,0.008811117903631316,0.012752299070811213,-0.002613833653030029,-2.8176233172416687e-05,-9.313225746154785e-06,0.0,-4.065316170454025e-05,0.00013107340782880783,-8.437782526016235e-07,0.00022399239242076874,-7.33393244445324e-05,5.4781819926574826e-05,-0.0013642403509838141,-0.00032973204938335776,-0.002788074060421475,-3.1213276088237762e-06,2.79843807220459e-05,0.0
300,view,remove_recomputed_clip,validation_test_seen,eval,2688,scene_0110,128,0.009442578069865704,-1.1418828762543853e-05,0.01872204802930355,0.0025248765014111996,0.004590397700667381,-0.001337632304057479,0.3192585541024476,0.30889585834242334,1.0344906837754941,0.003920801915228367,0.24384810030460358,0.0,-4.5291148126125336e-05,-9.153715564025333e-05,-4.544295370578766e-05,9.765522554516792e-05,-4.521245136857033e-05,-0.00019046443048864603,0.0051942070991490286,0.006135288425221375,-0.0036426881944333633,-1.7511192709207535e-05,1.5944242477416992e-06,0.0,-3.8844533264636993e-05,0.0001129272868638509,6.016343832015991e-06,0.00024615274742245674,-6.230315193533897e-05,4.326447378844023e-05,-0.0012876536219182388,-0.0002352285319852654,-0.0033519429692805414,-9.745359420776367e-06,2.771615982055664e-05,0.0
300,view,remove_recomputed_clip,validation_test_seen,eval,2944,scene_0111,128,0.006087437737733126,0.003137940773740411,0.00957548152655363,0.00656473683193326,0.003504388500005007,0.0006002485170029104,0.35579930521231456,0.44512928059528184,0.7970405682994757,0.002629586961120367,0.24425408244132996,0.0,-7.793167605996132e-05,-0.0001116851344704628,-4.793517291545868e-05,4.101777449250221e-05,-0.00010014628060162067,-0.00022476841695606709,-0.00029018459706936506,-0.0016512495956715334,0.0022264948036919696,5.111563950777054e-06,-7.3462724685668945e-06,0.0,2.093147486448288e-06,0.00011235731653869152,7.608253508806229e-05,0.00020064739510416985,-5.269935354590416e-05,4.697463009506464e-05,-0.0018641465181272188,-4.1627314166126084e-05,-0.004113790010464635,-9.64803621172905e-06,2.524256706237793e-05,0.0
300,view,remove_recomputed_clip,validation_test_seen,eval,3200,scene_0112,128,0.006457669660449028,9.48138622334227e-05,0.009010002948343754,-0.0008559844573028386,0.005137551110237837,0.0005865858984179795,0.6357057013811493,0.5671626183117733,1.1209014853800825,0.004259125329554081,0.24404539167881012,0.0,-6.434042006731033e-05,-0.00020630906510632485,-1.0317191481590271e-05,-0.00012482365127652884,-9.228195995092392e-05,-0.0002484549186192453,0.007237279151352083,0.006511998633185634,-6.556505375066024e-05,-2.583954483270645e-06,-2.1696090698242188e-05,0.0,-4.7977082431316376e-05,0.00012141524530306924,-9.78820025920868e-07,0.0002790986909531057,-7.228460162878036e-05,3.98581032641232e-05,-0.003673602415003807,-0.0009755905698227707,-0.004529768287225844,-6.659887731075287e-06,3.299117088317871e-05,0.0
300,view,remove_recomputed_clip,validation_test_seen,eval,3456,scene_0113,128,0.00899277813732624,-0.004710354842245579,0.01820937916636467,-0.010144254192709923,0.004344722256064415,-0.001969965873286128,0.36436151246670073,0.2850820107290355,1.2780702587696091,0.005013961344957352,0.2428595870733261,0.0,9.856186807155609e-06,-0.00013789674267172813,5.271285772323608e-06,-2.6774592697620392e-05,1.2167729437351227e-05,-0.00019393675029277802,0.007946478939617752,0.007857086145491687,-0.0077103532433282496,-6.5267086029052734e-06,-1.5497207641601562e-05,0.0,-7.908884435892105e-05,0.0001253741793334484,-5.3511932492256165e-05,0.0002864627167582512,-9.198719635605812e-05,4.413491114974022e-05,-0.002649820507195977,-0.0014981967201870838,-0.0026066778717550587,-5.377456545829773e-06,3.574788570404053e-05,0.0
300,view,remove_recomputed_clip,validation_test_seen,eval,3712,scene_0114,128,0.010191664099693298,0.001527974964119494,0.02446381188929081,0.009159102104604244,0.004218629095703363,-0.0016657274682074785,0.45512761698524823,0.48643445444400646,0.9369481594989921,0.004740809556096792,0.24412758648395538,0.0,-1.13658607006073e-05,-0.00018270942382514477,-0.0001498796045780182,-3.180559724569321e-05,4.6603381633758545e-05,-0.00024586415383964777,0.004730366261230301,0.0053956084076446365,-0.00043771789836744013,-1.1721160262823105e-05,-1.8730759620666504e-05,0.0,-4.1738152503967285e-05,0.00010330963414162397,6.041675806045532e-05,0.00023368839174509048,-8.449004963040352e-05,4.874495789408684e-05,-0.002243923857815411,-0.0005969425786144233,-0.003442549394102379,-9.21962782740593e-06,2.6345252990722656e-05,0.0
300,view,remove_recomputed_clip,validation_test_seen,eval,3968,scene_0115,128,0.011548959650099277,0.004354975186288357,0.035755861550569534,0.021715406328439713,0.0032736407592892647,-0.0015798239037394524,0.14342517888468762,0.20479000266814903,0.7005638899832188,0.004400084260851145,0.24468544125556946,0.0,7.21663236618042e-05,-0.00012472830712795258,3.2551586627960205e-05,0.00020879507064819336,8.570845238864422e-05,-0.00023874384351074696,0.004353035341689543,0.00915124073473575,-0.010648400061871954,-3.7099700421094894e-05,-1.2248754501342773e-05,0.0,-7.728952914476395e-05,0.00010816985741257668,1.4901161193847656e-08,0.00026549771428108215,-0.00010371650569140911,5.438411608338356e-05,-0.00046290829032485936,0.0002970291355188226,-0.0033086028680398005,-1.0327901691198349e-05,2.4184584617614746e-05,0.0
300,view,remove_recomputed_clip,validation_test_seen,eval,4224,scene_0116,128,0.015200106427073479,0.01097892690449953,0.0357273668050766,0.031141074374318123,0.004475360736250877,0.00044493874884210527,0.22978223283069416,0.21588643414231365,1.0667451109442672,0.004685304593294859,0.24381308257579803,0.0,-5.708634853363037e-05,-0.00019973143935203552,-0.0001574195921421051,-0.00019673071801662445,-4.668720066547394e-06,-0.00020129865151830018,0.005861639921443784,0.00598704771942854,-0.0026628652071976067,-2.2621825337409973e-06,-3.3602118492126465e-05,0.0,1.5139579772949219e-05,0.00011854059994220734,0.00021811574697494507,0.00027901679277420044,-9.09091904759407e-05,3.469391958788037e-05,-0.0017025176946453557,-0.0009692262484377046,-0.0031717851327355273,-9.437557309865952e-06,3.097951412200928e-05,0.0
300,view,remove_recomputed_clip,validation_test_seen,eval,4480,scene_0117,128,0.00506127392873168,0.001232692738994956,0.011013372801244259,0.0046429261565208435,0.002870953641831875,-2.2243126295506954e-05,0.7216393903076364,0.5600022031995449,1.283012917884947,0.0029712552204728127,0.24466072022914886,0.0,-6.72568567097187e-05,-0.00019233766943216324,-0.00020794477313756943,-5.595991387963295e-05,-1.548510044813156e-05,-0.00024252355797216296,0.015440531308658079,0.012790935589071739,-0.002177577318817514,-1.3406854122877121e-05,-2.263486385345459e-05,0.0,-2.408493310213089e-05,9.790284093469381e-05,0.00014823675155639648,0.0002781790681183338,-8.749822154641151e-05,3.156277671223506e-05,-0.0030122949240563024,0.0009683501405802764,-0.007640018472007792,-1.4965422451496124e-05,2.6732683181762695e-05,0.0
300,view,remove_recomputed_clip,validation_test_seen,eval,4736,scene_0118,128,0.005902176257222891,-0.0010087507544085383,0.011103100143373013,-0.0032913677860051394,0.0033957825507968664,9.127240628004074e-05,0.5074866613760861,0.4497140903529803,1.1079972650937062,0.0030055732931941748,0.243774875998497,0.0,-3.500981256365776e-05,-0.00023759767645969987,2.659764140844345e-05,-0.0002584429457783699,-6.469897925853729e-05,-0.00022755234385840595,0.011386395384186454,0.006642173585049871,0.008366056996568227,7.200287654995918e-06,-3.643333911895752e-05,0.0,-6.265193223953247e-05,0.00015639385674148798,-2.9066577553749084e-05,0.00043321261182427406,-7.883762009441853e-05,2.2991152945905924e-05,-0.0035641157695276426,-0.0008067957009844084,-0.006513588439982287,-1.1826632544398308e-05,4.4792890548706055e-05,0.0
300,view,remove_recomputed_clip,validation_test_seen,eval,4992,scene_0119,128,0.01163097470998764,0.001793618081137538,0.023809652775526047,0.004760938696563244,0.0050072986632585526,0.00017976737581193447,0.2336043152280487,0.2108014147865409,1.1017095717708647,0.004847997799515724,0.24351412057876587,0.0,-6.281305104494095e-05,-6.126286461949348e-05,8.606165647506714e-05,0.00018016016110777855,-0.00014378409832715988,-0.00019256642553955317,0.001549844584617266,0.001464362456075119,0.0005156673510620102,1.28941610455513e-05,8.538365364074707e-06,0.0,-1.3057142496109009e-06,0.00011244055349379778,0.00010156258940696716,0.0002627824433147907,-5.725305527448654e-05,3.067389479838312e-05,-0.0016674653954795449,-0.000978233811646717,-0.002635876295277839,-1.2401025742292404e-05,3.0219554901123047e-05,0.0
300,view,remove_recomputed_clip,validation_test_seen,eval,5248,scene_0120,128,0.006637000944465399,-0.0007549478905275464,0.013973773457109928,-0.001822835998609662,0.003339361399412155,-0.00027496740221977234,0.5223817010582108,0.36213695361583226,1.4403430026059847,0.004768842831254005,0.24408960342407227,0.0,-3.5113655030727386e-05,-0.0001087469863705337,-0.00011778715997934341,0.0001539203803986311,2.0456500351428986e-06,-0.00022680774054606445,0.0003730919066645688,0.002938619542030174,-0.011348727453821539,-3.8463622331619263e-07,-4.112720489501953e-06,0.0,-7.98138789832592e-05,0.00010051386198028922,-2.6765279471874237e-05,0.00023160036653280258,-0.00010365759953856468,4.159414675086737e-05,-0.002123655018070103,-0.0005955131372010758,-0.0035230373812480398,-1.1045020073652267e-05,2.6226043701171875e-05,0.0
300,view,remove_recomputed_clip,validation_test_seen,eval,5504,scene_0121,128,0.00816121231764555,0.00317345536313951,0.016647515818476677,0.010182314552366734,0.003739964682608843,-0.0004780640883836895,0.3910315629012516,0.3511545672253572,1.116879052432681,0.0038074436597526073,0.24428489804267883,0.0,2.728775143623352e-07,-0.00019130180589854717,2.150610089302063e-05,-8.162017911672592e-05,-1.0789837688207626e-05,-0.0002484437427483499,0.006311182363503143,0.007956580876112396,-0.007090729305504251,-2.0970823243260384e-05,-2.5004148483276367e-05,0.0,-3.9760954678058624e-05,0.00010003452189266682,4.098378121852875e-05,0.00021095667034387589,-8.182716555893421e-05,4.224528674967587e-05,-0.0017029367863331535,-0.0005443797429915964,-0.003098567823661469,-6.233109161257744e-06,2.4944543838500977e-05,0.0
300,view,remove_recomputed_clip,validation_test_seen,eval,5760,scene_0122,128,0.0056748283095657825,0.001739072729833424,0.008156229741871357,0.003565922612324357,0.004086489789187908,0.0005697107408195734,0.6341417488118231,0.6336761870075936,0.9985925229547635,0.002466514240950346,0.24252253770828247,0.0,-0.00016061775386333466,-0.0002966980682685971,-0.00029736291617155075,-0.0004096443299204111,-7.308833301067352e-05,-0.0002244014758616686,0.005314121249711645,0.00621004745927467,-0.0014311272211645631,-5.311565473675728e-06,-4.7266483306884766e-05,0.0,1.063244417309761e-05,0.00015070510562509298,0.00012619886547327042,0.0003537756856530905,-6.334157660603523e-05,2.0720239263027906e-05,-0.003680647873760101,0.0004988131214280767,-0.0066155697596280705,-1.559033989906311e-05,4.495680332183838e-05,0.0
300,view,remove_recomputed_clip,validation_test_seen,eval,6016,scene_0123,128,0.012580814771354198,0.007256925571709871,0.02872473932802677,0.020184485241770744,0.0034725754521787167,-3.667347118607722e-05,0.5149024947791465,0.6362678446366815,0.810469714751211,0.004272869788110256,0.24383103847503662,0.0,-3.6405399441719055e-05,-0.00012161629274487495,-5.5441632866859436e-05,4.00785356760025e-05,-2.5666318833827972e-05,-0.00021284410831867717,0.004121849795768684,0.00576078387837764,-0.0011335130151424178,-2.571800723671913e-05,-1.0594725608825684e-05,0.0,-3.0689872801303864e-05,0.00010936101898550987,7.141008973121643e-05,0.0002389121800661087,-8.829380385577679e-05,3.626803299994208e-05,-0.002789574198643341,-0.0008481481121108692,-0.0033007821403951976,-1.8319115042686462e-06,2.79843807220459e-05,0.0
300,view,remove_recomputed_clip,validation_test_seen,eval,6272,scene_0124,128,0.007401031441986561,-0.0004252056824043393,0.013747350312769413,0.0007139979861676693,0.0038381300400942564,-0.0010647684102877975,0.4429461537283695,0.41644645818395964,1.0709528870114358,0.0041238353587687016,0.24392719566822052,0.0,-9.113224223256111e-05,-0.00012280707596801221,-0.00016980431973934174,5.404971307143569e-05,-4.696520045399666e-05,-0.00022209639428183436,-0.00016762946569498505,0.0030270887095535937,-0.007999108904970464,-7.627997547388077e-06,-4.9173831939697266e-06,0.0,-3.404403105378151e-05,0.00010178581578657031,5.13782724738121e-05,0.00020967575255781412,-8.200271986424923e-05,4.121509846299887e-05,-0.0024108454067005014,-0.0007894822305999916,-0.0036946273249098827,-1.1383555829524994e-05,2.5779008865356445e-05,0.0
300,view,remove_recomputed_clip,validation_test_seen,eval,6528,scene_0125,128,0.01820952445268631,0.014403694309294224,0.05099343881011009,0.04660923779010773,0.0038164949510246515,0.00026458490174263716,0.2931624834010152,0.4021133044200321,0.7251341684383077,0.00466003967449069,0.24438203871250153,0.0,1.197122037410736e-05,-0.0002001933753490448,-3.037974238395691e-05,-7.797032594680786e-05,3.0564842745661736e-05,-0.00025384960463270545,0.002897126346559975,0.0016362537910779573,0.004282713075809519,4.341825842857361e-06,-2.6807188987731934e-05,0.0,-1.1818483471870422e-05,0.00010676216334104538,0.00014275312423706055,0.00023870915174484253,-7.9678138718009e-05,4.883459769189358e-05,-0.0012842307398889807,-0.00016637815814207757,-0.0028879579705001213,-1.057283952832222e-05,2.588331699371338e-05,0.0
300,view,remove_recomputed_clip,validation_test_seen,eval,6784,scene_0126,128,0.005270304158329964,-0.0005795633769594133,0.010765080340206623,-0.0007304868777282536,0.0028978714253753424,-0.0005144004244357347,0.6412944354886458,0.5547618556335319,1.1618369706176765,0.0031851548701524734,0.24447382986545563,0.0,-3.53790819644928e-05,-0.00021884212037548423,-0.00011870358139276505,-0.00015434488886967301,5.96512109041214e-07,-0.0002466897130943835,0.00488320959966948,0.0034078411977430667,0.0021891498475499205,1.1249911040067673e-05,-2.2679567337036133e-05,0.0,-5.573267117142677e-05,8.067669114097953e-05,3.370177000761032e-05,0.0001915357424877584,-9.43474005907774e-05,3.281200770288706e-05,-0.002956715047395364,-0.00030090876155197677,-0.004671039672548449,-1.023709774017334e-05,2.3320317268371582e-05,0.0
300,view,remove_recomputed_clip,validation_test_seen,eval,7040,scene_0127,128,0.00808295514434576,-0.002175320638343692,0.02228647470474243,-0.003730479162186384,0.004231499042361975,-0.0017536202212795615,0.3642884333511438,0.2995301981430762,1.183399542988955,0.0049150921404361725,0.24417582154273987,0.0,-1.462642103433609e-05,-0.00014571892097592354,-0.00019463896751403809,0.00016773119568824768,3.418605774641037e-05,-0.00023071432951837778,0.0062759824972268285,0.005902793007942164,-0.0013900618945985599,-2.1147076040506363e-05,2.9653310775756836e-06,0.0,-8.20336863398552e-05,9.39809251576662e-05,-1.5009194612503052e-05,0.00025417841970920563,-0.00010020751506090164,5.0541479140520096e-05,-0.0021291420027505503,-0.0009193447062270654,-0.003050917671441278,-8.31112265586853e-06,2.4959444999694824e-05,0.0
300,view,remove_recomputed_clip,validation_test_seen,eval,7296,scene_0128,128,0.007779504172503948,0.0029594965744763613,0.017612487077713013,0.010820867493748665,0.0034490427933633327,-0.0005026649450883269,0.3755347840634248,0.36186371420572166,1.0373618951513126,0.0034796386025846004,0.24438166618347168,0.0,-7.804576307535172e-05,-0.0002476803492754698,-0.00017415732145309448,-0.00029647815972566605,-3.5718781873583794e-05,-0.0002261900808662176,0.010775034653707438,0.009454665909428839,0.0028914763721168413,5.200505256652832e-06,-3.5896897315979004e-05,0.0,1.0612420737743378e-06,0.00010186736471951008,0.00015209242701530457,0.00027772318571805954,-6.545311771333218e-05,2.441898686811328e-05,-0.0016686227028523959,-0.00018672781667100624,-0.004064139188666216,-1.4018965885043144e-05,2.917647361755371e-05,0.0
300,view,remove_recomputed_clip,validation_test_seen,eval,7552,scene_0129,128,0.004812479019165039,-0.0009349599713459611,0.007348541170358658,-0.0012588101672008634,0.003740742104128003,-0.000798101129475981,0.7627298739685913,0.609621947569045,1.2463090683054296,0.0021092991810292006,0.24438075721263885,0.0,2.8043054044246674e-05,-0.0002916042576543987,7.284944877028465e-05,-0.0003585237427614629,9.108101949095726e-06,-0.00026332406559959054,0.015591701409097825,0.004636771479979429,0.016071991184719803,2.1219486370682716e-05,-3.2082200050354004e-05,0.0,-7.042987272143364e-05,9.713566396385431e-05,-2.3378059267997742e-05,0.0002537466352805495,-9.031407535076141e-05,3.095215652137995e-05,-0.002477645751486679,0.0005319997982888847,-0.005199155824857193,-8.061295375227928e-06,2.753734588623047e-05,0.0
300,view,remove_recomputed_clip,validation_test_seen,eval,192,scene_0100,192,0.007445740979164839,0.0005184431793168187,0.012882588431239128,6.0834754549432546e-05,0.005401601083576679,0.0006904942565597594,0.5110037892893706,0.46946468566979804,1.017670100463193,0.003344140714034438,0.24073636531829834,0.0,3.343401476740837e-05,-0.00033606571378186345,0.00011860672384500504,-0.0002224818672402762,1.4095567166805267e-06,-0.0003787709283642471,0.0038668342322051297,0.004365633247687628,-0.0006695909521310384,-8.375616744160652e-06,-1.800060272216797e-05,0.0,-7.152138277888298e-05,0.0001002853678073734,-4.876963794231415e-05,0.00034807614429155365,-8.007558062672615e-05,7.12141627445817e-06,-0.004478961515329005,-0.0013756946423242877,-0.0065246246683678955,-1.0739779099822044e-05,4.4986605644226074e-05,0.0
300,view,remove_recomputed_clip,validation_test_seen,eval,7616,scene_0129,192,0.006540661212056875,-0.0012804196448996663,0.010354339145123959,-0.0048862942494452,0.0049868556670844555,0.00018872033979278058,0.6913805925511614,0.4312744274120643,1.532879558902558,0.0031250682659447193,0.2407524734735489,0.0,3.857724368572235e-05,-0.00038774526910856366,0.00019829347729682922,-0.0003719883970916271,-2.6495195925235748e-05,-0.0003941654722439125,0.01589954008297645,0.009018430579034176,0.005442301391385795,1.216074451804161e-06,-3.774464130401611e-05,0.0,-9.52593982219696e-05,8.04669689387083e-05,-0.00011294614523649216,0.00026530586183071136,-8.805328980088234e-05,5.157780833542347e-06,-0.0033629567895588908,-0.0004142302207027493,-0.006524327738655078,-1.3926532119512558e-05,3.9830803871154785e-05,0.0
400,view,normal_A,train,eval,128,scene_0000,128,0.00788373127579689,-0.003225532826036215,0.010044421069324017,-0.003134767757728696,0.005795047152787447,-0.0033132724929600954,0.5916153075116314,0.7055472178901112,0.8360413618755688,0.0025792482774704695,0.2435697466135025,0.0,0.00012717489153146744,-0.0009809911716729403,5.979090929031372e-05,-0.0019328807247802615,0.00019231438636779785,-6.0823047533631325e-05,0.018721843035301555,-0.005530796417180794,0.03273343812736351,5.388841964304447e-05,-0.00018200278282165527,0.0,0.0,0.0,0.0,0.0,0.0,0.0,0.0,0.0,0.0,0.0,0.0,0.0
400,view,normal_A,train,eval,1664,scene_0006,128,0.011705117300152779,0.005438721273094416,0.028600910678505898,0.022110965102910995,0.003990108612924814,-0.0021742084063589573,0.3646143620648769,0.42265831022044603,0.8646969683532797,0.0036650418769568205,0.2438533753156662,0.0,-0.00016404315829277039,-0.0008289273828268051,-0.00066399946808815,-0.0028215833008289337,6.424915045499802e-05,8.096755482256413e-05,0.01888043599596373,0.0014829201162402383,0.041234242043978075,8.893990889191628e-05,-0.00019297003746032715,0.0,0.0,0.0,0.0,0.0,0.0,0.0,0.0,0.0,0.0,0.0,0.0,0.0
400,view,normal_A,train,eval,3456,scene_0013,128,0.02936301752924919,0.02439364604651928,0.06092139706015587,0.05543198063969612,0.003859813092276454,-0.0006892934907227755,0.3933672561785978,0.44452803068350655,0.8790162426561058,0.004066447261720896,0.24357956647872925,0.0,-0.00040768831968307495,-0.0008187070488929749,-0.0011637695133686066,-0.0020479485392570496,0.0002033282071352005,0.0001746751368045807,0.01267550829834918,-0.0018135748594709233,0.03249991977811828,6.678188219666481e-05,-0.00017844140529632568,0.0,0.0,0.0,0.0,0.0,0.0,0.0,0.0,0.0,0.0,0.0,0.0,0.0
400,view,normal_A,train,eval,4992,scene_0019,128,0.010765396058559418,0.0036813707556575537,0.027073433622717857,0.01608288288116455,0.004009222611784935,-0.0014563887380063534,0.26049116771762926,0.39090691937486327,0.6728985299950729,0.004593829624354839,0.24420888721942902,0.0,-0.00029464438557624817,-0.0009432698134332895,-0.0011269189417362213,-0.003412218764424324,5.015498027205467e-05,7.95791856944561e-05,0.017025232439040278,0.005359979321554187,0.034607655637093115,7.551070302724838e-05,-0.00018700957298278809,0.0,0.0,0.0,0.0,0.0,0.0,0.0,0.0,0.0,0.0,0.0,0.0,0.0
400,view,normal_A,train,eval,6784,scene_0026,128,0.006512955762445927,-0.003898868104442954,0.010451414622366428,-0.005708887241780758,0.004242107272148132,-0.002855241997167468,0.5971794844495258,0.7128792331165444,0.833897107482552,0.0028976094909012318,0.24371419847011566,0.0,0.0004295329563319683,-0.000835685757920146,0.001039372757077217,-0.0021801500115543604,7.790932431817055e-05,-6.049079820513725e-05,0.027094085138834823,-0.002195497646449329,0.0404635159241058,7.991190068423748e-05,-0.0001866668462753296,0.0,0.0,0.0,0.0,0.0,0.0,0.0,0.0,0.0,0.0,0.0,0.0,0.0
400,view,normal_A,train,eval,8576,scene_0033,128,0.012454157695174217,0.0034573753364384174,0.027673033997416496,0.014921735040843487,0.004593380726873875,-0.0024641382042318583,0.3920097069810543,0.4933805082581107,0.8029915742928376,0.004356876015663147,0.24334494769573212,0.0,-0.000124308280646801,-0.0009494428522884846,-0.0005079396069049835,-0.003031195141375065,7.384270429611206e-05,0.000125812366604805,0.02106875984192702,-0.0038218061517659163,0.047693540980075055,0.0001451754942536354,-0.0002276301383972168,0.0,0.0,0.0,0.0,0.0,0.0,0.0,0.0,0.0,0.0,0.0,0.0,0.0
400,view,normal_A,train,eval,10112,scene_0039,128,0.013116198591887951,0.004663549363613129,0.026744458824396133,0.014632671140134335,0.004129622597247362,-0.0019101639045402408,0.48878299617284676,0.6648879560887702,0.7370978967511984,0.003504560561850667,0.24357372522354126,0.0,0.00014031585305929184,-0.0010150433517992496,9.765103459358215e-05,-0.002601032145321369,0.00016844924539327621,3.0766590498387814e-05,0.015188062373414246,-0.008860641811554104,0.031867714745382414,9.35893040150404e-05,-0.00019377470016479492,0.0,0.0,0.0,0.0,0.0,0.0,0.0,0.0,0.0,0.0,0.0,0.0,0.0
400,view,normal_A,train,eval,11904,scene_0046,128,0.00831117108464241,0.00032538617961108685,0.01803847961127758,0.006526630371809006,0.003970706835389137,-0.00244169682264328,0.45760145149530385,0.48686583677898776,0.9421907739330578,0.00314113381318748,0.24404014647006989,0.0,-8.538365364074707e-05,-0.0008345672395080328,-0.0005633309483528137,-0.0028990497812628746,0.00012788339518010616,8.663511835038662e-05,0.029033088495200754,0.004361281416866203,0.05106507656865933,9.055435657501221e-05,-0.00017186999320983887,0.0,0.0,0.0,0.0,0.0,0.0,0.0,0.0,0.0,0.0,0.0,0.0,0.0
400,view,normal_A,train,eval,13440,scene_0052,128,0.007449057884514332,-0.0013054045848548412,0.011348813772201538,-0.00037588944542221725,0.004201724659651518,-0.002079413505271077,0.36452431534350915,0.480946844697455,0.7459929052557264,0.002467938233166933,0.2428414523601532,0.0,5.459412932395935e-05,-0.0011163744202349335,-6.668176501989365e-05,-0.0024920084688346833,0.00015558116137981415,2.911803312599659e-05,0.006516037064816849,-0.0032346501627816826,0.018067413522096065,4.405132494866848e-05,-0.00023014843463897705,0.0,0.0,0.0,0.0,0.0,0.0,0.0,0.0,0.0,0.0,0.0,0.0,0.0
400,view,normal_A,train,eval,15232,scene_0059,128,0.012144073843955994,0.005622547585517168,0.020458582788705826,0.014776120893657207,0.005873015150427818,-0.0012813627254217863,0.388038370613702,0.5560959531173005,0.6947403872851986,0.00340844364836812,0.2425956130027771,0.0,-0.0005927141755819321,-0.0010718456469476223,-0.0013793427497148514,-0.002599378116428852,5.899928510189056e-07,8.02668510004878e-05,0.021563190591330605,-0.0002533444190031542,0.03917386241971543,7.090996950864792e-05,-0.0002574324607849121,0.0,0.0,0.0,0.0,0.0,0.0,0.0,0.0,0.0,0.0,0.0,0.0,0.0
400,view,normal_A,train,eval,17024,scene_0066,128,0.010110304690897465,0.002705021295696497,0.02833893522620201,0.016034729778766632,0.003526919987052679,-0.0021090873051434755,0.25405241641653536,0.36115293333269693,0.7050015138214757,0.00447920011356473,0.2452772706747055,0.0,-0.00020743627101182938,-0.0006343051791191101,-0.0007266104221343994,-0.0026933737099170685,-1.9931700080633163e-05,0.00010934006422758102,0.018395875122554833,0.0034146752050927542,0.04213922016295957,0.00010983040556311607,-8.948147296905518e-05,0.0,0.0,0.0,0.0,0.0,0.0,0.0,0.0,0.0,0.0,0.0,0.0,0.0
400,view,normal_A,train,eval,18560,scene_0072,128,0.009143407456576824,-0.0006541770417243242,0.01863362081348896,0.0031171671580523252,0.004400786943733692,-0.0025388607755303383,0.42809833121633906,0.6027508059609438,0.7092657260826274,0.004131689667701721,0.24382337927818298,0.0,0.0002127084881067276,-0.0007853901624912396,0.00030151382088661194,-0.002411335939541459,0.0001683272421360016,2.7157599106431007e-05,0.019524653144220472,0.00030711046104980877,0.03239802441052164,6.886059418320656e-05,-0.0001748800277709961,0.0,0.0,0.0,0.0,0.0,0.0,0.0,0.0,0.0,0.0,0.0,0.0,0.0
400,view,normal_A,train,eval,20352,scene_0079,128,0.014494643546640873,0.009190617129206657,0.023923583328723907,0.018953068181872368,0.005364685785025358,-0.00026227443595416844,0.32815892058283114,0.3268694261259278,1.005494516845148,0.0028083273209631443,0.24243684113025665,0.0,-0.0006928686052560806,-0.0013306941837072372,-0.0015494395047426224,-0.0027296505868434906,0.0001365402713418007,2.3903994588181376e-05,0.015384930828877763,-0.0005928217512878309,0.048009585390542675,5.888729356229305e-05,-0.0002701282501220703,0.0,0.0,0.0,0.0,0.0,0.0,0.0,0.0,0.0,0.0,0.0,0.0,0.0
400,view,normal_A,train,eval,21888,scene_0085,128,0.01240911427885294,0.006086427252739668,0.020637143403291702,0.013201624155044556,0.005595554132014513,0.000194395863218233,0.512201945401576,0.554526324364353,0.9283438687106175,0.00388718512840569,0.2439141422510147,0.0,-0.00032088812440633774,-0.001207694411277771,-0.0009150225669145584,-0.002664851024746895,0.00017110630869865417,-1.0352960089221597e-06,0.030251585539657677,0.00408481965363805,0.047509784537949296,9.099463932216167e-05,-0.00021138787269592285,0.0,0.0,0.0,0.0,0.0,0.0,0.0,0.0,0.0,0.0,0.0,0.0,0.0
400,view,normal_A,train,eval,23680,scene_0092,128,0.006263886112719774,-0.0007690448546782136,0.012449913658201694,0.003063004231080413,0.0038898680359125137,-0.002239674562588334,0.4861356949429871,0.5128810078850962,0.9443176278365774,0.004326304420828819,0.2444969266653061,0.0,1.9422732293605804e-06,-0.0006034908001311123,-0.00011588260531425476,-0.0023020931985229254,4.715984687209129e-05,4.8383139073848724e-05,0.01606553182227488,-0.0037757795086307278,0.03832785494232793,6.944499909877777e-05,-0.00012378394603729248,0.0,0.0,0.0,0.0,0.0,0.0,0.0,0.0,0.0,0.0,0.0,0.0,0.0
400,view,normal_A,train,eval,25472,scene_0099,128,0.011982263065874577,0.0013597375946119428,0.023023806512355804,0.006564691197127104,0.0049693104811012745,-0.0019461484625935555,0.2929585651000649,0.3688185855009767,0.7943499485207427,0.004012963734567165,0.2432599663734436,0.0,0.0001948270946741104,-0.0011873460607603192,0.0001914147287607193,-0.0029466585256159306,0.00019699428230524063,-6.993231363594532e-05,0.017673347802823314,0.004974722269496135,0.0377491199343738,8.036615327000618e-05,-0.00024008750915527344,0.0,0.0,0.0,0.0,0.0,0.0,0.0,0.0,0.0,0.0,0.0,0.0,0.0
400,view,normal_A,validation_test_seen,eval,128,scene_0100,128,0.005084918811917305,-0.0028923398349434137,0.0085240313783288,-0.005510229617357254,0.003692291211336851,-0.001832256093621254,0.564378737477448,0.5533536491083119,1.0182651887438614,0.0024695254396647215,0.2444036900997162,0.0,0.0003961613401770592,-0.0005273569840937853,0.0010118009522557259,-0.0019904496148228645,0.0001468658447265625,6.510491948574781e-05,0.023797990735663244,0.003907161624535416,0.03568909153372202,6.062840111553669e-05,-0.00012025237083435059,0.0,0.0,0.0,0.0,0.0,0.0,0.0,0.0,0.0,0.0,0.0,0.0,0.0
400,view,normal_A,validation_test_seen,eval,384,scene_0101,128,0.005865062586963177,-0.0029897931963205338,0.010812101885676384,-0.00633422052487731,0.003418091917410493,-0.001335527398623526,0.6551804496366971,0.5963926336333132,1.0890034860810875,0.0024790058378130198,0.244043231010437,0.0,0.00034228619188070297,-0.0005785420071333647,0.0006663249805569649,-0.0018901214934885502,0.00018200487829744816,7.020914927124977e-05,0.016873083580173254,-0.0014334797269123234,0.030662822839043313,6.66154082864523e-05,-0.00014574825763702393,0.0,0.0,0.0,0.0,0.0,0.0,0.0,0.0,0.0,0.0,0.0,0.0,0.0
400,view,normal_A,validation_test_seen,eval,640,scene_0102,128,0.008011111058294773,0.0011644711485132575,0.022300763055682182,0.009300642646849155,0.0034739021211862564,-0.0014189023058861494,0.36056268255578267,0.4503140966051985,0.8002086485361073,0.00379390362650156,0.24488554894924164,0.0,0.00024617044255137444,-0.00043413275852799416,0.0003863722085952759,-0.002111402340233326,0.00020165345631539822,9.842950385063887e-05,0.01856048383058756,0.0037058787693792783,0.03448789355241744,9.009568020701408e-05,-0.00010342895984649658,0.0,0.0,0.0,0.0,0.0,0.0,0.0,0.0,0.0,0.0,0.0,0.0,0.0
400,view,normal_A,validation_test_seen,eval,896,scene_0103,128,0.007262571714818478,-0.0016571299638599157,0.016251854598522186,-0.0015657130861654878,0.0039266739040613174,-0.0016910542035475373,0.4767701888475608,0.6122499731275726,0.7815591773223192,0.004583269823342562,0.2443435788154602,0.0,0.00021318858489394188,-0.0006000852445140481,0.0007187239825725555,-0.0024983297917060554,2.5583896785974503e-05,0.00010434829164296389,0.02427724268477255,0.002183287665544764,0.03656658992724959,9.683426469564438e-05,-0.00013084709644317627,0.0,0.0,0.0,0.0,0.0,0.0,0.0,0.0,0.0,0.0,0.0,0.0,0.0
400,view,normal_A,validation_test_seen,eval,1152,scene_0104,128,0.005984568037092686,-0.00475113233551383,0.01269245520234108,-0.010989056900143623,0.0036103888414800167,-0.002543291077017784,0.4921353422958753,0.5596121222959917,0.8755430710444565,0.002841109177097678,0.24442805349826813,0.0,0.00055745430290699,-0.0006344933062791824,0.0016430122777819633,-0.0025510136038064957,0.00017323368228971958,4.3836887925863266e-05,0.009589187194979809,-0.005596673687470077,0.025462408097281175,8.223415352404118e-05,-0.00012630224227905273,0.0,0.0,0.0,0.0,0.0,0.0,0.0,0.0,0.0,0.0,0.0,0.0,0.0
400,view,normal_A,validation_test_seen,eval,1408,scene_0105,128,0.008359592407941818,-0.0019625145941972733,0.01734163984656334,0.003660379908978939,0.004968902096152306,-0.004085137974470854,0.5087943280697829,0.621309918111747,0.8208650287643262,0.003639564849436283,0.24436435103416443,0.0,5.735456943511963e-05,-0.0006909739458933473,0.00025011226534843445,-0.002602549735456705,-1.5408731997013092e-05,3.063865005970001e-05,0.021333046918488252,-0.00028970612115053473,0.03437810240707051,7.711909711360931e-05,-0.00013551115989685059,0.0,0.0,0.0,0.0,0.0,0.0,0.0,0.0,0.0,0.0,0.0,0.0,0.0
400,view,normal_A,validation_test_seen,eval,1664,scene_0106,128,0.008996288292109966,0.0012030362850055099,0.013108420185744762,0.003969534300267696,0.0050436342135071754,-0.0014561711577698588,0.6261133163915751,0.6335714514837998,0.9773853389117605,0.0023871108423918486,0.24253641068935394,0.0,-0.00028489064425230026,-0.001246661297045648,-0.0008822372183203697,-0.0026063667610287666,0.00028928881511092186,6.031175144016743e-05,0.026210099212169657,1.7480235542155498e-05,0.04149369306381734,6.877374835312366e-05,-0.00027088820934295654,0.0,0.0,0.0,0.0,0.0,0.0,0.0,0.0,0.0,0.0,0.0,0.0,0.0
400,view,normal_A,validation_test_seen,eval,1920,scene_0107,128,0.016571372747421265,0.010996357537806034,0.04289855435490608,0.035609371960163116,0.0035719762090593576,-0.0011566471075639129,0.3363325370478074,0.4470966260002483,0.7581888821293433,0.004236649256199598,0.2442835420370102,0.0,-0.00025977008044719696,-0.0007948363199830055,-0.0011586807668209076,-0.002613849937915802,0.00018408428877592087,0.0001033279113471508,0.016270525106855838,-0.0023216886065600684,0.03906935670643086,0.00011637294664978981,-0.00015242397785186768,0.0,0.0,0.0,0.0,0.0,0.0,0.0,0.0,0.0,0.0,0.0,0.0,0.0
400,view,normal_A,validation_test_seen,eval,2176,scene_0108,128,0.00856386311352253,-0.000877481244970113,0.0138308210298419,-0.0002039882238022983,0.004898346960544586,-0.0013461951166391373,0.4507396223351381,0.45300456566178693,1.004100680417336,0.0033848509192466736,0.24326854944229126,0.0,0.0003701513633131981,-0.0010819572198670357,0.000522327609360218,-0.0027154432027600706,0.0002642418257892132,5.485967267304659e-05,0.02061916415702758,0.0044924373432388975,0.03559119733063554,0.00010235793888568878,-0.00023071467876434326,0.0,0.0,0.0,0.0,0.0,0.0,0.0,0.0,0.0,0.0,0.0,0.0,0.0
400,view,normal_A,validation_test_seen,eval,2432,scene_0109,128,0.01659461297094822,0.007960895076394081,0.02961830608546734,0.017589665949344635,0.005901439115405083,5.5143471399787813e-05,0.36394685342067645,0.504332108030218,0.7150676141522121,0.003590015461668372,0.24368363618850708,0.0,0.0001392066478729248,-0.0008755913004279137,-1.2136995792388916e-05,-0.001974506303668022,0.00026346463710069656,2.667956505320035e-05,0.010416232710093953,-0.00640541396782901,0.0293390582940255,4.250556230545044e-05,-0.00017529726028442383,0.0,0.0,0.0,0.0,0.0,0.0,0.0,0.0,0.0,0.0,0.0,0.0,0.0
400,view,normal_A,validation_test_seen,eval,2688,scene_0110,128,0.009704831056296825,0.0018793977797031403,0.019522061571478844,0.007776822429150343,0.004571458324790001,-0.0012043298920616508,0.37866380394802407,0.4364583410937031,0.8747414114879797,0.0034122299402952194,0.24411721527576447,0.0,0.0001922156661748886,-0.0008498732931911945,0.00013759732246398926,-0.002611699979752302,0.00022077374160289764,7.137551438063383e-05,0.022703770919440425,0.004634334925278594,0.04150157531490517,8.321041241288185e-05,-0.00017051398754119873,0.0,0.0,0.0,0.0,0.0,0.0,0.0,0.0,0.0,0.0,0.0,0.0,0.0
400,view,normal_A,validation_test_seen,eval,2944,scene_0111,128,0.008311687968671322,0.0024486405309289694,0.013771402649581432,0.007248802576214075,0.004268530756235123,-0.0011060894466936588,0.33772867815403834,0.4257540202204559,0.7911064094258868,0.0028547863475978374,0.24401046335697174,0.0,-0.00012354925274848938,-0.0009441834408789873,-0.0006864452734589577,-0.0021660621277987957,0.0002933000214397907,-3.9328704588115215e-05,0.012744193668022985,0.0013779746576425556,0.026952145241931458,5.596899427473545e-05,-0.00016176700592041016,0.0,0.0,0.0,0.0,0.0,0.0,0.0,0.0,0.0,0.0,0.0,0.0,0.0
400,view,normal_A,validation_test_seen,eval,3200,scene_0112,128,0.007223039399832487,-0.0011781154898926616,0.010235206224024296,-0.0025725008454173803,0.00566508574411273,-0.00045691122068092227,0.47901996235264077,0.6182305753051542,0.7749162126934134,0.0035708576906472445,0.24391981959342957,0.0,0.0002914266660809517,-0.0006688128341920674,0.00028416700661182404,-0.002096940850606188,0.0002951822243630886,6.984372157603502e-05,0.017638308831322058,-0.001762708595229201,0.030466384503225807,8.297385647892952e-05,-0.0001539289951324463,0.0,0.0,0.0,0.0,0.0,0.0,0.0,0.0,0.0,0.0,0.0,0.0,0.0
400,view,normal_A,validation_test_seen,eval,3456,scene_0113,128,0.009068244136869907,-0.0011029194574803114,0.019852764904499054,-0.0005568021442741156,0.0036294658202677965,-0.0013783335452899337,0.32675839312840177,0.3694890524733469,0.8833649195114128,0.004748700652271509,0.24370338022708893,0.0,0.0002032145857810974,-0.0010828123176906956,0.00029412098228931427,-0.003334261244162917,0.0001573711633682251,5.262403283268213e-05,0.020423793285632597,0.0003851709301460615,0.05451300234273737,0.00020896783098578453,-0.00021827220916748047,0.0,0.0,0.0,0.0,0.0,0.0,0.0,0.0,0.0,0.0,0.0,0.0,0.0
400,view,normal_A,validation_test_seen,eval,3712,scene_0114,128,0.011019936762750149,0.00192143558524549,0.026968657970428467,0.012150582857429981,0.004345238208770752,-0.002359563484787941,0.36931649596206306,0.5193355350696517,0.7118470755587688,0.004224340431392193,0.24427978694438934,0.0,-6.753019988536835e-05,-0.0007545314729213715,-0.0006028283387422562,-0.0026981309056282043,0.0001564985141158104,5.8883801102638245e-05,0.018865574117260586,0.0044318612503382315,0.030131748344879195,2.7799513190984726e-05,-0.00016330182552337646,0.0,0.0,0.0,0.0,0.0,0.0,0.0,0.0,0.0,0.0,0.0,0.0,0.0
400,view,normal_A,validation_test_seen,eval,3968,scene_0115,128,0.013949291780591011,0.00578062329441309,0.04508133977651596,0.028302734717726707,0.003306557424366474,-0.001918736263178289,0.18803278797816317,0.33985769853247444,0.5540112711252253,0.00387332821264863,0.24488647282123566,0.0,9.745266288518906e-05,-0.0005037202499806881,8.507445454597473e-05,-0.0023004282265901566,0.0001016855239868164,0.0001104982802644372,0.0025632883495109726,-0.001976738027962388,0.010425181790862048,3.958982415497303e-05,-8.887052536010742e-05,0.0,0.0,0.0,0.0,0.0,0.0,0.0,0.0,0.0,0.0,0.0,0.0,0.0
400,view,normal_A,validation_test_seen,eval,4224,scene_0116,128,0.016695983707904816,0.01047353446483612,0.03878471627831459,0.03140891715884209,0.005155429244041443,-0.00046443688916042447,0.2753132204356499,0.31581871239522585,0.8735620200645898,0.00434741098433733,0.24361616373062134,0.0,-0.0003309771418571472,-0.0010622795671224594,-0.0014202259480953217,-0.003248758614063263,0.000238118227571249,8.007674477994442e-05,0.017630439275289178,0.0017848250178467695,0.05230352865589749,0.00014131003990769386,-0.0002208799123764038,0.0,0.0,0.0,0.0,0.0,0.0,0.0,0.0,0.0,0.0,0.0,0.0,0.0
400,view,normal_A,validation_test_seen,eval,4480,scene_0117,128,0.0061832875944674015,-0.0004378441662993282,0.013099067844450474,0.0015408500330522656,0.0036383408587425947,-0.0011659860610961914,0.7381762535243787,0.6358556214700641,1.151936624567754,0.0029335059225559235,0.2444213330745697,0.0,2.6805326342582703e-05,-0.00044083838429287425,-0.0003701820969581604,-0.0019660746911540627,0.00017289305105805397,0.0001204352593049407,0.021194620905858996,0.0016464467514203385,0.030902647721738674,4.162359982728958e-05,-0.00011073052883148193,0.0,0.0,0.0,0.0,0.0,0.0,0.0,0.0,0.0,0.0,0.0,0.0,0.0
400,view,normal_A,validation_test_seen,eval,4736,scene_0118,128,0.0054540871642529964,-0.0012312739854678512,0.00944953877478838,-0.0017711441032588482,0.0035286264028400183,-0.0009711034363135695,0.549184182420291,0.5121415460211814,1.0511974057765385,0.0028376493137329817,0.24379438161849976,0.0,0.00022007152438163757,-0.000577905448153615,0.00025729741901159286,-0.0020046008430654183,0.00020213192328810692,0.00010963785462081432,0.014603753836279654,-0.0037451737458642498,0.03662116609250088,8.251378312706947e-05,-0.0001561194658279419,0.0,0.0,0.0,0.0,0.0,0.0,0.0,0.0,0.0,0.0,0.0,0.0,0.0
400,view,normal_A,validation_test_seen,eval,4992,scene_0119,128,0.01053380873054266,0.0041875396855175495,0.021848628297448158,0.011963991448283195,0.004379964433610439,-4.187693048152141e-05,0.2705226291552433,0.32001927946057823,0.8534740568713153,0.004121886100620031,0.24394549429416656,0.0,-0.00010929256677627563,-0.0010875286534428596,-0.0007271412760019302,-0.003190436400473118,0.00022674165666103363,5.619059447781183e-05,0.011361898263982206,-0.0057846922460081385,0.04863668677298194,0.00016788113862276077,-0.00020995736122131348,0.0,0.0,0.0,0.0,0.0,0.0,0.0,0.0,0.0,0.0,0.0,0.0,0.0
400,view,normal_A,validation_test_seen,eval,5248,scene_0120,128,0.006794037763029337,0.00045860520913265646,0.014520294964313507,0.0026626866310834885,0.0033213358838111162,-0.0005320571945048869,0.550442535915152,0.515338425575431,1.063461289035645,0.0041880798526108265,0.24435195326805115,0.0,8.417898789048195e-05,-0.0006867670745123178,-0.00014760345220565796,-0.0024698632769286633,0.00018835649825632572,0.0001146764843724668,0.024888989467480527,-0.0014868421309824909,0.050981315655087345,0.00010199332609772682,-0.00013571977615356445,0.0,0.0,0.0,0.0,0.0,0.0,0.0,0.0,0.0,0.0,0.0,0.0,0.0
400,view,normal_A,validation_test_seen,eval,5504,scene_0121,128,0.008413278497755527,0.001953486353158951,0.017161257565021515,0.009058767929673195,0.0038557015359401703,-0.0017482676776126027,0.4579296421409427,0.4613800281011444,0.9973913665221165,0.0036609608214348555,0.2440645843744278,0.0,-0.00010791327804327011,-0.0009100488387048244,-0.0005980096757411957,-0.0026358673349022865,0.00014742114581167698,-1.0921154171228409e-05,0.02539270902916768,0.0031545908469877704,0.048079350599196324,0.0001039688941091299,-0.00017431378364562988,0.0,0.0,0.0,0.0,0.0,0.0,0.0,0.0,0.0,0.0,0.0,0.0,0.0
400,view,normal_A,validation_test_seen,eval,5760,scene_0122,128,0.007442890200763941,0.0032213120721280575,0.01210810150951147,0.007777093909680843,0.004456699825823307,0.0003051674284506589,0.47063365677576724,0.6212658286963508,0.7552521695148714,0.002301393775269389,0.24306638538837433,0.0,-0.0003777989186346531,-0.0006814429070800543,-0.0012944294139742851,-0.0019723959267139435,0.00020893244072794914,0.0001448917610105127,0.014865809406028274,0.0024094831663571403,0.021151615835095172,9.000999853014946e-06,-0.00018395483493804932,0.0,0.0,0.0,0.0,0.0,0.0,0.0,0.0,0.0,0.0,0.0,0.0,0.0
400,view,normal_A,validation_test_seen,eval,6016,scene_0123,128,0.015152794308960438,0.007866901345551014,0.034037113189697266,0.02253960445523262,0.004498452879488468,-0.0004112898895982653,0.3964186863666422,0.6135831323193061,0.6419727662903137,0.004520097281783819,0.24385154247283936,0.0,0.0001806812360882759,-0.0006888080388307571,-0.00012991949915885925,-0.0021259449422359467,0.00035592028871178627,0.00012201027129776776,0.013952625335205526,-0.0035005860478027895,0.026493926804098344,3.83635051548481e-05,-0.00015541911125183105,0.0,0.0,0.0,0.0,0.0,0.0,0.0,0.0,0.0,0.0,0.0,0.0,0.0
400,view,normal_A,validation_test_seen,eval,6272,scene_0124,128,0.008479774929583073,0.0013967456761747599,0.016029933467507362,0.006421880330890417,0.0042410241439938545,-0.0014244263293221593,0.31903357287998285,0.40788893817269284,0.8051705922220672,0.0036903955042362213,0.24417133629322052,0.0,5.3435564041137695e-05,-0.0008282666094601154,-0.0003429315984249115,-0.00236984109506011,0.00027596112340688705,3.719166852533817e-05,0.01592371313296792,-0.00010995843989275444,0.03883574529193512,0.00013326271437108517,-0.0001560598611831665,0.0,0.0,0.0,0.0,0.0,0.0,0.0,0.0,0.0,0.0,0.0,0.0,0.0
400,view,normal_A,validation_test_seen,eval,6528,scene_0125,128,0.019443344324827194,0.013340015895664692,0.053383152931928635,0.04505623131990433,0.00454284343868494,-0.0005842647515237331,0.26364195128607093,0.3855223078150601,0.6796949532569408,0.004875694867223501,0.24420428276062012,0.0,-0.00027149543166160583,-0.0008280519396066666,-0.0014250613749027252,-0.0027492232620716095,0.00023494847118854523,1.5397556126117706e-05,0.00961560868282263,-0.0011729579818602898,0.026891508056386848,0.00011864164844155312,-0.0001569986343383789,0.0,0.0,0.0,0.0,0.0,0.0,0.0,0.0,0.0,0.0,0.0,0.0,0.0
400,view,normal_A,validation_test_seen,eval,6784,scene_0126,128,0.00662532402202487,-0.0029012740124017,0.01390941720455885,-0.005325679667294025,0.0034803340677171946,-0.0018545089988037944,0.5594135518951511,0.5292952109457131,1.0714420655732808,0.003601194592192769,0.2441396862268448,0.0,0.0004923618398606777,-0.0007185121066868305,0.0011924616992473602,-0.0025834226980805397,0.00019008410163223743,8.66851769387722e-05,0.03268481216271557,0.004034363525252882,0.05336934232586299,0.00013383128680288792,-0.0001540929079055786,0.0,0.0,0.0,0.0,0.0,0.0,0.0,0.0,0.0,0.0,0.0,0.0,0.0
400,view,normal_A,validation_test_seen,eval,7040,scene_0127,128,0.007439327891916037,0.00012193484872113913,0.020059287548065186,0.007184845395386219,0.0040172734297811985,-0.0017932590562850237,0.48922150442270607,0.47796908869479604,1.020604897990611,0.004445080645382404,0.2447245568037033,0.0,7.018819451332092e-05,-0.0006101236358517781,-0.0003426298499107361,-0.003291548229753971,0.00018212967552244663,0.0001169766765087843,0.02992229063397872,0.002800863805184628,0.05554412626915195,0.0001688026823103428,-0.0001325458288192749,0.0,0.0,0.0,0.0,0.0,0.0,0.0,0.0,0.0,0.0,0.0,0.0,0.0
400,view,normal_A,validation_test_seen,eval,7296,scene_0128,128,0.009027177467942238,0.0012011758517473936,0.019644474610686302,0.007923658937215805,0.004351301118731499,-0.0017594166565686464,0.40787296466319767,0.4015814213623622,1.0157946558060242,0.0034308568574488163,0.2441498190164566,0.0,1.4924444258213043e-05,-0.0006725585553795099,-0.00044472329318523407,-0.00257036741822958,0.00021735252812504768,0.00016324000898748636,0.02401479474245377,0.0004239165971644532,0.05825254387234191,0.00012945709750056267,-0.00015947222709655762,0.0,0.0,0.0,0.0,0.0,0.0,0.0,0.0,0.0,0.0,0.0,0.0,0.0
400,view,normal_A,validation_test_seen,eval,7552,scene_0129,128,0.006789099890738726,-0.0038743808399885893,0.012191832065582275,-0.008389217779040337,0.0045059118419885635,-0.001966416137292981,0.7964755096911592,0.6171607825588068,1.2848573444699058,0.002412443282082677,0.24394337832927704,0.0,0.00048039108514785767,-0.0005272561684250832,0.0009314203634858131,-0.002125486731529236,0.0002897861413657665,0.0001481533981859684,0.0267108308209566,-0.0021880655215013034,0.047299812910780226,0.00010423571802675724,-0.0001554936170578003,0.0,0.0,0.0,0.0,0.0,0.0,0.0,0.0,0.0,0.0,0.0,0.0,0.0
400,view,normal_A,validation_test_seen,eval,192,scene_0100,192,0.008829386904835701,-0.0013916760217398405,0.013049864210188389,-0.006170951761305332,0.007242577616125345,0.0004052305012010038,0.5749427156432435,0.5450519992636614,0.9979489252615131,0.003173278411850333,0.23987632989883423,0.0,0.0008451640605926514,-0.00029496103525161743,0.0009423298761248589,-0.002424863865599036,0.0008086324669420719,0.0005058375099906698,0.023881449802938937,0.0031766127384991183,0.038518003920226196,7.186736911535263e-05,-0.00027398765087127686,0.0,0.0,0.0,0.0,0.0,0.0,0.0,0.0,0.0,0.0,0.0,0.0,0.0
400,view,normal_A,validation_test_seen,eval,7616,scene_0129,192,0.00924580730497837,-0.004717588424682617,0.015654198825359344,-0.012361465953290462,0.006634838879108429,-0.0016032456187531352,0.8726071798026563,0.5594622177374924,1.5023055187525767,0.003256305353716016,0.23993265628814697,0.0,0.0008289087563753128,-0.0006010713987052441,0.001554315909743309,-0.00250334944576025,0.0005333563312888145,0.00017397303599864244,0.029424930039849362,-0.0026398710366402067,0.060049647428623176,0.00017230818048119545,-0.0002454519271850586,0.0,0.0,0.0,0.0,0.0,0.0,0.0,0.0,0.0,0.0,0.0,0.0,0.0
400,view,normal_B,train,eval,128,scene_0000,128,0.00788373127579689,-0.003225532826036215,0.010044421069324017,-0.003134767757728696,0.005795047152787447,-0.0033132724929600954,0.5916153075116314,0.7055472178901112,0.8360413618755688,0.0025792482774704695,0.2435697466135025,0.0,0.00012717489153146744,-0.0009809911716729403,5.979090929031372e-05,-0.0019328807247802615,0.00019231438636779785,-6.0823047533631325e-05,0.018721843035301555,-0.005530796417180794,0.03273343812736351,5.388841964304447e-05,-0.00018200278282165527,0.0,0.0,0.0,0.0,0.0,0.0,0.0,0.0,0.0,0.0,0.0,0.0,0.0
400,view,normal_B,train,eval,1664,scene_0006,128,0.011705117300152779,0.005438721273094416,0.028600910678505898,0.022110965102910995,0.003990108612924814,-0.0021742084063589573,0.3646143620648769,0.42265831022044603,0.8646969683532797,0.0036650418769568205,0.2438533753156662,0.0,-0.00016404315829277039,-0.0008289273828268051,-0.00066399946808815,-0.0028215833008289337,6.424915045499802e-05,8.096755482256413e-05,0.01888043599596373,0.0014829201162402383,0.041234242043978075,8.893990889191628e-05,-0.00019297003746032715,0.0,0.0,0.0,0.0,0.0,0.0,0.0,0.0,0.0,0.0,0.0,0.0,0.0
400,view,normal_B,train,eval,3456,scene_0013,128,0.02936301752924919,0.02439364604651928,0.06092139706015587,0.05543198063969612,0.003859813092276454,-0.0006892934907227755,0.3933672561785978,0.44452803068350655,0.8790162426561058,0.004066447261720896,0.24357956647872925,0.0,-0.00040768831968307495,-0.0008187070488929749,-0.0011637695133686066,-0.0020479485392570496,0.0002033282071352005,0.0001746751368045807,0.01267550829834918,-0.0018135748594709233,0.03249991977811828,6.678188219666481e-05,-0.00017844140529632568,0.0,0.0,0.0,0.0,0.0,0.0,0.0,0.0,0.0,0.0,0.0,0.0,0.0
400,view,normal_B,train,eval,4992,scene_0019,128,0.010765396058559418,0.0036813707556575537,0.027073433622717857,0.01608288288116455,0.004009222611784935,-0.0014563887380063534,0.26049116771762926,0.39090691937486327,0.6728985299950729,0.004593829624354839,0.24420888721942902,0.0,-0.00029464438557624817,-0.0009432698134332895,-0.0011269189417362213,-0.003412218764424324,5.015498027205467e-05,7.95791856944561e-05,0.017025232439040278,0.005359979321554187,0.034607655637093115,7.551070302724838e-05,-0.00018700957298278809,0.0,0.0,0.0,0.0,0.0,0.0,0.0,0.0,0.0,0.0,0.0,0.0,0.0
400,view,normal_B,train,eval,6784,scene_0026,128,0.006512955762445927,-0.003898868104442954,0.010451414622366428,-0.005708887241780758,0.004242107272148132,-0.002855241997167468,0.5971794844495258,0.7128792331165444,0.833897107482552,0.0028976094909012318,0.24371419847011566,0.0,0.0004295329563319683,-0.000835685757920146,0.001039372757077217,-0.0021801500115543604,7.790932431817055e-05,-6.049079820513725e-05,0.027094085138834823,-0.002195497646449329,0.0404635159241058,7.991190068423748e-05,-0.0001866668462753296,0.0,0.0,0.0,0.0,0.0,0.0,0.0,0.0,0.0,0.0,0.0,0.0,0.0
400,view,normal_B,train,eval,8576,scene_0033,128,0.012454157695174217,0.0034573753364384174,0.027673033997416496,0.014921735040843487,0.004593380726873875,-0.0024641382042318583,0.3920097069810543,0.4933805082581107,0.8029915742928376,0.004356876015663147,0.24334494769573212,0.0,-0.000124308280646801,-0.0009494428522884846,-0.0005079396069049835,-0.003031195141375065,7.384270429611206e-05,0.000125812366604805,0.02106875984192702,-0.0038218061517659163,0.047693540980075055,0.0001451754942536354,-0.0002276301383972168,0.0,0.0,0.0,0.0,0.0,0.0,0.0,0.0,0.0,0.0,0.0,0.0,0.0
400,view,normal_B,train,eval,10112,scene_0039,128,0.013116198591887951,0.004663549363613129,0.026744458824396133,0.014632671140134335,0.004129622597247362,-0.0019101639045402408,0.48878299617284676,0.6648879560887702,0.7370978967511984,0.003504560561850667,0.24357372522354126,0.0,0.00014031585305929184,-0.0010150433517992496,9.765103459358215e-05,-0.002601032145321369,0.00016844924539327621,3.0766590498387814e-05,0.015188062373414246,-0.008860641811554104,0.031867714745382414,9.35893040150404e-05,-0.00019377470016479492,0.0,0.0,0.0,0.0,0.0,0.0,0.0,0.0,0.0,0.0,0.0,0.0,0.0
400,view,normal_B,train,eval,11904,scene_0046,128,0.00831117108464241,0.00032538617961108685,0.01803847961127758,0.006526630371809006,0.003970706835389137,-0.00244169682264328,0.45760145149530385,0.48686583677898776,0.9421907739330578,0.00314113381318748,0.24404014647006989,0.0,-8.538365364074707e-05,-0.0008345672395080328,-0.0005633309483528137,-0.0028990497812628746,0.00012788339518010616,8.663511835038662e-05,0.029033088495200754,0.004361281416866203,0.05106507656865933,9.055435657501221e-05,-0.00017186999320983887,0.0,0.0,0.0,0.0,0.0,0.0,0.0,0.0,0.0,0.0,0.0,0.0,0.0
400,view,normal_B,train,eval,13440,scene_0052,128,0.007449057884514332,-0.0013054045848548412,0.011348813772201538,-0.00037588944542221725,0.004201724659651518,-0.002079413505271077,0.36452431534350915,0.480946844697455,0.7459929052557264,0.002467938233166933,0.2428414523601532,0.0,5.459412932395935e-05,-0.0011163744202349335,-6.668176501989365e-05,-0.0024920084688346833,0.00015558116137981415,2.911803312599659e-05,0.006516037064816849,-0.0032346501627816826,0.018067413522096065,4.405132494866848e-05,-0.00023014843463897705,0.0,0.0,0.0,0.0,0.0,0.0,0.0,0.0,0.0,0.0,0.0,0.0,0.0
400,view,normal_B,train,eval,15232,scene_0059,128,0.012144073843955994,0.005622547585517168,0.020458582788705826,0.014776120893657207,0.005873015150427818,-0.0012813627254217863,0.388038370613702,0.5560959531173005,0.6947403872851986,0.00340844364836812,0.2425956130027771,0.0,-0.0005927141755819321,-0.0010718456469476223,-0.0013793427497148514,-0.002599378116428852,5.899928510189056e-07,8.02668510004878e-05,0.021563190591330605,-0.0002533444190031542,0.03917386241971543,7.090996950864792e-05,-0.0002574324607849121,0.0,0.0,0.0,0.0,0.0,0.0,0.0,0.0,0.0,0.0,0.0,0.0,0.0
400,view,normal_B,train,eval,17024,scene_0066,128,0.010110304690897465,0.002705021295696497,0.02833893522620201,0.016034729778766632,0.003526919987052679,-0.0021090873051434755,0.25405241641653536,0.36115293333269693,0.7050015138214757,0.00447920011356473,0.2452772706747055,0.0,-0.00020743627101182938,-0.0006343051791191101,-0.0007266104221343994,-0.0026933737099170685,-1.9931700080633163e-05,0.00010934006422758102,0.018395875122554833,0.0034146752050927542,0.04213922016295957,0.00010983040556311607,-8.948147296905518e-05,0.0,0.0,0.0,0.0,0.0,0.0,0.0,0.0,0.0,0.0,0.0,0.0,0.0
400,view,normal_B,train,eval,18560,scene_0072,128,0.009143407456576824,-0.0006541770417243242,0.01863362081348896,0.0031171671580523252,0.004400786943733692,-0.0025388607755303383,0.42809833121633906,0.6027508059609438,0.7092657260826274,0.004131689667701721,0.24382337927818298,0.0,0.0002127084881067276,-0.0007853901624912396,0.00030151382088661194,-0.002411335939541459,0.0001683272421360016,2.7157599106431007e-05,0.019524653144220472,0.00030711046104980877,0.03239802441052164,6.886059418320656e-05,-0.0001748800277709961,0.0,0.0,0.0,0.0,0.0,0.0,0.0,0.0,0.0,0.0,0.0,0.0,0.0
400,view,normal_B,train,eval,20352,scene_0079,128,0.014494643546640873,0.009190617129206657,0.023923583328723907,0.018953068181872368,0.005364685785025358,-0.00026227443595416844,0.32815892058283114,0.3268694261259278,1.005494516845148,0.0028083273209631443,0.24243684113025665,0.0,-0.0006928686052560806,-0.0013306941837072372,-0.0015494395047426224,-0.0027296505868434906,0.0001365402713418007,2.3903994588181376e-05,0.015384930828877763,-0.0005928217512878309,0.048009585390542675,5.888729356229305e-05,-0.0002701282501220703,0.0,0.0,0.0,0.0,0.0,0.0,0.0,0.0,0.0,0.0,0.0,0.0,0.0
400,view,normal_B,train,eval,21888,scene_0085,128,0.01240911427885294,0.006086427252739668,0.020637143403291702,0.013201624155044556,0.005595554132014513,0.000194395863218233,0.512201945401576,0.554526324364353,0.9283438687106175,0.00388718512840569,0.2439141422510147,0.0,-0.00032088812440633774,-0.001207694411277771,-0.0009150225669145584,-0.002664851024746895,0.00017110630869865417,-1.0352960089221597e-06,0.030251585539657677,0.00408481965363805,0.047509784537949296,9.099463932216167e-05,-0.00021138787269592285,0.0,0.0,0.0,0.0,0.0,0.0,0.0,0.0,0.0,0.0,0.0,0.0,0.0
400,view,normal_B,train,eval,23680,scene_0092,128,0.006263886112719774,-0.0007690448546782136,0.012449913658201694,0.003063004231080413,0.0038898680359125137,-0.002239674562588334,0.4861356949429871,0.5128810078850962,0.9443176278365774,0.004326304420828819,0.2444969266653061,0.0,1.9422732293605804e-06,-0.0006034908001311123,-0.00011588260531425476,-0.0023020931985229254,4.715984687209129e-05,4.8383139073848724e-05,0.01606553182227488,-0.0037757795086307278,0.03832785494232793,6.944499909877777e-05,-0.00012378394603729248,0.0,0.0,0.0,0.0,0.0,0.0,0.0,0.0,0.0,0.0,0.0,0.0,0.0
400,view,normal_B,train,eval,25472,scene_0099,128,0.011982263065874577,0.0013597375946119428,0.023023806512355804,0.006564691197127104,0.0049693104811012745,-0.0019461484625935555,0.2929585651000649,0.3688185855009767,0.7943499485207427,0.004012963734567165,0.2432599663734436,0.0,0.0001948270946741104,-0.0011873460607603192,0.0001914147287607193,-0.0029466585256159306,0.00019699428230524063,-6.993231363594532e-05,0.017673347802823314,0.004974722269496135,0.0377491199343738,8.036615327000618e-05,-0.00024008750915527344,0.0,0.0,0.0,0.0,0.0,0.0,0.0,0.0,0.0,0.0,0.0,0.0,0.0
400,view,normal_B,validation_test_seen,eval,128,scene_0100,128,0.005084918811917305,-0.0028923398349434137,0.0085240313783288,-0.005510229617357254,0.003692291211336851,-0.001832256093621254,0.564378737477448,0.5533536491083119,1.0182651887438614,0.0024695254396647215,0.2444036900997162,0.0,0.0003961613401770592,-0.0005273569840937853,0.0010118009522557259,-0.0019904496148228645,0.0001468658447265625,6.510491948574781e-05,0.023797990735663244,0.003907161624535416,0.03568909153372202,6.062840111553669e-05,-0.00012025237083435059,0.0,0.0,0.0,0.0,0.0,0.0,0.0,0.0,0.0,0.0,0.0,0.0,0.0
400,view,normal_B,validation_test_seen,eval,384,scene_0101,128,0.005865062586963177,-0.0029897931963205338,0.010812101885676384,-0.00633422052487731,0.003418091917410493,-0.001335527398623526,0.6551804496366971,0.5963926336333132,1.0890034860810875,0.0024790058378130198,0.244043231010437,0.0,0.00034228619188070297,-0.0005785420071333647,0.0006663249805569649,-0.0018901214934885502,0.00018200487829744816,7.020914927124977e-05,0.016873083580173254,-0.0014334797269123234,0.030662822839043313,6.66154082864523e-05,-0.00014574825763702393,0.0,0.0,0.0,0.0,0.0,0.0,0.0,0.0,0.0,0.0,0.0,0.0,0.0
400,view,normal_B,validation_test_seen,eval,640,scene_0102,128,0.008011111058294773,0.0011644711485132575,0.022300763055682182,0.009300642646849155,0.0034739021211862564,-0.0014189023058861494,0.36056268255578267,0.4503140966051985,0.8002086485361073,0.00379390362650156,0.24488554894924164,0.0,0.00024617044255137444,-0.00043413275852799416,0.0003863722085952759,-0.002111402340233326,0.00020165345631539822,9.842950385063887e-05,0.01856048383058756,0.0037058787693792783,0.03448789355241744,9.009568020701408e-05,-0.00010342895984649658,0.0,0.0,0.0,0.0,0.0,0.0,0.0,0.0,0.0,0.0,0.0,0.0,0.0
400,view,normal_B,validation_test_seen,eval,896,scene_0103,128,0.007262571714818478,-0.0016571299638599157,0.016251854598522186,-0.0015657130861654878,0.0039266739040613174,-0.0016910542035475373,0.4767701888475608,0.6122499731275726,0.7815591773223192,0.004583269823342562,0.2443435788154602,0.0,0.00021318858489394188,-0.0006000852445140481,0.0007187239825725555,-0.0024983297917060554,2.5583896785974503e-05,0.00010434829164296389,0.02427724268477255,0.002183287665544764,0.03656658992724959,9.683426469564438e-05,-0.00013084709644317627,0.0,0.0,0.0,0.0,0.0,0.0,0.0,0.0,0.0,0.0,0.0,0.0,0.0
400,view,normal_B,validation_test_seen,eval,1152,scene_0104,128,0.005984568037092686,-0.00475113233551383,0.01269245520234108,-0.010989056900143623,0.0036103888414800167,-0.002543291077017784,0.4921353422958753,0.5596121222959917,0.8755430710444565,0.002841109177097678,0.24442805349826813,0.0,0.00055745430290699,-0.0006344933062791824,0.0016430122777819633,-0.0025510136038064957,0.00017323368228971958,4.3836887925863266e-05,0.009589187194979809,-0.005596673687470077,0.025462408097281175,8.223415352404118e-05,-0.00012630224227905273,0.0,0.0,0.0,0.0,0.0,0.0,0.0,0.0,0.0,0.0,0.0,0.0,0.0
400,view,normal_B,validation_test_seen,eval,1408,scene_0105,128,0.008359592407941818,-0.0019625145941972733,0.01734163984656334,0.003660379908978939,0.004968902096152306,-0.004085137974470854,0.5087943280697829,0.621309918111747,0.8208650287643262,0.003639564849436283,0.24436435103416443,0.0,5.735456943511963e-05,-0.0006909739458933473,0.00025011226534843445,-0.002602549735456705,-1.5408731997013092e-05,3.063865005970001e-05,0.021333046918488252,-0.00028970612115053473,0.03437810240707051,7.711909711360931e-05,-0.00013551115989685059,0.0,0.0,0.0,0.0,0.0,0.0,0.0,0.0,0.0,0.0,0.0,0.0,0.0
400,view,normal_B,validation_test_seen,eval,1664,scene_0106,128,0.008996288292109966,0.0012030362850055099,0.013108420185744762,0.003969534300267696,0.0050436342135071754,-0.0014561711577698588,0.6261133163915751,0.6335714514837998,0.9773853389117605,0.0023871108423918486,0.24253641068935394,0.0,-0.00028489064425230026,-0.001246661297045648,-0.0008822372183203697,-0.0026063667610287666,0.00028928881511092186,6.031175144016743e-05,0.026210099212169657,1.7480235542155498e-05,0.04149369306381734,6.877374835312366e-05,-0.00027088820934295654,0.0,0.0,0.0,0.0,0.0,0.0,0.0,0.0,0.0,0.0,0.0,0.0,0.0
400,view,normal_B,validation_test_seen,eval,1920,scene_0107,128,0.016571372747421265,0.010996357537806034,0.04289855435490608,0.035609371960163116,0.0035719762090593576,-0.0011566471075639129,0.3363325370478074,0.4470966260002483,0.7581888821293433,0.004236649256199598,0.2442835420370102,0.0,-0.00025977008044719696,-0.0007948363199830055,-0.0011586807668209076,-0.002613849937915802,0.00018408428877592087,0.0001033279113471508,0.016270525106855838,-0.0023216886065600684,0.03906935670643086,0.00011637294664978981,-0.00015242397785186768,0.0,0.0,0.0,0.0,0.0,0.0,0.0,0.0,0.0,0.0,0.0,0.0,0.0
400,view,normal_B,validation_test_seen,eval,2176,scene_0108,128,0.00856386311352253,-0.000877481244970113,0.0138308210298419,-0.0002039882238022983,0.004898346960544586,-0.0013461951166391373,0.4507396223351381,0.45300456566178693,1.004100680417336,0.0033848509192466736,0.24326854944229126,0.0,0.0003701513633131981,-0.0010819572198670357,0.000522327609360218,-0.0027154432027600706,0.0002642418257892132,5.485967267304659e-05,0.02061916415702758,0.0044924373432388975,0.03559119733063554,0.00010235793888568878,-0.00023071467876434326,0.0,0.0,0.0,0.0,0.0,0.0,0.0,0.0,0.0,0.0,0.0,0.0,0.0
400,view,normal_B,validation_test_seen,eval,2432,scene_0109,128,0.01659461297094822,0.007960895076394081,0.02961830608546734,0.017589665949344635,0.005901439115405083,5.5143471399787813e-05,0.36394685342067645,0.504332108030218,0.7150676141522121,0.003590015461668372,0.24368363618850708,0.0,0.0001392066478729248,-0.0008755913004279137,-1.2136995792388916e-05,-0.001974506303668022,0.00026346463710069656,2.667956505320035e-05,0.010416232710093953,-0.00640541396782901,0.0293390582940255,4.250556230545044e-05,-0.00017529726028442383,0.0,0.0,0.0,0.0,0.0,0.0,0.0,0.0,0.0,0.0,0.0,0.0,0.0
400,view,normal_B,validation_test_seen,eval,2688,scene_0110,128,0.009704831056296825,0.0018793977797031403,0.019522061571478844,0.007776822429150343,0.004571458324790001,-0.0012043298920616508,0.37866380394802407,0.4364583410937031,0.8747414114879797,0.0034122299402952194,0.24411721527576447,0.0,0.0001922156661748886,-0.0008498732931911945,0.00013759732246398926,-0.002611699979752302,0.00022077374160289764,7.137551438063383e-05,0.022703770919440425,0.004634334925278594,0.04150157531490517,8.321041241288185e-05,-0.00017051398754119873,0.0,0.0,0.0,0.0,0.0,0.0,0.0,0.0,0.0,0.0,0.0,0.0,0.0
400,view,normal_B,validation_test_seen,eval,2944,scene_0111,128,0.008311687968671322,0.0024486405309289694,0.013771402649581432,0.007248802576214075,0.004268530756235123,-0.0011060894466936588,0.33772867815403834,0.4257540202204559,0.7911064094258868,0.0028547863475978374,0.24401046335697174,0.0,-0.00012354925274848938,-0.0009441834408789873,-0.0006864452734589577,-0.0021660621277987957,0.0002933000214397907,-3.9328704588115215e-05,0.012744193668022985,0.0013779746576425556,0.026952145241931458,5.596899427473545e-05,-0.00016176700592041016,0.0,0.0,0.0,0.0,0.0,0.0,0.0,0.0,0.0,0.0,0.0,0.0,0.0
400,view,normal_B,validation_test_seen,eval,3200,scene_0112,128,0.007223039399832487,-0.0011781154898926616,0.010235206224024296,-0.0025725008454173803,0.00566508574411273,-0.00045691122068092227,0.47901996235264077,0.6182305753051542,0.7749162126934134,0.0035708576906472445,0.24391981959342957,0.0,0.0002914266660809517,-0.0006688128341920674,0.00028416700661182404,-0.002096940850606188,0.0002951822243630886,6.984372157603502e-05,0.017638308831322058,-0.001762708595229201,0.030466384503225807,8.297385647892952e-05,-0.0001539289951324463,0.0,0.0,0.0,0.0,0.0,0.0,0.0,0.0,0.0,0.0,0.0,0.0,0.0
400,view,normal_B,validation_test_seen,eval,3456,scene_0113,128,0.009068244136869907,-0.0011029194574803114,0.019852764904499054,-0.0005568021442741156,0.0036294658202677965,-0.0013783335452899337,0.32675839312840177,0.3694890524733469,0.8833649195114128,0.004748700652271509,0.24370338022708893,0.0,0.0002032145857810974,-0.0010828123176906956,0.00029412098228931427,-0.003334261244162917,0.0001573711633682251,5.262403283268213e-05,0.020423793285632597,0.0003851709301460615,0.05451300234273737,0.00020896783098578453,-0.00021827220916748047,0.0,0.0,0.0,0.0,0.0,0.0,0.0,0.0,0.0,0.0,0.0,0.0,0.0
400,view,normal_B,validation_test_seen,eval,3712,scene_0114,128,0.011019936762750149,0.00192143558524549,0.026968657970428467,0.012150582857429981,0.004345238208770752,-0.002359563484787941,0.36931649596206306,0.5193355350696517,0.7118470755587688,0.004224340431392193,0.24427978694438934,0.0,-6.753019988536835e-05,-0.0007545314729213715,-0.0006028283387422562,-0.0026981309056282043,0.0001564985141158104,5.8883801102638245e-05,0.018865574117260586,0.0044318612503382315,0.030131748344879195,2.7799513190984726e-05,-0.00016330182552337646,0.0,0.0,0.0,0.0,0.0,0.0,0.0,0.0,0.0,0.0,0.0,0.0,0.0
400,view,normal_B,validation_test_seen,eval,3968,scene_0115,128,0.013949291780591011,0.00578062329441309,0.04508133977651596,0.028302734717726707,0.003306557424366474,-0.001918736263178289,0.18803278797816317,0.33985769853247444,0.5540112711252253,0.00387332821264863,0.24488647282123566,0.0,9.745266288518906e-05,-0.0005037202499806881,8.507445454597473e-05,-0.0023004282265901566,0.0001016855239868164,0.0001104982802644372,0.0025632883495109726,-0.001976738027962388,0.010425181790862048,3.958982415497303e-05,-8.887052536010742e-05,0.0,0.0,0.0,0.0,0.0,0.0,0.0,0.0,0.0,0.0,0.0,0.0,0.0
400,view,normal_B,validation_test_seen,eval,4224,scene_0116,128,0.016695983707904816,0.01047353446483612,0.03878471627831459,0.03140891715884209,0.005155429244041443,-0.00046443688916042447,0.2753132204356499,0.31581871239522585,0.8735620200645898,0.00434741098433733,0.24361616373062134,0.0,-0.0003309771418571472,-0.0010622795671224594,-0.0014202259480953217,-0.003248758614063263,0.000238118227571249,8.007674477994442e-05,0.017630439275289178,0.0017848250178467695,0.05230352865589749,0.00014131003990769386,-0.0002208799123764038,0.0,0.0,0.0,0.0,0.0,0.0,0.0,0.0,0.0,0.0,0.0,0.0,0.0
400,view,normal_B,validation_test_seen,eval,4480,scene_0117,128,0.0061832875944674015,-0.0004378441662993282,0.013099067844450474,0.0015408500330522656,0.0036383408587425947,-0.0011659860610961914,0.7381762535243787,0.6358556214700641,1.151936624567754,0.0029335059225559235,0.2444213330745697,0.0,2.6805326342582703e-05,-0.00044083838429287425,-0.0003701820969581604,-0.0019660746911540627,0.00017289305105805397,0.0001204352593049407,0.021194620905858996,0.0016464467514203385,0.030902647721738674,4.162359982728958e-05,-0.00011073052883148193,0.0,0.0,0.0,0.0,0.0,0.0,0.0,0.0,0.0,0.0,0.0,0.0,0.0
400,view,normal_B,validation_test_seen,eval,4736,scene_0118,128,0.0054540871642529964,-0.0012312739854678512,0.00944953877478838,-0.0017711441032588482,0.0035286264028400183,-0.0009711034363135695,0.549184182420291,0.5121415460211814,1.0511974057765385,0.0028376493137329817,0.24379438161849976,0.0,0.00022007152438163757,-0.000577905448153615,0.00025729741901159286,-0.0020046008430654183,0.00020213192328810692,0.00010963785462081432,0.014603753836279654,-0.0037451737458642498,0.03662116609250088,8.251378312706947e-05,-0.0001561194658279419,0.0,0.0,0.0,0.0,0.0,0.0,0.0,0.0,0.0,0.0,0.0,0.0,0.0
400,view,normal_B,validation_test_seen,eval,4992,scene_0119,128,0.01053380873054266,0.0041875396855175495,0.021848628297448158,0.011963991448283195,0.004379964433610439,-4.187693048152141e-05,0.2705226291552433,0.32001927946057823,0.8534740568713153,0.004121886100620031,0.24394549429416656,0.0,-0.00010929256677627563,-0.0010875286534428596,-0.0007271412760019302,-0.003190436400473118,0.00022674165666103363,5.619059447781183e-05,0.011361898263982206,-0.0057846922460081385,0.04863668677298194,0.00016788113862276077,-0.00020995736122131348,0.0,0.0,0.0,0.0,0.0,0.0,0.0,0.0,0.0,0.0,0.0,0.0,0.0
400,view,normal_B,validation_test_seen,eval,5248,scene_0120,128,0.006794037763029337,0.00045860520913265646,0.014520294964313507,0.0026626866310834885,0.0033213358838111162,-0.0005320571945048869,0.550442535915152,0.515338425575431,1.063461289035645,0.0041880798526108265,0.24435195326805115,0.0,8.417898789048195e-05,-0.0006867670745123178,-0.00014760345220565796,-0.0024698632769286633,0.00018835649825632572,0.0001146764843724668,0.024888989467480527,-0.0014868421309824909,0.050981315655087345,0.00010199332609772682,-0.00013571977615356445,0.0,0.0,0.0,0.0,0.0,0.0,0.0,0.0,0.0,0.0,0.0,0.0,0.0
400,view,normal_B,validation_test_seen,eval,5504,scene_0121,128,0.008413278497755527,0.001953486353158951,0.017161257565021515,0.009058767929673195,0.0038557015359401703,-0.0017482676776126027,0.4579296421409427,0.4613800281011444,0.9973913665221165,0.0036609608214348555,0.2440645843744278,0.0,-0.00010791327804327011,-0.0009100488387048244,-0.0005980096757411957,-0.0026358673349022865,0.00014742114581167698,-1.0921154171228409e-05,0.02539270902916768,0.0031545908469877704,0.048079350599196324,0.0001039688941091299,-0.00017431378364562988,0.0,0.0,0.0,0.0,0.0,0.0,0.0,0.0,0.0,0.0,0.0,0.0,0.0
400,view,normal_B,validation_test_seen,eval,5760,scene_0122,128,0.007442890200763941,0.0032213120721280575,0.01210810150951147,0.007777093909680843,0.004456699825823307,0.0003051674284506589,0.47063365677576724,0.6212658286963508,0.7552521695148714,0.002301393775269389,0.24306638538837433,0.0,-0.0003777989186346531,-0.0006814429070800543,-0.0012944294139742851,-0.0019723959267139435,0.00020893244072794914,0.0001448917610105127,0.014865809406028274,0.0024094831663571403,0.021151615835095172,9.000999853014946e-06,-0.00018395483493804932,0.0,0.0,0.0,0.0,0.0,0.0,0.0,0.0,0.0,0.0,0.0,0.0,0.0
400,view,normal_B,validation_test_seen,eval,6016,scene_0123,128,0.015152794308960438,0.007866901345551014,0.034037113189697266,0.02253960445523262,0.004498452879488468,-0.0004112898895982653,0.3964186863666422,0.6135831323193061,0.6419727662903137,0.004520097281783819,0.24385154247283936,0.0,0.0001806812360882759,-0.0006888080388307571,-0.00012991949915885925,-0.0021259449422359467,0.00035592028871178627,0.00012201027129776776,0.013952625335205526,-0.0035005860478027895,0.026493926804098344,3.83635051548481e-05,-0.00015541911125183105,0.0,0.0,0.0,0.0,0.0,0.0,0.0,0.0,0.0,0.0,0.0,0.0,0.0
400,view,normal_B,validation_test_seen,eval,6272,scene_0124,128,0.008479774929583073,0.0013967456761747599,0.016029933467507362,0.006421880330890417,0.0042410241439938545,-0.0014244263293221593,0.31903357287998285,0.40788893817269284,0.8051705922220672,0.0036903955042362213,0.24417133629322052,0.0,5.3435564041137695e-05,-0.0008282666094601154,-0.0003429315984249115,-0.00236984109506011,0.00027596112340688705,3.719166852533817e-05,0.01592371313296792,-0.00010995843989275444,0.03883574529193512,0.00013326271437108517,-0.0001560598611831665,0.0,0.0,0.0,0.0,0.0,0.0,0.0,0.0,0.0,0.0,0.0,0.0,0.0
400,view,normal_B,validation_test_seen,eval,6528,scene_0125,128,0.019443344324827194,0.013340015895664692,0.053383152931928635,0.04505623131990433,0.00454284343868494,-0.0005842647515237331,0.26364195128607093,0.3855223078150601,0.6796949532569408,0.004875694867223501,0.24420428276062012,0.0,-0.00027149543166160583,-0.0008280519396066666,-0.0014250613749027252,-0.0027492232620716095,0.00023494847118854523,1.5397556126117706e-05,0.00961560868282263,-0.0011729579818602898,0.026891508056386848,0.00011864164844155312,-0.0001569986343383789,0.0,0.0,0.0,0.0,0.0,0.0,0.0,0.0,0.0,0.0,0.0,0.0,0.0
400,view,normal_B,validation_test_seen,eval,6784,scene_0126,128,0.00662532402202487,-0.0029012740124017,0.01390941720455885,-0.005325679667294025,0.0034803340677171946,-0.0018545089988037944,0.5594135518951511,0.5292952109457131,1.0714420655732808,0.003601194592192769,0.2441396862268448,0.0,0.0004923618398606777,-0.0007185121066868305,0.0011924616992473602,-0.0025834226980805397,0.00019008410163223743,8.66851769387722e-05,0.03268481216271557,0.004034363525252882,0.05336934232586299,0.00013383128680288792,-0.0001540929079055786,0.0,0.0,0.0,0.0,0.0,0.0,0.0,0.0,0.0,0.0,0.0,0.0,0.0
400,view,normal_B,validation_test_seen,eval,7040,scene_0127,128,0.007439327891916037,0.00012193484872113913,0.020059287548065186,0.007184845395386219,0.0040172734297811985,-0.0017932590562850237,0.48922150442270607,0.47796908869479604,1.020604897990611,0.004445080645382404,0.2447245568037033,0.0,7.018819451332092e-05,-0.0006101236358517781,-0.0003426298499107361,-0.003291548229753971,0.00018212967552244663,0.0001169766765087843,0.02992229063397872,0.002800863805184628,0.05554412626915195,0.0001688026823103428,-0.0001325458288192749,0.0,0.0,0.0,0.0,0.0,0.0,0.0,0.0,0.0,0.0,0.0,0.0,0.0
400,view,normal_B,validation_test_seen,eval,7296,scene_0128,128,0.009027177467942238,0.0012011758517473936,0.019644474610686302,0.007923658937215805,0.004351301118731499,-0.0017594166565686464,0.40787296466319767,0.4015814213623622,1.0157946558060242,0.0034308568574488163,0.2441498190164566,0.0,1.4924444258213043e-05,-0.0006725585553795099,-0.00044472329318523407,-0.00257036741822958,0.00021735252812504768,0.00016324000898748636,0.02401479474245377,0.0004239165971644532,0.05825254387234191,0.00012945709750056267,-0.00015947222709655762,0.0,0.0,0.0,0.0,0.0,0.0,0.0,0.0,0.0,0.0,0.0,0.0,0.0
400,view,normal_B,validation_test_seen,eval,7552,scene_0129,128,0.006789099890738726,-0.0038743808399885893,0.012191832065582275,-0.008389217779040337,0.0045059118419885635,-0.001966416137292981,0.7964755096911592,0.6171607825588068,1.2848573444699058,0.002412443282082677,0.24394337832927704,0.0,0.00048039108514785767,-0.0005272561684250832,0.0009314203634858131,-0.002125486731529236,0.0002897861413657665,0.0001481533981859684,0.0267108308209566,-0.0021880655215013034,0.047299812910780226,0.00010423571802675724,-0.0001554936170578003,0.0,0.0,0.0,0.0,0.0,0.0,0.0,0.0,0.0,0.0,0.0,0.0,0.0
400,view,normal_B,validation_test_seen,eval,192,scene_0100,192,0.008829386904835701,-0.0013916760217398405,0.013049864210188389,-0.006170951761305332,0.007242577616125345,0.0004052305012010038,0.5749427156432435,0.5450519992636614,0.9979489252615131,0.003173278411850333,0.23987632989883423,0.0,0.0008451640605926514,-0.00029496103525161743,0.0009423298761248589,-0.002424863865599036,0.0008086324669420719,0.0005058375099906698,0.023881449802938937,0.0031766127384991183,0.038518003920226196,7.186736911535263e-05,-0.00027398765087127686,0.0,0.0,0.0,0.0,0.0,0.0,0.0,0.0,0.0,0.0,0.0,0.0,0.0
400,view,normal_B,validation_test_seen,eval,7616,scene_0129,192,0.00924580730497837,-0.004717588424682617,0.015654198825359344,-0.012361465953290462,0.006634838879108429,-0.0016032456187531352,0.8726071798026563,0.5594622177374924,1.5023055187525767,0.003256305353716016,0.23993265628814697,0.0,0.0008289087563753128,-0.0006010713987052441,0.001554315909743309,-0.00250334944576025,0.0005333563312888145,0.00017397303599864244,0.029424930039849362,-0.0026398710366402067,0.060049647428623176,0.00017230818048119545,-0.0002454519271850586,0.0,0.0,0.0,0.0,0.0,0.0,0.0,0.0,0.0,0.0,0.0,0.0,0.0
400,view,remove_fixed_clip,train,eval,128,scene_0000,128,0.007702869828790426,-0.0026053166948258877,0.009973996318876743,-0.0022278595715761185,0.005507429130375385,-0.0029701951425522566,0.5841504000490593,0.7062716920767491,0.8246266843580772,0.002560473745688796,0.24366962909698486,0.0,-5.368655547499657e-05,-0.0003607750404626131,-1.0633841156959534e-05,-0.0010259725386276841,-9.530363604426384e-05,0.0002822543028742075,0.011256935572729443,-0.004806322230542892,0.021318760609871923,3.511388786137104e-05,-8.212029933929443e-05,0.0,-0.000180861447006464,0.0006202161312103271,-7.042475044727325e-05,0.0009069081861525774,-0.0002876180224120617,0.0003430773504078388,-0.007464907462572112,0.0007244741866379023,-0.01141467751749159,-1.877453178167343e-05,9.988248348236084e-05,0.0
400,view,remove_fixed_clip,train,eval,1664,scene_0006,128,0.011654159054160118,0.005980439018458128,0.028835255652666092,0.0233094934374094,0.003808872541412711,-0.0019324058666825294,0.3559281636325181,0.42080777922532026,0.8480588836516333,0.003616164904087782,0.24395620822906494,0.0,-0.0002150014042854309,-0.0002872096374630928,-0.00042965449392795563,-0.0016230549663305283,-0.00011698692105710506,0.00032277009449899197,0.010194237563604935,-0.0003676108788855381,0.02459615734233167,4.006293602287769e-05,-9.013712406158447e-05,0.0,-5.095824599266052e-05,0.0005417177453637123,0.0002343449741601944,0.0011985283344984055,-0.00018123607151210308,0.00024180253967642784,-0.008686198432358794,-0.0018505309951257765,-0.016638084701646405,-4.887697286903858e-05,0.00010283291339874268,0.0
400,view,remove_fixed_clip,train,eval,3456,scene_0013,128,0.029467906802892685,0.024907268583774567,0.061398111283779144,0.056335560977458954,0.0036642225459218025,-0.0004908069968223572,0.39031171445521834,0.448254771940964,0.8647325570090217,0.004032880067825317,0.2436755895614624,0.0,-0.0003027990460395813,-0.0003050845116376877,-0.0006870552897453308,-0.001144368201494217,7.73766078054905e-06,0.00037316163070499897,0.009619966574969718,0.0019131663979865543,0.018216234131034237,3.3214688301086426e-05,-8.241832256317139e-05,0.0,0.00010488927364349365,0.0005136225372552872,0.00047671422362327576,0.0009035803377628326,-0.00019559054635465145,0.00019848649390041828,-0.0030555417233794624,0.0037267412574574776,-0.014283685647084043,-3.3567193895578384e-05,9.60230827331543e-05,0.0
400,view,remove_fixed_clip,train,eval,4992,scene_0019,128,0.010776614770293236,0.00435522198677063,0.02759857475757599,0.01772819086909294,0.0038075298070907593,-0.0011849974980577826,0.252812741901879,0.388501442477276,0.6575085424884395,0.004568489268422127,0.2443234920501709,0.0,-0.0002834256738424301,-0.0002694185823202133,-0.0006017778068780899,-0.0017669107764959335,-0.00015153782442212105,0.00035097042564302683,0.009346806623290044,0.0029545024239669426,0.019217668130459664,5.017034709453583e-05,-7.240474224090576e-05,0.0,1.1218711733818054e-05,0.0006738512311130762,0.0005251411348581314,0.0016453079879283905,-0.00020169280469417572,0.00027139123994857073,-0.007678425815750234,-0.0024054768975872443,-0.015389987506633451,-2.5340355932712555e-05,0.00011460483074188232,0.0
400,view,remove_fixed_clip,train,eval,6784,scene_0026,128,0.006200459320098162,-0.0033613969571888447,0.009949412196874619,-0.004731934051960707,0.004038877319544554,-0.002571168588474393,0.587392427698838,0.7137859836365695,0.8191351657881775,0.0028707312885671854,0.24381278455257416,0.0,0.00011703651398420334,-0.0002982146106660366,0.0005373703315854073,-0.0012031968217343092,-0.00012532062828540802,0.00022358261048793793,0.017307028388147017,-0.001288747126424239,0.025701574229731294,5.3033698350191116e-05,-8.80807638168335e-05,0.0,-0.00031249644234776497,0.0005374711472541094,-0.0005020024254918098,0.0009769531898200512,-0.00020322995260357857,0.0002840734086930752,-0.009787056750687806,0.0009067505200250903,-0.014761941694374503,-2.6878202334046364e-05,9.85860824584961e-05,0.0
400,view,remove_fixed_clip,train,eval,8576,scene_0033,128,0.01241734903305769,0.004120341502130032,0.027952199801802635,0.016413040459156036,0.004393365699797869,-0.0022290213964879513,0.38395515608758524,0.4965571242842336,0.7818735442923787,0.004284181632101536,0.24347415566444397,0.0,-0.00016111694276332855,-0.0002864766865968704,-0.0002287738025188446,-0.0015398897230625153,-0.00012617232277989388,0.00036092917434871197,0.01301420894845795,-0.0006451901256430137,0.02657551097961608,7.248111069202423e-05,-9.842216968536377e-05,0.0,-3.680866211652756e-05,0.0006629661656916142,0.0002791658043861389,0.0014913054183125496,-0.00020001502707600594,0.00023511680774390697,-0.00805455089346907,0.0031766160261229026,-0.021118030000458976,-7.269438356161118e-05,0.00012920796871185303,0.0
400,view,remove_fixed_clip,train,eval,10112,scene_0039,128,0.012908531352877617,0.005319307558238506,0.02660234645009041,0.015853969380259514,0.0038787289522588253,-0.0016273268265649676,0.48314169325750345,0.6675286019099718,0.7258729884898897,0.003464645938947797,0.24368762969970703,0.0,-6.735138595104218e-05,-0.000359285157173872,-4.4461339712142944e-05,-0.0013797339051961899,-8.244439959526062e-05,0.00031360366847366095,0.00954675945807093,-0.0062199959903525,0.020642806484073684,5.367468111217022e-05,-7.987022399902344e-05,0.0,-0.00020766723901033401,0.0006557581946253777,-0.0001421123743057251,0.0012212982401251793,-0.00025089364498853683,0.00028283707797527313,-0.005641302915343316,0.0026406458212016037,-0.01122490826130873,-3.991462290287018e-05,0.00011390447616577148,0.0
400,view,remove_fixed_clip,train,eval,11904,scene_0046,128,0.008218372240662575,0.0009453670936636627,0.018319785594940186,0.007911059074103832,0.0037109784316271544,-0.0021628232207149267,0.44614459736448536,0.48548197457942643,0.9214437983529769,0.0030981050804257393,0.24414563179016113,0.0,-0.00017818249762058258,-0.00021458632545545697,-0.00028202496469020844,-0.001514621078968048,-0.00013184500858187675,0.00036550872027873993,0.01757623436438227,0.0029774192173048775,0.030318100988578345,4.752562381327152e-05,-6.638467311859131e-05,0.0,-9.279884397983551e-05,0.0006199809140525758,0.0002813059836626053,0.0013844287022948265,-0.0002597284037619829,0.0002788736019283533,-0.011456854130818483,-0.0013838621995613254,-0.020746975580080984,-4.3028732761740685e-05,0.00010548532009124756,0.0
400,view,remove_fixed_clip,train,eval,13440,scene_0052,128,0.00730488495901227,-0.0006306924624368548,0.011305863969027996,0.000764174445066601,0.003973263315856457,-0.0017922003753483295,0.36282639662024063,0.48593886699354955,0.7351652289848325,0.0024335021153092384,0.2429649978876114,0.0,-8.95787961781025e-05,-0.0004416622978169471,-0.00010963156819343567,-0.001351944578345865,-7.288018241524696e-05,0.0003163311630487442,0.0048181183415483275,0.00175737213331284,0.007239737251202194,9.615207090973854e-06,-0.00010660290718078613,0.0,-0.00014417292550206184,0.0006747121224179864,-4.294980317354202e-05,0.0011400638904888183,-0.0002284613437950611,0.0002872131299227476,-0.0016979187232685211,0.004992022296094523,-0.010827676270893871,-3.4436117857694626e-05,0.00012354552745819092,0.0
400,view,remove_fixed_clip,train,eval,15232,scene_0059,128,0.012294315733015537,0.006264319643378258,0.02103300578892231,0.01594354398548603,0.0057033211924135685,-0.0010360543383285403,0.37937556584434146,0.5594351747828742,0.6751183676143313,0.0033600153401494026,0.24272601306438446,0.0,-0.00044247228652238846,-0.0004300735890865326,-0.0008049197494983673,-0.001431955024600029,-0.0001691039651632309,0.0003255752380937338,0.012900385821970062,0.003085877246570501,0.019551842748848136,2.2481661289930344e-05,-0.00012703239917755127,0.0,0.0001502418890595436,0.0006417720578610897,0.0005744230002164841,0.001167423091828823,-0.0001696939580142498,0.000245308387093246,-0.008662804769360544,0.003339221665573655,-0.019622019670867297,-4.8428308218717575e-05,0.00013040006160736084,0.0
400,view,remove_fixed_clip,train,eval,17024,scene_0066,128,0.010112718679010868,0.0032618793193250895,0.028878314420580864,0.01753373071551323,0.003335406305268407,-0.0018924896139651537,0.24412962724999115,0.3587622899819585,0.6832545638385181,0.00443710433319211,0.2453491985797882,0.0,-0.00020502228289842606,-7.744715549051762e-05,-0.00018723122775554657,-0.0011943727731704712,-0.00021144538186490536,0.00032593775540590286,0.008473085956010623,0.0010240318543543458,0.020392270180002003,6.773462519049644e-05,-1.755356788635254e-05,0.0,2.4139881134033203e-06,0.0005568580236285925,0.0005393791943788528,0.0014990009367465973,-0.0001915136817842722,0.00021659769117832184,-0.00992278916654421,-0.0023906433507384084,-0.021746949982957564,-4.209578037261963e-05,7.192790508270264e-05,0.0
400,view,remove_fixed_clip,train,eval,18560,scene_0072,128,0.008917681872844696,-0.00011820557847386226,0.018431684002280235,0.004197097383439541,0.0041631730273365974,-0.0022747262846678495,0.42090219436496196,0.6035601303315041,0.6962549486058249,0.004092536401003599,0.2439211905002594,0.0,-1.3017095625400543e-05,-0.00024941869924077764,9.957700967788696e-05,-0.0013314057141542435,-6.928667426109314e-05,0.00029129208996891975,0.012328516292843372,0.001116434831610169,0.019387246933719182,2.9707327485084534e-05,-7.706880569458008e-05,0.0,-0.00022572558373212814,0.000535971463250462,-0.00020193681120872498,0.0010799302253872156,-0.00023761391639709473,0.00026413449086248875,-0.0071961368513771,0.0008093243705603603,-0.01301077747680246,-3.9153266698122025e-05,9.781122207641602e-05,0.0
400,view,remove_fixed_clip,train,eval,20352,scene_0079,128,0.014747113920748234,0.009971583262085915,0.024629635736346245,0.02026219852268696,0.005177956540137529,7.275772532011615e-06,0.31946155415048627,0.3271480866157046,0.9785595217474904,0.0027771906461566687,0.24257975816726685,0.0,-0.0004403982311487198,-0.00054972805082798,-0.000843387097120285,-0.0014205202460289001,-5.018897354602814e-05,0.00029345420307436143,0.006687564396532897,-0.00031416126151101453,0.021074590292885165,2.7750618755817413e-05,-0.00012721121311187744,0.0,0.00025247037410736084,0.0007809661328792572,0.0007060524076223373,0.0013091303408145905,-0.00018672924488782883,0.00026955020848618005,-0.008697366432344866,0.00027866048977681634,-0.02693499509765751,-3.113667480647564e-05,0.00014291703701019287,0.0
400,view,remove_fixed_clip,train,eval,21888,scene_0085,128,0.012465288862586021,0.006817846558988094,0.021001577377319336,0.014452215284109116,0.005396466236561537,0.0004958910867571831,0.5008441687830628,0.5534701858754723,0.909829233910392,0.003851360408589244,0.24403072893619537,0.0,-0.0002647135406732559,-0.00047627510502934456,-0.0005505885928869247,-0.001414259895682335,-2.7981586754322052e-05,0.0003004599275300279,0.01889380892114445,0.0030286811647572964,0.02899514973772388,5.516991950571537e-05,-9.480118751525879e-05,0.0,5.617458373308182e-05,0.0007314193062484264,0.00036443397402763367,0.00125059112906456,-0.00019908789545297623,0.0003014952235389501,-0.011357776618513227,-0.0010561384888807535,-0.018514634800225416,-3.5824719816446304e-05,0.00011658668518066406,0.0
400,view,remove_fixed_clip,train,eval,23680,scene_0092,128,0.006140852812677622,-0.0003273325855843723,0.012529618106782436,0.004021756816655397,0.003689029486849904,-0.001996387029066682,0.480878615846542,0.5149283204003003,0.9302597217208136,0.0042862072587013245,0.2445695400238037,0.0,-0.00012109102681279182,-0.00016177853103727102,-3.617815673351288e-05,-0.0013433406129479408,-0.00015367870219051838,0.00029167067259550095,0.010808452725829809,-0.0017284669934265473,0.02426994882656419,2.934783697128296e-05,-5.117058753967285e-05,0.0,-0.0001230333000421524,0.0004417122690938413,7.970444858074188e-05,0.0009587525855749846,-0.00020083854906260967,0.00024328753352165222,-0.005257079096445072,0.0020473125152041804,-0.01405790611576374,-4.009716212749481e-05,7.261335849761963e-05,0.0
400,view,remove_fixed_clip,train,eval,25472,scene_0099,128,0.01178154069930315,0.0020892934408038855,0.022877806797623634,0.007953600026667118,0.00473383441567421,-0.0016353755490854383,0.2867609616550021,0.36816115300075125,0.7789117391730005,0.003974119666963816,0.2433914989233017,0.0,-5.895271897315979e-06,-0.00045779021456837654,4.5415014028549194e-05,-0.0015577496960759163,-3.8481783121824265e-05,0.00024084059987217188,0.011475744357760498,0.004317289769270705,0.022310910586631594,4.1522085666656494e-05,-0.00010855495929718018,0.0,-0.0002007223665714264,0.0007295558461919427,-0.0001459997147321701,0.0013889088295400143,-0.0002354760654270649,0.0003107729135081172,-0.006197603445062816,-0.00065743250022543,-0.015438209347742204,-3.8844067603349686e-05,0.00013153254985809326,0.0
400,view,remove_fixed_clip,validation_test_seen,eval,128,scene_0100,128,0.004794955253601074,-0.0024507390335202217,0.008007991127669811,-0.004597625229507685,0.00349387526512146,-0.0015813830541446805,0.5544155500172133,0.5518204457507881,1.0031701814231597,0.0024404937867075205,0.2444797158241272,0.0,0.0001061977818608284,-8.575618267059326e-05,0.0004957607015967369,-0.0010778452269732952,-5.155010148882866e-05,0.0003159779589623213,0.01383480327542852,0.0023739582670117,0.020594084213020336,3.1596748158335686e-05,-4.4226646423339844e-05,0.0,-0.0002899635583162308,0.000441600801423192,-0.000516040250658989,0.0009126043878495693,-0.00019841594621539116,0.00025087303947657347,-0.009963187460234724,-0.0015332033575237158,-0.015095007320701681,-2.9031652957201004e-05,7.602572441101074e-05,0.0
400,view,remove_fixed_clip,validation_test_seen,eval,384,scene_0101,128,0.005657766479998827,-0.0025849284138530493,0.010470795445144176,-0.005535082425922155,0.0032770808320492506,-0.0011256829602643847,0.6491970642702408,0.5985032845411671,1.0752988135749786,0.0024457238614559174,0.2441183626651764,0.0,0.00013499008491635323,-0.0001736772246658802,0.0003250185400247574,-0.0010909833945333958,4.0993792936205864e-05,0.0002800535876303911,0.010889698213716992,0.0006771711809415715,0.016958150332934352,3.33334319293499e-05,-7.061660289764404e-05,0.0,-0.00020729610696434975,0.0004048647824674845,-0.0003413064405322075,0.0007991380989551544,-0.0001410110853612423,0.00020984443835914135,-0.005983385366456262,0.002110650907853895,-0.013704672506108961,-3.3281976357102394e-05,7.513165473937988e-05,0.0
400,view,remove_fixed_clip,validation_test_seen,eval,640,scene_0102,128,0.007821270264685154,0.0015369311440736055,0.02209527976810932,0.010214145295321941,0.003289027838036418,-0.001218232442624867,0.35489227532792544,0.44897268596360296,0.7900913446728629,0.0037621050141751766,0.24495066702365875,0.0,5.6329648941755295e-05,-6.167276296764612e-05,0.00018088892102241516,-0.00119789969176054,1.677917316555977e-05,0.0002990993671119213,0.012890076602730338,0.0023644681277837365,0.02437058968917305,5.829706788063049e-05,-3.8310885429382324e-05,0.0,-0.00018984079360961914,0.00037245999556034803,-0.00020548328757286072,0.000913502648472786,-0.00018487428314983845,0.00020066986326128244,-0.0056704072278572215,-0.0013414106415955418,-0.010117303863244387,-3.179861232638359e-05,6.511807441711426e-05,0.0
400,view,remove_fixed_clip,validation_test_seen,eval,896,scene_0103,128,0.0070345145650208,-0.001184028573334217,0.01589958183467388,-0.00041907309787347913,0.003744714427739382,-0.0014679013984277844,0.4703527184252174,0.6130131338945298,0.7701835341419945,0.004533424042165279,0.24442467093467712,0.0,-1.4868564903736115e-05,-0.00012698385398834944,0.0003664512187242508,-0.0013516898034140468,-0.00015637557953596115,0.00032750109676271677,0.017859772262429185,0.0029464484325020246,0.025190946746924903,4.6988483518362045e-05,-4.9754977226257324e-05,0.0,-0.000228057149797678,0.00047310139052569866,-0.00035227276384830475,0.0011466399882920086,-0.00018195947632193565,0.00022315280511975288,-0.006417470422343363,0.0007631607669572604,-0.01137564318032469,-4.984578117728233e-05,8.109211921691895e-05,0.0
400,view,remove_fixed_clip,validation_test_seen,eval,1152,scene_0104,128,0.005597770679742098,-0.004246879834681749,0.01191641017794609,-0.009859052486717701,0.003361361799761653,-0.0022605163976550102,0.48778618752728714,0.5596428822609514,0.8677510806344512,0.002808177610859275,0.24450981616973877,0.0,0.0001706569455564022,-0.0001302408054471016,0.0008669672533869743,-0.0014210091903805733,-7.579335942864418e-05,0.00032661156728863716,0.00524003242639165,-0.005565913722510363,0.01767041768727584,4.9302587285637856e-05,-4.4539570808410645e-05,0.0,-0.00038679735735058784,0.0005042525008320808,-0.000776045024394989,0.0011300044134259224,-0.00024902704171836376,0.0002827746793627739,-0.004349154768588159,3.075996495971456e-05,-0.007791990410005334,-3.293156623840332e-05,8.176267147064209e-05,0.0
400,view,remove_fixed_clip,validation_test_seen,eval,1408,scene_0105,128,0.008160955272614956,-0.0014360541244968772,0.017212729901075363,0.004907978232949972,0.004743941593915224,-0.0038309041410684586,0.5013474122785008,0.6214325775388795,0.8088228121843403,0.0036046388559043407,0.24445173144340515,0.0,-0.0001412825658917427,-0.0001645134761929512,0.00012120231986045837,-0.001354951411485672,-0.00024036923423409462,0.00028487248346209526,0.013886131127206158,-0.00016704669401801375,0.022335885827084567,4.2193103581666946e-05,-4.813075065612793e-05,0.0,-0.00019863713532686234,0.0005264604697003961,-0.00012890994548797607,0.001247598323971033,-0.00022496050223708153,0.00025423383340239525,-0.007446915791282094,0.00012265942713252098,-0.012042216579985943,-3.492599353194237e-05,8.738040924072266e-05,0.0
400,view,remove_fixed_clip,validation_test_seen,eval,1664,scene_0106,128,0.00908307358622551,0.0019239078974351287,0.013458906672894955,0.005160166881978512,0.004876944236457348,-0.0011868420988321304,0.6172054483053853,0.6327134833421754,0.9645027858459568,0.002366002183407545,0.24267108738422394,0.0,-0.0001981053501367569,-0.0005257896846160293,-0.0005317507311701775,-0.0014157341793179512,0.00012259883806109428,0.00032964081037789583,0.01730223112597984,-0.0008404879060822656,0.02861113999801368,4.766508936882019e-05,-0.00013621151447296143,0.0,8.678529411554337e-05,0.0007208716124296188,0.00035048648715019226,0.0011906325817108154,-0.00016668997704982758,0.0002693290589377284,-0.008907868086189819,-0.0008579681416244211,-0.012882553065803659,-2.1108658984303474e-05,0.00013467669486999512,0.0
400,view,remove_fixed_clip,validation_test_seen,eval,1920,scene_0107,128,0.016636086627840996,0.011546245776116848,0.04346584901213646,0.036813609302043915,0.0033885331358760595,-0.0009298510267399251,0.33021750364030106,0.4477361296437018,0.7435423540271323,0.004185353871434927,0.2443748116493225,0.0,-0.00019505620002746582,-0.0002449480816721916,-0.0005913861095905304,-0.0014096125960350037,6.41215592622757e-07,0.0003301239921711385,0.010155491699349484,-0.00168218496310657,0.02442282860421985,6.507756188511848e-05,-6.115436553955078e-05,0.0,6.471388041973114e-05,0.0005498882383108139,0.0005672946572303772,0.0012042373418807983,-0.0001834430731832981,0.00022679608082398772,-0.006115033407506354,0.0006395036434534984,-0.01464652810221101,-5.1295384764671326e-05,9.12696123123169e-05,0.0
400,view,remove_fixed_clip,validation_test_seen,eval,2176,scene_0108,128,0.008351624011993408,-0.0002274109865538776,0.013568823225796223,0.001026929821819067,0.004720739554613829,-0.001100363559089601,0.44301565135237825,0.4533923538067014,0.9863786889391859,0.003336018417030573,0.2433849275112152,0.0,0.0001579122617840767,-0.0004318869614508003,0.00026032980531454086,-0.0014845251571387053,8.663441985845566e-05,0.0003006912302225828,0.012895193174267738,0.004880225488153367,0.017869205852485415,5.352543666958809e-05,-0.00011433660984039307,0.0,-0.0002122391015291214,0.0006500702584162354,-0.0002619978040456772,0.0012309180456213653,-0.00017760740593075752,0.00024583155754953623,-0.007723970982759842,0.00038778814491446933,-0.017721991478150123,-4.883250221610069e-05,0.0001163780689239502,0.0
400,view,remove_fixed_clip,validation_test_seen,eval,2432,scene_0109,128,0.016494708135724068,0.00852841418236494,0.02959512732923031,0.018514100462198257,0.005738540086895227,0.00032961362740024924,0.36045173573857053,0.5076361080601807,0.7034980624785258,0.0035634972155094147,0.24378064274787903,0.0,3.930181264877319e-05,-0.00030807219445705414,-3.5315752029418945e-05,-0.0010500717908143997,0.0001005656085908413,0.0003011497210536618,0.006921115027988034,-0.0031014139378663375,0.01776950662033916,1.5987316146492958e-05,-7.829070091247559e-05,0.0,-9.990483522415161e-05,0.0005675191059708595,-2.317875623703003e-05,0.0009244345128536224,-0.00016289902850985527,0.00027447015600046143,-0.0034951176821059193,0.0033040000299626726,-0.01156955167368634,-2.651824615895748e-05,9.700655937194824e-05,0.0
400,view,remove_fixed_clip,validation_test_seen,eval,2688,scene_0110,128,0.009550772607326508,0.002416399307549,0.019421081990003586,0.008883708156645298,0.0043896459974348545,-0.0009653184679336846,0.3720208499409412,0.4367284888343011,0.8593751744350004,0.003370305523276329,0.24420736730098724,0.0,3.815721720457077e-05,-0.000312871765345335,3.6617740988731384e-05,-0.001504814252257347,3.8961414247751236e-05,0.0003103869385086,0.016060816912357556,0.004904482665876619,0.026135338261925933,4.128599539399147e-05,-8.036196231842041e-05,0.0,-0.00015405844897031784,0.0005370015278458595,-0.00010097958147525787,0.001106885727494955,-0.0001818123273551464,0.00023901142412796617,-0.0066429540070828685,0.0002701477405980257,-0.015366237052979237,-4.192441701889038e-05,9.015202522277832e-05,0.0
400,view,remove_fixed_clip,validation_test_seen,eval,2944,scene_0111,128,0.008328807540237904,0.0030364557169377804,0.014077892526984215,0.008229892700910568,0.004071357659995556,-0.0008095118682831526,0.334239146803963,0.4273494510709801,0.7801884180744039,0.0028237183578312397,0.24409988522529602,0.0,-0.00010642968118190765,-0.0003563682548701763,-0.00037995539605617523,-0.0011849720031023026,9.612692520022392e-05,0.00025724887382239103,0.009254662317947637,0.002973405508166771,0.016034153890448488,2.4901004508137703e-05,-7.234513759613037e-05,0.0,1.7119571566581726e-05,0.000587815186008811,0.00030648987740278244,0.0009810901246964931,-0.0001971730962395668,0.00029657757841050625,-0.0034895313500753478,0.0015954308505242154,-0.01091799135148297,-3.106798976659775e-05,8.942186832427979e-05,0.0
400,view,remove_fixed_clip,validation_test_seen,eval,3200,scene_0112,128,0.00704516377300024,-0.0006848437478765845,0.010029441677033901,-0.0016246140003204346,0.005501635372638702,-0.00019877558224834502,0.4729376254282989,0.6189352812073549,0.7642586226809797,0.0035374294966459274,0.24400705099105835,0.0,0.00011355103924870491,-0.00017554109217599034,7.840245962142944e-05,-0.0011490540055092424,0.00013173185288906097,0.0003279793600086123,0.011555971906980211,-0.0010580026930285813,0.019808794490792092,4.9545662477612495e-05,-6.669759750366211e-05,0.0,-0.00017787562683224678,0.000493271742016077,-0.0002057645469903946,0.0009478868450969458,-0.00016345037147402763,0.00025813563843257725,-0.006082336924341847,0.0007047059022006197,-0.010657590012433715,-3.3428194001317024e-05,8.723139762878418e-05,0.0
400,view,remove_fixed_clip,validation_test_seen,eval,3456,scene_0113,128,0.008899501524865627,-0.0004015028243884444,0.019765960052609444,0.0010145483538508415,0.0034193997271358967,-0.0011156367836520076,0.3183071762178204,0.37023726595883194,0.8586840053644316,0.004656826611608267,0.2438274323940277,0.0,3.447197377681732e-05,-0.00038139568459882867,0.00020731613039970398,-0.00176291074603796,-5.2694929763674736e-05,0.00031532079447060823,0.011972576375051225,0.0011333844156311002,0.029832088195756112,0.00011709379032254219,-9.422004222869873e-05,0.0,-0.0001687426120042801,0.000701416633091867,-8.680485188961029e-05,0.001571350498124957,-0.00021006609313189983,0.0002626967616379261,-0.008451216910581372,0.0007482134854850386,-0.02468091414698126,-9.187404066324234e-05,0.00012405216693878174,0.0
400,view,remove_fixed_clip,validation_test_seen,eval,3712,scene_0114,128,0.010953189805150032,0.002490045502781868,0.027277303859591484,0.013434923253953457,0.004121385980397463,-0.002090493682771921,0.36285763683101024,0.5193565848618116,0.699534503174816,0.004202370997518301,0.24437645077705383,0.0,-0.00013427715748548508,-0.00018592155538499355,-0.0002941824495792389,-0.0014137905091047287,-6.735371425747871e-05,0.00032795360311865807,0.012406714986207767,0.00445291104249812,0.017819175960926414,5.8300793170928955e-06,-6.663799285888672e-05,0.0,-6.674695760011673e-05,0.0005686099175363779,0.0003086458891630173,0.0012843403965234756,-0.0002238522283732891,0.0002690698020160198,-0.006458859131052819,2.1049792159888447e-05,-0.01231257238395278,-2.196943387389183e-05,9.666383266448975e-05,0.0
400,view,remove_fixed_clip,validation_test_seen,eval,3968,scene_0115,128,0.013813119381666183,0.006226163357496262,0.04516647011041641,0.029369374737143517,0.0030947306659072638,-0.0016855262219905853,0.18559698297856964,0.3401517897676392,0.5464947681575194,0.0038546458818018436,0.24495245516300201,0.0,-3.871973603963852e-05,-5.818018689751625e-05,0.0001702047884464264,-0.0012337882071733475,-0.00011014123447239399,0.0003437083214521408,0.00012748334991743993,-0.0016826467927976152,0.0029086788231561522,2.090749330818653e-05,-2.288818359375e-05,0.0,-0.00013617239892482758,0.00044554006308317184,8.513033390045166e-05,0.001066640019416809,-0.0002118267584592104,0.0002332100411877036,-0.0024358049995935327,0.00029409123516477287,-0.007516502967705896,-1.86823308467865e-05,6.598234176635742e-05,0.0
400,view,remove_fixed_clip,validation_test_seen,eval,4224,scene_0116,128,0.016798196360468864,0.011167081072926521,0.039463531225919724,0.03294721245765686,0.004956383723765612,-0.00021224307420197874,0.26808258427098103,0.3163736656451549,0.8488498603258617,0.004279315005987883,0.24374055862426758,0.0,-0.00022876448929309845,-0.0003687329590320587,-0.0007414110004901886,-0.0017104633152484894,3.9072707295417786e-05,0.00033227055973839015,0.010399803110620331,0.002339778267775816,0.0275913689171694,7.321406155824661e-05,-9.648501873016357e-05,0.0,0.00010221265256404877,0.0006935466080904007,0.0006788149476051331,0.0015382952988147736,-0.00019904552027583122,0.00025219381495844573,-0.007230636164668847,0.0005549532499290466,-0.02471215973872809,-6.809597834944725e-05,0.00012439489364624023,0.0
400,view,remove_fixed_clip,validation_test_seen,eval,4480,scene_0117,128,0.006064570043236017,-2.6011253794422373e-05,0.013238372281193733,0.002445157617330551,0.0034246742725372314,-0.0009353795321658254,0.7318001957684642,0.6369808716304449,1.1398267485946678,0.0029037834610790014,0.24449515342712402,0.0,-9.191222488880157e-05,-2.9005471787968418e-05,-0.00023087766021490097,-0.0010617671068757772,-4.07735351473093e-05,0.00035104178823530674,0.014818563149944564,0.0027716969118011248,0.01879277174865246,1.1901138350367546e-05,-3.6910176277160645e-05,0.0,-0.00011871755123138428,0.00041183291250490583,0.00013930443674325943,0.0009043075842782855,-0.00021366658620536327,0.00023060652893036604,-0.006376057755914433,0.0011252501603807863,-0.012109875973086215,-2.9722461476922035e-05,7.382035255432129e-05,0.0
400,view,remove_fixed_clip,validation_test_seen,eval,4736,scene_0118,128,0.005297301337122917,-0.0008101508137769997,0.009321225807070732,-0.0009234962053596973,0.0033581180032342672,-0.0007555281626991928,0.5432899093910873,0.5133858222418586,1.0371433042846865,0.0028009233064949512,0.2438761293888092,0.0,6.32856972515583e-05,-0.00015678227646276355,0.0001289844512939453,-0.0011569529451662675,3.162352368235588e-05,0.0003252131282351911,0.008709480807076009,-0.002500897525187118,0.022567064600648834,4.578777588903904e-05,-7.437169551849365e-05,0.0,-0.00015678582713007927,0.00042112317169085145,-0.00012831296771764755,0.0008476478978991508,-0.00017050839960575104,0.00021557527361437678,-0.005894273029203645,0.0012442762206771318,-0.014054101491852045,-3.6726007238030434e-05,8.174777030944824e-05,0.0
400,view,remove_fixed_clip,validation_test_seen,eval,4992,scene_0119,128,0.010551085695624352,0.004877347499132156,0.022140245884656906,0.013469498604536057,0.004248030483722687,0.0002042923733824864,0.2656205380462565,0.3233207903645604,0.8302520651314765,0.004045483656227589,0.24406000971794128,0.0,-9.201560169458389e-05,-0.0003977208398282528,-0.0004355236887931824,-0.0016849292442202568,9.48077067732811e-05,0.00030235989834181964,0.006459807154995445,-0.002483181342025964,0.025414695033143198,9.147869423031807e-05,-9.544193744659424e-05,0.0,1.7276965081691742e-05,0.0006898078136146069,0.00029161758720874786,0.001505507156252861,-0.00013193394988775253,0.0002461693038640078,-0.004902091108986761,0.0033015109039821744,-0.023221991739838743,-7.64024443924427e-05,0.00011451542377471924,0.0
400,view,remove_fixed_clip,validation_test_seen,eval,5248,scene_0120,128,0.006673445459455252,0.0009647359838709235,0.01450768206268549,0.0037841147277504206,0.003152212593704462,-0.00030248265829868615,0.5409654210606885,0.516610460498997,1.0425991450151788,0.004130612593144178,0.24443508684635162,0.0,-3.641331568360329e-05,-0.0001806362997740507,-0.00016021635383367538,-0.0013484351802617311,1.9233208149671555e-05,0.0003442510205786675,0.015411874613016963,-0.00021480720741651194,0.03011917163462119,4.452606663107872e-05,-5.258619785308838e-05,0.0,-0.00012059230357408524,0.0005061307747382671,-1.2612901628017426e-05,0.001121428096666932,-0.00016912329010665417,0.00022957453620620072,-0.009477114854463564,0.001272034923565979,-0.020862144020466156,-5.74672594666481e-05,8.313357830047607e-05,0.0
400,view,remove_fixed_clip,validation_test_seen,eval,5504,scene_0121,128,0.008362075313925743,0.0025502783246338367,0.017378702759742737,0.010251159779727459,0.0036645368672907352,-0.0014617744600400329,0.4484791830060636,0.46116598372496753,0.9775002262023531,0.0036123183090239763,0.24416516721248627,0.0,-0.0001591164618730545,-0.0003132568672299385,-0.00038056448101997375,-0.0014434754848480225,-4.3743522837758064e-05,0.00027557206340134144,0.01594224989428855,0.0029405464708108786,0.028188210279432968,5.532638169825077e-05,-7.37309455871582e-05,0.0,-5.120318382978439e-05,0.0005967919714748859,0.00021744519472122192,0.001192391850054264,-0.00019116466864943504,0.00028649321757256985,-0.00945045913487913,-0.00021404437617689176,-0.019891140319763356,-4.8642512410879135e-05,0.00010058283805847168,0.0
400,view,remove_fixed_clip,validation_test_seen,eval,5760,scene_0122,128,0.0075842407532036304,0.0036789546720683575,0.01263683196157217,0.0086203096434474,0.004350091330707073,0.0005160059663467109,0.4645179303126562,0.6211101220351636,0.745579182765255,0.0022919070906937122,0.24315693974494934,0.0,-0.00023644836619496346,-0.0002238003071397543,-0.0007656989619135857,-0.0011291801929473877,0.00010232394561171532,0.0003557302989065647,0.008750082942917237,0.002253776505169891,0.011478629085478809,-4.85684722661972e-07,-9.340047836303711e-05,0.0,0.00014135055243968964,0.0004576425999403,0.0005287304520606995,0.0008432157337665558,-0.00010660849511623383,0.000210838537896052,-0.0061157264631110375,-0.0001557066611872493,-0.009672986749616364,-9.486684575676918e-06,9.055435657501221e-05,0.0
400,view,remove_fixed_clip,validation_test_seen,eval,6016,scene_0123,128,0.015025392174720764,0.008343150839209557,0.03405291587114334,0.02345351316034794,0.004290252923965454,-0.00018196403107140213,0.39209231015858137,0.6164899700983852,0.6318205426253346,0.004493034444749355,0.24393826723098755,0.0,5.3279101848602295e-05,-0.0002125585451722145,-0.00011411681771278381,-0.0012120362371206284,0.0001477203331887722,0.0003513361298246309,0.009626249127144715,-0.000593748268723604,0.0163417031391192,1.1300668120384216e-05,-6.86943531036377e-05,0.0,-0.00012740213423967361,0.00047624949365854263,1.580268144607544e-05,0.0009139087051153183,-0.00020819995552301407,0.00022932585852686316,-0.0043263762080608115,0.0029068377790791855,-0.010152223664979143,-2.7062837034463882e-05,8.672475814819336e-05,0.0
400,view,remove_fixed_clip,validation_test_seen,eval,6272,scene_0124,128,0.008391402661800385,0.0019311612704768777,0.016117891296744347,0.007454399485141039,0.004053657874464989,-0.001169651746749878,0.3132681101043982,0.4083835070733166,0.7902797530273322,0.003635804168879986,0.24425949156284332,0.0,-3.4936703741550446e-05,-0.0002938510151579976,-0.00025497376918792725,-0.0013373219408094883,8.859485387802124e-05,0.00029196625109761953,0.01015825035738327,0.00038461046073101635,0.023944906097200125,7.867137901484966e-05,-6.790459156036377e-05,0.0,-8.837226778268814e-05,0.0005344155943021178,8.795782923698425e-05,0.0010325191542506218,-0.00018736626952886581,0.00025477458257228136,-0.005765462775584651,0.0004945689006237708,-0.014890839194734995,-5.4591335356235504e-05,8.815526962280273e-05,0.0
400,view,remove_fixed_clip,validation_test_seen,eval,6528,scene_0125,128,0.01950826868414879,0.01395061518996954,0.05412464588880539,0.04643210023641586,0.00431073596701026,-0.00030963917379267514,0.25921553508684825,0.3860703729344317,0.6672928907214164,0.00482398085296154,0.24430708587169647,0.0,-0.0002065710723400116,-0.00021745264530181885,-0.0006835684180259705,-0.0013733543455600739,2.8409995138645172e-06,0.0002900231338571757,0.005189192483599947,-0.0006248928624886796,0.014489445520862398,6.692763417959213e-05,-5.4195523262023926e-05,0.0,6.492435932159424e-05,0.0006105992943048477,0.0007414929568767548,0.0013758689165115356,-0.0002321074716746807,0.000274625577731058,-0.0044264161992226825,0.0005480651193716102,-0.01240206253552445,-5.171401426196098e-05,0.00010280311107635498,0.0
400,view,remove_fixed_clip,validation_test_seen,eval,6784,scene_0126,128,0.006301866378635168,-0.002323010703548789,0.013343647122383118,-0.004006505943834782,0.0032614984083920717,-0.0015961428871378303,0.5450552627693832,0.5267286053618607,1.0497103296441774,0.0035478565841913223,0.2442399263381958,0.0,0.00016890419647097588,-0.00014024879783391953,0.0006266916170716286,-0.001264248974621296,-2.87515576928854e-05,0.00034505128860473633,0.018326523036947706,0.001467757941400527,0.03163760639675961,8.049327880144119e-05,-5.385279655456543e-05,0.0,-0.00032345764338970184,0.000578263308852911,-0.0005657700821757317,0.0013191737234592438,-0.00021883565932512283,0.0002583661116659641,-0.014358289125767865,-0.002566605583852355,-0.02173173592910338,-5.3338008001446724e-05,0.00010024011135101318,0.0
400,view,remove_fixed_clip,validation_test_seen,eval,7040,scene_0127,128,0.007303413935005665,0.0006532707484439015,0.02023286558687687,0.0087790098041296,0.0037974368315190077,-0.0015501219313591719,0.47753925299954436,0.47820114727936175,0.9963890472947882,0.004364506807178259,0.2448093742132187,0.0,-6.572576239705086e-05,-7.878773612901568e-05,-0.00016905181109905243,-0.0016973838210105896,-3.7706922739744186e-05,0.0003601138014346361,0.018240039210817016,0.0030329223897503366,0.03132827557332907,8.822884410619736e-05,-4.772841930389404e-05,0.0,-0.00013591395691037178,0.0005313358997227624,0.00017357803881168365,0.0015941644087433815,-0.00021983659826219082,0.00024313712492585182,-0.011682251423161705,0.0002320585845657086,-0.024215850695822883,-8.057383820414543e-05,8.481740951538086e-05,0.0
400,view,remove_fixed_clip,validation_test_seen,eval,7296,scene_0128,128,0.008969036862254143,0.001732129487209022,0.019885819405317307,0.0091555742546916,0.004161267075687647,-0.0015371677000075579,0.395888021552157,0.39923643098576334,0.9918743139239098,0.003376852488145232,0.2442443072795868,0.0,-4.321616142988205e-05,-0.0001416049199178815,-0.00020337849855422974,-0.0013384521007537842,2.731848508119583e-05,0.0003854889655485749,0.012029851631413124,-0.0019210737794344013,0.03433220199022746,7.545272819697857e-05,-6.498396396636963e-05,0.0,-5.814060568809509e-05,0.0005309536354616284,0.00024134479463100433,0.0012319153174757957,-0.00019003404304385185,0.00022224895656108856,-0.011984943111040647,-0.0023449903765988545,-0.02392034188211445,-5.40043693035841e-05,9.448826313018799e-05,0.0
400,view,remove_fixed_clip,validation_test_seen,eval,7552,scene_0129,128,0.006497139111161232,-0.0033855270594358444,0.011684129014611244,-0.007306363433599472,0.0043051233515143394,-0.0017285861540585756,0.7837264371657912,0.6191165763641063,1.260384405821203,0.002350367372855544,0.24403811991214752,0.0,0.000188430305570364,-3.8402387872338295e-05,0.00042371731251478195,-0.0010426323860883713,8.899765089154243e-05,0.0003859833814203739,0.013961758295588544,-0.00023227171620177067,0.022826874262077412,4.215980879962444e-05,-6.0752034187316895e-05,0.0,-0.00029196077957749367,0.0004888537805527449,-0.0005077030509710312,0.0010828543454408646,-0.0002007884904742241,0.00023782998323440552,-0.012749072525368055,0.0019557938052995327,-0.024472938648702813,-6.20759092271328e-05,9.47415828704834e-05,0.0
400,view,remove_fixed_clip,validation_test_seen,eval,192,scene_0100,192,0.008477525785565376,-0.000916850462090224,0.012571793980896473,-0.005095485132187605,0.006938167382031679,0.0006542275077663362,0.5674457537692147,0.5441723199265189,0.9856449947997642,0.003143713343888521,0.23999468982219696,0.0,0.0004933029413223267,0.00017986452439799905,0.00046425964683294296,-0.001349397236481309,0.0005042222328484058,0.0007548345165560022,0.01638448792891012,0.0022969334013566156,0.02621407345847726,4.230230115354061e-05,-0.00015562772750854492,0.0,-0.0003518611192703247,0.0004748255596496165,-0.0004780702292919159,0.0010754666291177273,-0.0003044102340936661,0.0002489970065653324,-0.007496961874028818,-0.0008796793371425027,-0.012303930461748935,-2.956506796181202e-05,0.00011835992336273193,0.0
400,view,remove_fixed_clip,validation_test_seen,eval,7616,scene_0129,192,0.008759802207350731,-0.004099892918020487,0.014816606417298317,-0.011069471947848797,0.006292080041021109,-0.001260279561392963,0.8608758727138973,0.5607101349480041,1.4776207773507612,0.0031795715913176537,0.24005885422229767,0.0,0.00034290365874767303,1.662410795688629e-05,0.0007167235016822815,-0.0012113554403185844,0.00019059749320149422,0.0005169390933588147,0.017693622951090338,-0.0013919538261284448,0.03536490602680775,9.557441808283329e-05,-0.00011925399303436279,0.0,-0.00048600509762763977,0.0006176955066621304,-0.0008375924080610275,0.0012919940054416656,-0.00034275883808732033,0.00034296605736017227,-0.011731307088759024,0.001247917210511762,-0.024684741401815424,-7.673376239836216e-05,0.0001261979341506958,0.0
400,view,remove_recomputed_clip,train,eval,128,scene_0000,128,0.0076976679265499115,-0.0025951748248189688,0.009971403516829014,-0.0022180285304784775,0.005499705206602812,-0.0029597526881843805,0.5841875213747969,0.7062994665085418,0.8246471055798108,0.0025602183304727077,0.24367113411426544,0.0,-5.888845771551132e-05,-0.0003506331704556942,-1.3226643204689026e-05,-0.0010161414975300431,-0.00010302755981683731,0.00029269675724208355,0.011294056898467075,-0.004778547798750199,0.021339181831605547,3.4858472645282745e-05,-8.061528205871582e-05,0.0,-0.00018606334924697876,0.0006303580012172461,-7.301755249500275e-05,0.0009167392272502184,-0.00029534194618463516,0.0003535198047757149,-0.00742778613683448,0.0007522486184305954,-0.011394256295757965,-1.9029946997761726e-05,0.00010138750076293945,0.0
400,view,remove_recomputed_clip,train,eval,1664,scene_0006,128,0.011650732718408108,0.005988669116050005,0.028835628181695938,0.023318059742450714,0.003803715342655778,-0.0019243290880694985,0.35595721011915593,0.42084243316108244,0.848057276262521,0.0036159963347017765,0.24395745992660522,0.0,-0.00021842774003744125,-0.0002789795398712158,-0.00042928196489810944,-0.001614488661289215,-0.00012214411981403828,0.0003308468731120229,0.010223284050242754,-0.00033295694312335256,0.024594549953219413,3.989436663687229e-05,-8.888542652130127e-05,0.0,-5.438458174467087e-05,0.0005499478429555893,0.0002347175031900406,0.0012070946395397186,-0.0001863932702690363,0.00024987931828945875,-0.008657151945720976,-0.001815877059363591,-0.016639692090758662,-4.9045542255043983e-05,0.00010408461093902588,0.0
400,view,remove_recomputed_clip,train,eval,3456,scene_0013,128,0.029465554282069206,0.024914385750889778,0.06139843910932541,0.05634187534451485,0.0036597007419914007,-0.0004830359248444438,0.3903598833362511,0.448265202935178,0.8648236746985932,0.0040327697061002254,0.2436767816543579,0.0,-0.00030515156686306,-0.0002979673445224762,-0.0006867274641990662,-0.001138053834438324,3.2158568501472473e-06,0.00038093270268291235,0.00966813545600248,0.001923597392200549,0.018307351820605722,3.310432657599449e-05,-8.122622966766357e-05,0.0,0.00010253675282001495,0.0005207397043704987,0.0004770420491695404,0.0009098947048187256,-0.00020011235028505325,0.00020625756587833166,-0.0030073728423467005,0.0037371722516714723,-0.014192567957512559,-3.367755562067032e-05,9.721517562866211e-05,0.0
400,view,remove_recomputed_clip,train,eval,4992,scene_0019,128,0.010772311128675938,0.0043638828210532665,0.02759804204106331,0.01773618534207344,0.0038016659673303366,-0.001176060875877738,0.25284652397081087,0.3885579984557852,0.6574976303655902,0.004568157717585564,0.24432472884655,0.0,-0.00028772931545972824,-0.0002607577480375767,-0.00060231052339077,-0.0017589163035154343,-0.00015740166418254375,0.0003599070478230715,0.009380588692221886,0.003011058402476119,0.01920675600761035,4.983879625797272e-05,-7.11679458618164e-05,0.0,6.915070116519928e-06,0.0006825120653957129,0.0005246084183454514,0.0016533024609088898,-0.00020755664445459843,0.0002803278621286154,-0.007644643746818391,-0.002348920919078068,-0.015400899629482767,-2.5671906769275665e-05,0.00011584162712097168,0.0
400,view,remove_recomputed_clip,train,eval,6784,scene_0026,128,0.006194579880684614,-0.0033518141135573387,0.009944077581167221,-0.004720750730484724,0.0040326835587620735,-0.002562509151175618,0.5873936665947811,0.7138047757479143,0.8191161287788212,0.002870531752705574,0.24381428956985474,0.0,0.00011115707457065582,-0.00028863176703453064,0.0005320357158780098,-0.0011920135002583265,-0.00013151438906788826,0.00023224204778671265,0.017308267284090073,-0.001269955015079427,0.025682537220375057,5.283416248857975e-05,-8.657574653625488e-05,0.0,-0.0003183758817613125,0.0005470539908856153,-0.0005073370411992073,0.0009881365112960339,-0.0002094237133860588,0.0002927328459918499,-0.00978581785474475,0.0009255426313699022,-0.01478097870373074,-2.707773819565773e-05,0.00010009109973907471,0.0
400,view,remove_recomputed_clip,train,eval,8576,scene_0033,128,0.012413286603987217,0.004129241220653057,0.027951452881097794,0.01642230711877346,0.004387589171528816,-0.0022203109692782164,0.38397247666288753,0.4965599980435654,0.7818981212498611,0.00428409781306982,0.24347549676895142,0.0,-0.00016517937183380127,-0.0002775769680738449,-0.00022952072322368622,-0.0015306230634450912,-0.00013194885104894638,0.0003696396015584469,0.013031529523760244,-0.0006423163663112352,0.02660008793709856,7.239729166030884e-05,-9.708106517791748e-05,0.0,-4.0871091187000275e-05,0.0006718658842146397,0.0002784188836812973,0.0015005720779299736,-0.00020579155534505844,0.0002438272349536419,-0.008037230318166777,0.003179489785454681,-0.021093453042976495,-7.277820259332657e-05,0.00013054907321929932,0.0
400,view,remove_recomputed_clip,train,eval,10112,scene_0039,128,0.012903164140880108,0.005328681785613298,0.026598092168569565,0.015864115208387375,0.003872628789395094,-0.0016184626147150993,0.4832021307689727,0.6675916290107718,0.7258940477102224,0.003464216599240899,0.24368916451931,0.0,-7.271859794855118e-05,-0.0003499109297990799,-4.871562123298645e-05,-0.0013695880770683289,-8.8544562458992e-05,0.00032246788032352924,0.00960719696954021,-0.006156968889552417,0.02066386570440637,5.3245341405272484e-05,-7.833540439605713e-05,0.0,-0.00021303445100784302,0.0006651324220001698,-0.0001463666558265686,0.0012314440682530403,-0.0002569938078522682,0.00029170128982514143,-0.005580865403874036,0.0027036729220016875,-0.011203849040976044,-4.0343962609767914e-05,0.00011543929576873779,0.0
400,view,remove_recomputed_clip,train,eval,11904,scene_0046,128,0.008213077671825886,0.0009552325936965644,0.018318496644496918,0.007921813987195492,0.0037038964219391346,-0.0021533549297600985,0.44613427955462687,0.4854633487862476,0.9214563846992672,0.0030981418676674366,0.24414707720279694,0.0,-0.00018347706645727158,-0.0002047208254225552,-0.00028331391513347626,-0.0015038661658763885,-0.0001389270182698965,0.0003749770112335682,0.017565916554523775,0.002958793424126027,0.030330687334868656,4.7562411054968834e-05,-6.493926048278809e-05,0.0,-9.80934128165245e-05,0.0006298464140854776,0.00028001703321933746,0.001395183615386486,-0.00026681041345000267,0.00028834189288318157,-0.011467171940676979,-0.0014024879927401757,-0.020734389233790673,-4.299194552004337e-05,0.00010693073272705078,0.0
400,view,remove_recomputed_clip,train,eval,13440,scene_0052,128,0.007300413679331541,-0.00062072544824332,0.011302847415208817,0.000775029300712049,0.003967579919844866,-0.0017829722492024302,0.36289003751104926,0.4859954810767452,0.7352121676294399,0.0024332960601896048,0.2429666519165039,0.0,-9.40500758588314e-05,-0.00043169528362341225,-0.0001126481220126152,-0.001341089722700417,-7.856357842683792e-05,0.0003255592891946435,0.0048817592323569525,0.0018139862165084675,0.007286675895809558,9.40915197134018e-06,-0.00010494887828826904,0.0,-0.00014864420518279076,0.0006846791366115212,-4.596635699272156e-05,0.0011509187461342663,-0.00023414473980665207,0.0002964412560686469,-0.001634277832459896,0.00504863637929015,-0.010780737626286507,-3.46421729773283e-05,0.000125199556350708,0.0
400,view,remove_recomputed_clip,train,eval,15232,scene_0059,128,0.012291979975998402,0.006272333208471537,0.021034996956586838,0.015950435772538185,0.005697725340723991,-0.001027192804031074,0.3794252565042944,0.5594490808420707,0.6751911630782169,0.003360017901286483,0.24272722005844116,0.0,-0.0004448080435395241,-0.0004220600239932537,-0.0008029285818338394,-0.0014250632375478745,-0.000174699816852808,0.00033443677239120007,0.012950076481922979,0.00309978330576699,0.019624638212733747,2.2484222427010536e-05,-0.0001258254051208496,0.0,0.000147906132042408,0.0006497856229543686,0.000576414167881012,0.0011743148788809776,-0.0001752898097038269,0.00025416992139071226,-0.008613114109407627,0.003353127724770144,-0.019549224206981686,-4.842574708163738e-05,0.0001316070556640625,0.0
400,view,remove_recomputed_clip,train,eval,17024,scene_0066,128,0.010107878595590591,0.0032696223352104425,0.028876999393105507,0.017541464418172836,0.0033292919397354126,-0.0018847448518499732,0.2441530100825938,0.3587906315700875,0.683256420412026,0.004436807706952095,0.24535027146339417,0.0,-0.0002098623663187027,-6.970413960516453e-05,-0.00018854625523090363,-0.0011866390705108643,-0.00021755974739789963,0.00033368251752108335,0.008496468788613265,0.001052373442483323,0.020394126753509934,6.743799895048141e-05,-1.6480684280395508e-05,0.0,-2.4260953068733215e-06,0.0005646010395139456,0.0005380641669034958,0.0015067346394062042,-0.00019762804731726646,0.00022434245329350233,-0.009899406333941568,-0.002362301762609431,-0.021745093409449634,-4.239240661263466e-05,7.300078868865967e-05,0.0
400,view,remove_recomputed_clip,train,eval,18560,scene_0072,128,0.00891207717359066,-0.00010921721695922315,0.01842707395553589,0.004207043442875147,0.004157074261456728,-0.0022662170231342316,0.42093043157190124,0.6035838056650407,0.696274849698984,0.004092371091246605,0.2439226508140564,0.0,-1.8621794879436493e-05,-0.00024043033772613853,9.496696293354034e-05,-0.0013214596547186375,-7.53854401409626e-05,0.00029980135150253773,0.012356753499782658,0.0011401101651467016,0.019407148026878263,2.9542017728090286e-05,-7.560849189758301e-05,0.0,-0.0002313302829861641,0.0005449598247651011,-0.0002065468579530716,0.0010898762848228216,-0.0002437126822769642,0.0002726437523961067,-0.007167899644437814,0.0008329997040968928,-0.01299087638364338,-3.931857645511627e-05,9.927153587341309e-05,0.0
400,view,remove_recomputed_clip,train,eval,20352,scene_0079,128,0.014746628701686859,0.009980996139347553,0.024633638560771942,0.020271936431527138,0.00517312902957201,1.6371175661333837e-05,0.31949996165649086,0.32714870529781537,0.9786690100446376,0.0027770576998591423,0.242581307888031,0.0,-0.00044088345021009445,-0.0005403151735663414,-0.0008393842726945877,-0.0014107823371887207,-5.501648411154747e-05,0.00030254960620368365,0.0067259719025374864,-0.00031354257940025,0.02118407859003235,2.7617672458291054e-05,-0.00012566149234771729,0.0,0.0002519851550459862,0.0007903790101408958,0.0007100552320480347,0.00131886824965477,-0.00019155675545334816,0.0002786456116155023,-0.008658958926340277,0.0002792791718875809,-0.026825506800510324,-3.1269621104002e-05,0.00014446675777435303,0.0
400,view,remove_recomputed_clip,train,eval,21888,scene_0085,128,0.012463239021599293,0.006827109027653933,0.02100275084376335,0.014461783692240715,0.005391744431108236,0.0005049029132351279,0.5008787635183164,0.5534826527497771,0.909869781319173,0.0038511769380420446,0.2440321296453476,0.0,-0.0002667633816599846,-0.0004670126363635063,-0.0005494151264429092,-0.0014046914875507355,-3.270339220762253e-05,0.0003094717540079728,0.01892840365639803,0.0030411480390621914,0.02903569714650478,5.498644895851612e-05,-9.340047836303711e-05,0.0,5.412474274635315e-05,0.0007406817749142647,0.00036560744047164917,0.0012601595371961594,-0.0002038097009062767,0.00031050705001689494,-0.011323181883259648,-0.0010436716145758584,-0.018474087391444516,-3.6008190363645554e-05,0.00011798739433288574,0.0
400,view,remove_recomputed_clip,train,eval,23680,scene_0092,128,0.006136519834399223,-0.0003190703282598406,0.012529583647847176,0.0040299976244568825,0.003683048067614436,-0.001988116418942809,0.4809209034157983,0.5149524346789444,0.9302983269950522,0.004286196548491716,0.24457068741321564,0.0,-0.00012542400509119034,-0.00015351627371273935,-3.621261566877365e-05,-0.0013350998051464558,-0.0001596601214259863,0.0002999412827193737,0.010850740295086092,-0.001704352714782531,0.024308554100802793,2.933712676167488e-05,-5.002319812774658e-05,0.0,-0.00012736627832055092,0.000449974526418373,7.966998964548111e-05,0.0009669933933764696,-0.00020681996829807758,0.000251558143645525,-0.005214791527188789,0.0020714267938481967,-0.01401930084152514,-4.010787233710289e-05,7.37607479095459e-05,0.0
400,view,remove_recomputed_clip,train,eval,25472,scene_0099,128,0.011775382794439793,0.0020991507917642593,0.022871006280183792,0.007964716292917728,0.0047280811704695225,-0.0016263179713860154,0.28677533733168536,0.3681691154867171,0.7789340105055732,0.003973938524723053,0.24339310824871063,0.0,-1.2053176760673523e-05,-0.00044793286360800266,3.861449658870697e-05,-0.001546633429825306,-4.423502832651138e-05,0.0002498981775715947,0.011490120034443774,0.004325252255236556,0.022333181919204304,4.1340943425893784e-05,-0.00010694563388824463,0.0,-0.00020688027143478394,0.0007394131971523166,-0.00015280023217201233,0.0014000250957906246,-0.00024122931063175201,0.00031983049120754004,-0.00618322776837954,-0.0006494700142595788,-0.015415938015169495,-3.9025209844112396e-05,0.0001331418752670288,0.0
400,view,remove_recomputed_clip,validation_test_seen,eval,128,scene_0100,128,0.004789524246007204,-0.002441409509629011,0.008001552894711494,-0.0045861247926950455,0.003488851012662053,-0.001572932698763907,0.5544371711510877,0.5518372564860796,1.003177390385919,0.002440338721498847,0.24448107182979584,0.0,0.00010076677426695824,-7.64266587793827e-05,0.0004893224686384201,-0.001066344790160656,-5.657435394823551e-05,0.0003244283143430948,0.013856424409302903,0.0023907690023031725,0.020601293175779523,3.144168294966221e-05,-4.287064075469971e-05,0.0,-0.00029539456591010094,0.0004509303253144026,-0.0005224784836173058,0.0009241048246622086,-0.000203440198674798,0.000259323394857347,-0.00994156632636034,-0.0015163926222322432,-0.015087798357942495,-2.918671816587448e-05,7.738173007965088e-05,0.0
400,view,remove_recomputed_clip,validation_test_seen,eval,384,scene_0101,128,0.005654155742377043,-0.002576208906248212,0.010465809144079685,-0.005524395499378443,0.0032741506583988667,-0.0011179374996572733,0.6491652834953966,0.5984898281608346,1.075270155517724,0.002445646096020937,0.24411961436271667,0.0,0.00013137934729456902,-0.00016495771706104279,0.0003200322389602661,-0.0010802964679896832,3.8063619285821915e-05,0.0002877990482375026,0.010857917438872766,0.0006637148006091165,0.016929492275679747,3.325566649436951e-05,-6.936490535736084e-05,0.0,-0.00021090684458613396,0.0004135842900723219,-0.00034629274159669876,0.000809825025498867,-0.00014394125901162624,0.0002175898989662528,-0.0060151661413004875,0.00209719452752144,-0.013733330563363566,-3.3359741792082787e-05,7.638335227966309e-05,0.0
400,view,remove_recomputed_clip,validation_test_seen,eval,640,scene_0102,128,0.007817513309419155,0.0015448956983163953,0.022092511877417564,0.010223649442195892,0.0032849563285708427,-0.0012107572983950377,0.3548815045010315,0.44899087994976306,0.7900359945867615,0.0037619175855070353,0.24495182931423187,0.0,5.2572693675756454e-05,-5.370820872485638e-05,0.00017812103033065796,-0.001188395544886589,1.270766369998455e-05,0.0003065745113417506,0.012879305775836403,0.002382662113943834,0.024315239603071692,5.810963921248913e-05,-3.714859485626221e-05,0.0,-0.00019359774887561798,0.0003804245498031378,-0.00020825117826461792,0.0009230067953467369,-0.00018894579261541367,0.00020814500749111176,-0.005681178054751157,-0.001323216655435444,-0.010172653949345745,-3.1986040994524956e-05,6.628036499023438e-05,0.0
400,view,remove_recomputed_clip,validation_test_seen,eval,896,scene_0103,128,0.007029529195278883,-0.0011757956817746162,0.015895389020442963,-0.0004098199715372175,0.0037394342944025993,-0.0014600472059100866,0.4704039953613004,0.6130611930621674,0.7702064076834908,0.00453310739248991,0.24442586302757263,0.0,-1.985393464565277e-05,-0.00011875096242874861,0.0003622584044933319,-0.0013424366770777851,-0.0001616557128727436,0.0003353552892804146,0.017911049198512163,0.00299450760013964,0.02521382028842123,4.667183384299278e-05,-4.856288433074951e-05,0.0,-0.00023304251953959465,0.0004813342820852995,-0.00035646557807922363,0.0011558931146282703,-0.0001872396096587181,0.0002310069976374507,-0.006366193486260385,0.0008112199345948756,-0.011352769638828364,-5.0162430852651596e-05,8.228421211242676e-05,0.0
400,view,remove_recomputed_clip,validation_test_seen,eval,1152,scene_0104,128,0.005591360852122307,-0.004237535875290632,0.011909197084605694,-0.009849241934716702,0.0033552346285432577,-0.002251337980851531,0.4878057298667874,0.5596849014528675,0.8677215070142161,0.0028080339543521404,0.24451103806495667,0.0,0.00016424711793661118,-0.0001208968460559845,0.0008597541600465775,-0.0014111986383795738,-8.192053064703941e-05,0.00033578998409211636,0.0052595747658918945,-0.005523894530594209,0.017640844067040806,4.915893077850342e-05,-4.331767559051514e-05,0.0,-0.0003932071849703789,0.0005135964602231979,-0.0007832581177353859,0.0011398149654269218,-0.000255154212936759,0.0002919530961662531,-0.0043296124290879145,7.277915687586844e-05,-0.007821564030240369,-3.307522274553776e-05,8.29845666885376e-05,0.0
400,view,remove_recomputed_clip,validation_test_seen,eval,1408,scene_0105,128,0.008154896087944508,-0.0014273448614403605,0.01721000298857689,0.004917573183774948,0.004736623261123896,-0.0038225294556468725,0.5013829489560383,0.6214622390634189,0.8088399725145701,0.003604504745453596,0.24445302784442902,0.0,-0.000147341750562191,-0.00015580421313643456,0.00011847540736198425,-0.001345356460660696,-0.00024768756702542305,0.0002932471688836813,0.013921667804743687,-0.0001373851694785877,0.02235304615731437,4.205899313092232e-05,-4.6834349632263184e-05,0.0,-0.00020469631999731064,0.0005351697327569127,-0.0001316368579864502,0.001257193274796009,-0.00023227883502840996,0.0002626085188239813,-0.007411379113744565,0.00015232095167194704,-0.012025056249756139,-3.5060103982686996e-05,8.86768102645874e-05,0.0
400,view,remove_recomputed_clip,validation_test_seen,eval,1664,scene_0106,128,0.009082568809390068,0.0019337484845891595,0.013460843823850155,0.00517092552036047,0.004874092526733875,-0.0011778841726481915,0.6172669342022521,0.6327665756940901,0.9645222113669879,0.002365760039538145,0.24267274141311646,0.0,-0.00019861012697219849,-0.0005159490974619985,-0.0005298135802149773,-0.0014049755409359932,0.00011974712833762169,0.0003385987365618348,0.01736371702284667,-0.0007873955541675137,0.02863056551904475,4.7422945499420166e-05,-0.00013455748558044434,0.0,8.628051728010178e-05,0.0007307121995836496,0.00035242363810539246,0.0012013912200927734,-0.00016954168677330017,0.0002782869851216674,-0.008846382189322988,-0.0008048757897096692,-0.01286312754477259,-2.13508028537035e-05,0.0001363307237625122,0.0
400,view,remove_recomputed_clip,validation_test_seen,eval,1920,scene_0107,128,0.01663433201611042,0.011554298922419548,0.04346884787082672,0.036821767687797546,0.0033844318240880966,-0.0009218488121405244,0.3302323500622567,0.4477579162317624,0.7435401022069034,0.004185197409242392,0.2443760633468628,0.0,-0.00019681081175804138,-0.00023689493536949158,-0.0005883872509002686,-0.001401454210281372,-3.4600961953401566e-06,0.0003381262067705393,0.010170338121305134,-0.0016603983750459461,0.0244205767839909,6.492109969258308e-05,-5.990266799926758e-05,0.0,6.295926868915558e-05,0.000557941384613514,0.000570293515920639,0.00121239572763443,-0.00018754438497126102,0.00023479829542338848,-0.006100186985550704,0.0006612902315141223,-0.014648779922439958,-5.1451846957206726e-05,9.25213098526001e-05,0.0
400,view,remove_recomputed_clip,validation_test_seen,eval,2176,scene_0108,128,0.008347922004759312,-0.00021712781745009124,0.013564771972596645,0.001040013856254518,0.004717279691249132,-0.0010920291533693671,0.4430456014682217,0.4534126751611352,0.986398629017605,0.0033358074724674225,0.2433866262435913,0.0,0.00015421025454998016,-0.00042160379234701395,0.00025627855211496353,-0.0014714411227032542,8.317455649375916e-05,0.00030902563594281673,0.012925143290111185,0.004900546842587172,0.017889145930904515,5.331449210643768e-05,-0.00011263787746429443,0.0,-0.00021594110876321793,0.0006603534275200218,-0.0002660490572452545,0.0012440020800568163,-0.00018106726929545403,0.00025416596326977015,-0.007694020866916396,0.0004081094993482748,-0.017702051399731022,-4.90434467792511e-05,0.00011807680130004883,0.0
400,view,remove_recomputed_clip,validation_test_seen,eval,2432,scene_0109,128,0.01649114489555359,0.008537421934306622,0.029591208323836327,0.01852317713201046,0.005735271610319614,0.0003385647723916918,0.3604929908703504,0.5076955606660853,0.7034978918219073,0.0035632760263979435,0.2437821328639984,0.0,3.573857247829437e-05,-0.00029906444251537323,-3.923475742340088e-05,-0.0010409951210021973,9.729713201522827e-05,0.00031010086604510434,0.006962370159767917,-0.0030419613319616623,0.017769335963720656,1.5766127035021782e-05,-7.680058479309082e-05,0.0,-0.00010346807539463043,0.0005765268579125404,-2.7097761631011963e-05,0.0009335111826658249,-0.0001661675050854683,0.000283421300991904,-0.0034538625503260367,0.0033634526358673478,-0.011569722330304844,-2.6739435270428658e-05,9.849667549133301e-05,0.0
400,view,remove_recomputed_clip,validation_test_seen,eval,2688,scene_0110,128,0.009547503665089607,0.0024247602559626102,0.019418884068727493,0.008892914280295372,0.00438581733033061,-0.0009573997231200337,0.37204877610302867,0.43675000726122803,0.8593950751933165,0.0033702231012284756,0.2442086786031723,0.0,3.488827496767044e-05,-0.00030451081693172455,3.4419819712638855e-05,-0.001495608128607273,3.5132747143507004e-05,0.00031830568332225084,0.016088743074445022,0.004926001092803556,0.02615523902024197,4.1203573346138e-05,-7.905066013336182e-05,0.0,-0.00015732739120721817,0.00054536247625947,-0.0001031775027513504,0.001116091851145029,-0.00018564099445939064,0.000246930168941617,-0.0066150278449954025,0.0002916661675249621,-0.015346336294663199,-4.200683906674385e-05,9.146332740783691e-05,0.0
400,view,remove_recomputed_clip,validation_test_seen,eval,2944,scene_0111,128,0.008326999843120575,0.0030456557869911194,0.014078752137720585,0.00823892094194889,0.004067575559020042,-0.0008001834503374994,0.33428929342264,0.42737502796813454,0.7802585280910697,0.002823689952492714,0.24410128593444824,0.0,-0.0001082373782992363,-0.0003471681848168373,-0.00037909578531980515,-0.00117594376206398,9.234482422471046e-05,0.00026657729176804423,0.009304808936624664,0.0029989824053212044,0.01610426390711428,2.487259916961193e-05,-7.094442844390869e-05,0.0,1.5311874449253082e-05,0.00059701525606215,0.0003073494881391525,0.0009901183657348156,-0.00020095519721508026,0.00030590599635615945,-0.0034393847313983206,0.0016210077476786489,-0.010847881334817178,-3.109639510512352e-05,9.082257747650146e-05,0.0
400,view,remove_recomputed_clip,validation_test_seen,eval,3200,scene_0112,128,0.007042867597192526,-0.0006754887290298939,0.010027427226305008,-0.0016141660744324327,0.005499193910509348,-0.00018998591986019164,0.47297559169585157,0.6189675426422174,0.7642797039301986,0.003537186421453953,0.24400848150253296,0.0,0.00011125486344099045,-0.0001661860733292997,7.638800889253616e-05,-0.0011386060796212405,0.0001292903907597065,0.00033676902239676565,0.011593938174532858,-0.001025741258166013,0.01982987574001105,4.9302587285637856e-05,-6.526708602905273e-05,0.0,-0.00018017180263996124,0.0005026267608627677,-0.00020777899771928787,0.0009583347709849477,-0.0001658918336033821,0.0002669253008207306,-0.0060443706567892,0.000736967337063188,-0.010636508763214758,-3.3671269193291664e-05,8.866190910339355e-05,0.0
400,view,remove_recomputed_clip,validation_test_seen,eval,3456,scene_0113,128,0.008894719183444977,-0.00039282883517444134,0.019761675968766212,0.0010231625055894256,0.003414368024095893,-0.0011069318279623985,0.31831713516286275,0.3702441497307255,0.858695150305451,0.004656752571463585,0.2438286989927292,0.0,2.968963235616684e-05,-0.0003727216953848256,0.00020303204655647278,-0.001754296594299376,-5.772663280367851e-05,0.0003240257501602173,0.01198253532009358,0.0011402681875246623,0.029843233136775504,0.00011701975017786026,-9.295344352722168e-05,0.0,-0.00017352495342493057,0.0007100906223058701,-9.108893573284149e-05,0.0015799646498635411,-0.0002150977961719036,0.00027140171732753515,-0.008441257965539017,0.0007550972573786008,-0.024669769205961867,-9.194808080792427e-05,0.0001253187656402588,0.0
400,view,remove_recomputed_clip,validation_test_seen,eval,3712,scene_0114,128,0.01094905473291874,0.0024979168083518744,0.027276257053017616,0.013441164046525955,0.004115958232432604,-0.0020819406490772963,0.3628805655199457,0.5193363922826643,0.6996050263434335,0.004202591255307198,0.2443774938583374,0.0,-0.0001384122297167778,-0.00017805024981498718,-0.0002952292561531067,-0.0014075497165322304,-7.278146222233772e-05,0.00033650663681328297,0.01242964367514321,0.004432718463350804,0.017889699129543857,6.050337105989456e-06,-6.559491157531738e-05,0.0,-7.088202983140945e-05,0.0005764812231063843,0.0003075990825891495,0.001290581189095974,-0.00022927997633814812,0.0002776228357106447,-0.006435930442117377,8.572130125727995e-07,-0.012242049215335338,-2.174917608499527e-05,9.770691394805908e-05,0.0
400,view,remove_recomputed_clip,validation_test_seen,eval,3968,scene_0115,128,0.013808422721922398,0.006234631408005953,0.045164406299591064,0.029378244653344154,0.0030891355127096176,-0.0016771944938227534,0.18562281173013473,0.3401765715379011,0.5465305598369301,0.0038545632269233465,0.24495361745357513,0.0,-4.341639578342438e-05,-4.971213638782501e-05,0.0001681409776210785,-0.0012249182909727097,-0.00011573638767004013,0.0003520400496199727,0.00015331210148253338,-0.0016578650225357316,0.002944470502566854,2.0824838429689407e-05,-2.1725893020629883e-05,0.0,-0.00014086905866861343,0.0004540081135928631,8.306652307510376e-05,0.001075509935617447,-0.00021742191165685654,0.0002415417693555355,-0.0024099762480284392,0.0003188730054266564,-0.007480711288295194,-1.8764985725283623e-05,6.714463233947754e-05,0.0
400,view,remove_recomputed_clip,validation_test_seen,eval,4224,scene_0116,128,0.01679651066660881,0.01117622759193182,0.03946629539132118,0.03295760974287987,0.004952374845743179,-0.00020375046005938202,0.26810343954484067,0.3163916253291898,0.8488674665033256,0.004279010929167271,0.24374204874038696,0.0,-0.00023045018315315247,-0.0003595864400267601,-0.0007386468350887299,-0.0017000660300254822,3.506382927298546e-05,0.00034076317388098687,0.010420658384479975,0.0023577379518107122,0.027608975094633226,7.290998473763466e-05,-9.499490261077881e-05,0.0,0.00010052695870399475,0.0007026931270956993,0.0006815791130065918,0.0015486925840377808,-0.00020305439829826355,0.00026068642910104245,-0.007209780890809203,0.0005729129339639427,-0.024694553561264265,-6.84000551700592e-05,0.000125885009765625,0.0
400,view,remove_recomputed_clip,validation_test_seen,eval,4480,scene_0117,128,0.006060807500034571,-1.7195066902786493e-05,0.013237652368843555,0.0024549488443881273,0.003419791581109166,-0.000926922366488725,0.7318402667480068,0.6369864121068437,1.139881919056451,0.0029037180356681347,0.24449647963047028,0.0,-9.567476809024811e-05,-2.0189284896332538e-05,-0.00023159757256507874,-0.001051975879818201,-4.56562265753746e-05,0.00035949895391240716,0.01485863412948718,0.0027772373881999046,0.01884794221043573,1.1835712939500809e-05,-3.55839729309082e-05,0.0,-0.0001224800944328308,0.0004206490993965417,0.00013858452439308167,0.0009140988113358617,-0.00021854927763342857,0.00023906369460746646,-0.006335986776371816,0.0011307906367795661,-0.012054705511302943,-2.9787886887788773e-05,7.514655590057373e-05,0.0
400,view,remove_recomputed_clip,validation_test_seen,eval,4736,scene_0118,128,0.0052949413657188416,-0.0008013640763238072,0.009321379475295544,-0.0009129063691943884,0.003354548942297697,-0.0007476104074157774,0.5432918216181662,0.5134153783985173,1.037094919534492,0.002800642279908061,0.24387748539447784,0.0,6.092572584748268e-05,-0.00014799553900957108,0.00012913811951875687,-0.0011463631090009585,2.8054462745785713e-05,0.0003331308835186064,0.008711393034154913,-0.0024713413685284458,0.022518679850454415,4.550674930214882e-05,-7.301568984985352e-05,0.0,-0.0001591457985341549,0.0004299099091440439,-0.000128159299492836,0.0008582377340644598,-0.0001740774605423212,0.0002234930288977921,-0.005892360802124741,0.001273832377335804,-0.014102486242046464,-3.7007033824920654e-05,8.310377597808838e-05,0.0
400,view,remove_recomputed_clip,validation_test_seen,eval,4992,scene_0119,128,0.010550521314144135,0.00488595524802804,0.022142319008708,0.01347910426557064,0.004246036522090435,0.00021235713211353868,0.26563550359143345,0.3233295555573152,0.8302684789463644,0.004045379348099232,0.24406126141548157,0.0,-9.257998317480087e-05,-0.00038911309093236923,-0.0004334505647420883,-0.0016753235831856728,9.281374514102936e-05,0.0003104246570728719,0.006474772700172382,-0.002474416149271186,0.025431108848031014,9.137438610196114e-05,-9.419023990631104e-05,0.0,1.6712583601474762e-05,0.0006984155625104904,0.0002936907112598419,0.001515112817287445,-0.00013392791152000427,0.0002542340625950601,-0.004887125563809824,0.0033102760967369527,-0.023205577924950926,-7.650675252079964e-05,0.00011576712131500244,0.0
400,view,remove_recomputed_clip,validation_test_seen,eval,5248,scene_0120,128,0.006670263130217791,0.0009735978092066944,0.01450594887137413,0.003794430522248149,0.003148377174511552,-0.0002942742721643299,0.5410180131259735,0.5166352248383844,1.0426512868123348,0.0041305008344352245,0.2444363236427307,0.0,-3.959564492106438e-05,-0.00017177447443827987,-0.0001619495451450348,-0.0013381193857640028,1.539778895676136e-05,0.0003524594067130238,0.015464466678302036,-0.00019004286802903891,0.030171313431777147,4.441430792212486e-05,-5.1349401473999023e-05,0.0,-0.00012377463281154633,0.0005149926000740379,-1.4346092939376831e-05,0.0011317438911646605,-0.00017295870929956436,0.00023778292234055698,-0.009424522789178491,0.001296799262953452,-0.020810002223310198,-5.757901817560196e-05,8.437037467956543e-05,0.0
400,view,remove_recomputed_clip,validation_test_seen,eval,5504,scene_0121,128,0.008359285071492195,0.0025593473110347986,0.017379162833094597,0.010260572656989098,0.0036600532475858927,-0.0014528852188959718,0.44848926535440303,0.4611582761870681,0.9775348440594949,0.00361225800588727,0.24416649341583252,0.0,-0.00016190670430660248,-0.00030418788082897663,-0.0003801044076681137,-0.0014340626075863838,-4.822714254260063e-05,0.0002844613045454025,0.015952332242627987,0.0029328389329114635,0.02822282813657473,5.526607856154442e-05,-7.240474224090576e-05,0.0,-5.399342626333237e-05,0.0006058609578758478,0.00021790526807308197,0.0012018047273159027,-0.0001956482883542776,0.00029538245871663094,-0.009440376786539695,-0.0002217519140763069,-0.019856522462621595,-4.870281554758549e-05,0.00010190904140472412,0.0
400,view,remove_recomputed_clip,validation_test_seen,eval,5760,scene_0122,128,0.007585075683891773,0.003687049960717559,0.012641622684895992,0.00862879492342472,0.004348392598330975,0.000523851253092289,0.46453872778795174,0.6211066133164431,0.7456170878417426,0.0022919001057744026,0.24315814673900604,0.0,-0.00023561343550682068,-0.0002157050184905529,-0.0007609082385897636,-0.001120694912970066,0.00010062521323561668,0.00036357558565214276,0.008770880418212779,0.0022502677864494336,0.011516534161966407,-4.926696419715881e-07,-9.219348430633545e-05,0.0,0.0001421854831278324,0.0004657378885895014,0.0005335211753845215,0.0008517010137438774,-0.00010830722749233246,0.00021868382464163005,-0.0060949289878154955,-0.00015921537990770673,-0.009635081673128765,-9.493669494986534e-06,9.176135063171387e-05,0.0
400,view,remove_recomputed_clip,validation_test_seen,eval,6016,scene_0123,128,0.015021362341940403,0.008351480588316917,0.03404875844717026,0.02346157096326351,0.004286297131329775,-0.00017348010442219675,0.3921716750773882,0.6165810284979176,0.6318568789101144,0.00449266517534852,0.243939608335495,0.0,4.924926906824112e-05,-0.00020422879606485367,-0.00011827424168586731,-0.0012039784342050552,0.00014376454055309296,0.0003598200564738363,0.00970561404595155,-0.0005026898691912196,0.016378039423899038,1.0931398719549179e-05,-6.73532485961914e-05,0.0,-0.0001314319670200348,0.0004845792427659035,1.1645257472991943e-05,0.0009219665080308914,-0.00021215574815869331,0.00023780978517606854,-0.004247011289253977,0.00299789617861157,-0.010115887380199307,-2.743210643529892e-05,8.806586265563965e-05,0.0
400,view,remove_recomputed_clip,validation_test_seen,eval,6272,scene_0124,128,0.008389068767428398,0.0019400286255404353,0.016117651015520096,0.007463744841516018,0.004050149582326412,-0.0011610528454184532,0.31328583257224624,0.40840424293417577,0.7902793092549072,0.003635664936155081,0.24426083266735077,0.0,-3.7270598113536835e-05,-0.00028498366009444,-0.00025521405041217804,-0.0013279765844345093,8.508656173944473e-05,0.00030056515242904425,0.010175972825231305,0.00040534632159017203,0.023944462324775095,7.853214628994465e-05,-6.656348705291748e-05,0.0,-9.070616215467453e-05,0.0005432829493656754,8.771754801273346e-05,0.0010418645106256008,-0.00019087456166744232,0.0002633734839037061,-0.005747740307736615,0.0005153047614829265,-0.014891282967160024,-5.473056808114052e-05,8.949637413024902e-05,0.0
400,view,remove_recomputed_clip,validation_test_seen,eval,6528,scene_0125,128,0.019504621624946594,0.013958968222141266,0.0541243813931942,0.04643947631120682,0.004305606707930565,-0.0003008568601217121,0.25926053538644206,0.386119507401249,0.667325000078507,0.004823740106076002,0.24430833756923676,0.0,-0.0002102181315422058,-0.00020909961313009262,-0.0006838329136371613,-0.0013659782707691193,-2.2882595658302307e-06,0.00029880544752813876,0.0052341927831937585,-0.0005757583956713663,0.014521554877953036,6.668688729405403e-05,-5.294382572174072e-05,0.0,6.127730011940002e-05,0.0006189523264765739,0.000741228461265564,0.0013832449913024902,-0.00023723673075437546,0.00028340789140202105,-0.004381415899628871,0.0005971995861889234,-0.012369953178433812,-5.1954761147499084e-05,0.00010405480861663818,0.0
400,view,remove_recomputed_clip,validation_test_seen,eval,6784,scene_0126,128,0.006295628380030394,-0.0023127980530261993,0.013335100375115871,-0.003993701189756393,0.0032562564592808485,-0.0015870489878579974,0.5450643937292973,0.526747444149086,1.0496834260106225,0.003547565545886755,0.24424144625663757,0.0,0.0001626661978662014,-0.00013003614731132984,0.0006181448698043823,-0.0012514442205429077,-3.399350680410862e-05,0.00035414518788456917,0.018335653996861767,0.001486596728625833,0.03161070276320466,8.020224049687386e-05,-5.233287811279297e-05,0.0,-0.0003296956419944763,0.0005884759593755007,-0.0005743168294429779,0.001331978477537632,-0.00022407760843634605,0.00026746001094579697,-0.014349158165853804,-0.002547766796627049,-0.021758639562658333,-5.362904630601406e-05,0.00010176002979278564,0.0
400,view,remove_recomputed_clip,validation_test_seen,eval,7040,scene_0127,128,0.007299330551177263,0.0006616846658289433,0.020232606679201126,0.008788015693426132,0.0037923152558505535,-0.0015418686671182513,0.4775657745362396,0.47822702000655865,0.9963859393309416,0.004364479798823595,0.24481050670146942,0.0,-6.980914622545242e-05,-7.037381874397397e-05,-0.00016931071877479553,-0.001688377931714058,-4.282849840819836e-05,0.00036836706567555666,0.01826656074751226,0.0030587951169472327,0.03132516760948245,8.820183575153351e-05,-4.659593105316162e-05,0.0,-0.00013999734073877335,0.0005397498171078041,0.00017331913113594055,0.0016031702980399132,-0.000224958173930645,0.00025139038916677237,-0.01165572988646646,0.00025793131176260475,-0.0242189586596695,-8.060084655880928e-05,8.594989776611328e-05,0.0
400,view,remove_recomputed_clip,validation_test_seen,eval,7296,scene_0128,128,0.008965595625340939,0.0017413371242582798,0.019884705543518066,0.009166080504655838,0.004156800918281078,-0.0015285327099263668,0.3959105858238781,0.3992496489060125,0.9918970554757179,0.0033767707645893097,0.24424567818641663,0.0,-4.665739834308624e-05,-0.00013239728286862373,-0.00020449236035346985,-0.001327945850789547,2.2852327674627304e-05,0.000394123955629766,0.012052415903134217,-0.0019078558591852368,0.03435494354203561,7.537100464105606e-05,-6.361305713653564e-05,0.0,-6.158184260129929e-05,0.0005401612725108862,0.00024023093283176422,0.001242421567440033,-0.00019450020045042038,0.00023088394664227962,-0.011962378839319554,-0.00233177245634969,-0.0238976003303063,-5.408609285950661e-05,9.585916996002197e-05,0.0
400,view,remove_recomputed_clip,validation_test_seen,eval,7552,scene_0129,128,0.006491382140666246,-0.003375516040250659,0.011674073524773121,-0.007293289992958307,0.004301181994378567,-0.0017198696732521057,0.783756289602276,0.6191606340737155,1.2603436018572503,0.002350027207285166,0.24403958022594452,0.0,0.00018267333507537842,-2.8391368687152863e-05,0.00041366182267665863,-0.0010295589454472065,8.505629375576973e-05,0.00039469986222684383,0.013991610732073334,-0.0001882140065926352,0.022786070298124628,4.181964322924614e-05,-5.9291720390319824e-05,0.0,-0.00029771775007247925,0.0004988647997379303,-0.0005177585408091545,0.0010959277860820293,-0.0002047298476099968,0.00024654646404087543,-0.012719220088883265,0.001999851514908668,-0.024513742612655598,-6.24160747975111e-05,9.620189666748047e-05,0.0
400,view,remove_recomputed_clip,validation_test_seen,eval,192,scene_0100,192,0.008471999317407608,-0.0009063774487003684,0.012564379721879959,-0.0050820112228393555,0.0069333515129983425,0.0006635719910264015,0.5674674192950835,0.5441864166130873,0.9856685378115247,0.003143624635413289,0.2399965077638626,0.0,0.0004877764731645584,0.00019033753778785467,0.00045684538781642914,-0.0013359233271330595,0.0004994063638150692,0.0007641789998160675,0.016406153454778916,0.0023110300879249923,0.026237616470237812,4.221359267830849e-05,-0.0001538097858428955,0.0,-0.00035738758742809296,0.0004852985730394721,-0.0004854844883084297,0.0010889405384659767,-0.0003092261031270027,0.00025834148982539773,-0.007475296348160021,-0.000865582650574126,-0.012280387449988384,-2.9653776437044144e-05,0.00012017786502838135,0.0
400,view,remove_recomputed_clip,validation_test_seen,eval,7616,scene_0129,192,0.008752209134399891,-0.004087104462087154,0.014805295504629612,-0.011052886955440044,0.006286002229899168,-0.0012490376830101013,0.8608801699420626,0.5607106508828971,1.4776375055713822,0.0031792938243597746,0.24006082117557526,0.0,0.00033531058579683304,2.9412563890218735e-05,0.0007054125890135765,-0.001194770447909832,0.0001845196820795536,0.0005281809717416763,0.017697920179255644,-0.0013914378912355252,0.035381634247428684,9.529665112495422e-05,-0.0001172870397567749,0.0,-0.0004935981705784798,0.0006304839625954628,-0.0008489033207297325,0.001308578997850418,-0.00034883664920926094,0.0003542079357430339,-0.011727009860593718,0.0012484331454046815,-0.024668013181194492,-7.701152935624123e-05,0.0001281648874282837,0.0
